Year_N,Age_of_Driver_N,Age_of_Vehicle_N,Accident_Area_Type_C,On_road_object_hit_C,Off_road_object_hit _C,Junction_Location_C,Car_Make_C,Driver_Sex_C,Vehicle_Manoeuvre_C,Vehicle_Type_C,Point_of_Impact_C,Cost_of_Incident_N,Weeks_to_Repair_N
2005,35,1,Urban area,Other object,Other permanent object,Not at or within 20 metres of junction,HONDA,Male,Overtaking - nearside,Car,Offside,799,11
2005,35,6,Urban area,Kerb,Other permanent object,Not at or within 20 metres of junction,PEUGEOT,Male,Going ahead left-hand bend,Car,Offside,240,6
2005,70,3,Urban area,Kerb,Near/Offside crash barrier,Not at or within 20 metres of junction,FIAT,Female,Going ahead right-hand bend,Car,Front,536,9
2005,35,3,Urban area,Kerb,Other permanent object,Not at or within 20 metres of junction,RENAULT,Male,Going ahead left-hand bend,Car,Front,737,12
2005,65,7,Small town,Kerb,Other permanent object,Not at or within 20 metres of junction,VOLVO,Female,Going ahead left-hand bend,Car,Nearside,158,7
2005,33,3,Urban area,Central island of roundabout,Near/Offside crash barrier,Entering roundabout,RENAULT,Male,Going ahead right-hand bend,Car,Front,663,6
2005,19,5,Urban area,Central island of roundabout,Other permanent object,Leaving roundabout,HYUNDAI,Male,Going ahead right-hand bend,Car,Front,592,0
2005,18,7,Urban area,Other object,Road sign or traffic signal,Approaching junction or waiting/parked at junction approach,NISSAN,Male,Going ahead other,Taxi/Private hire car,Front,512,10
2005,45,9,Urban area,Kerb,Near/Offside crash barrier,Not at or within 20 metres of junction,CITROEN,Male,Going ahead other,Car,Front,677,8
2005,69,3,Urban area,Parked vehicle,Other permanent object,Approaching junction or waiting/parked at junction approach,HONDA,Male,Going ahead left-hand bend,Car,Front,535,7
2005,46,4,Urban area,Any animal (except ridden horse),Other permanent object,Mid Junction - on roundabout or on main road,ROVER,Male,Reversing,Car,Back,236,9
2005,57,4,Urban area,Kerb,Lamp post,Approaching junction or waiting/parked at junction approach,ROVER,Female,Changing lane to left,Car,Nearside,576,5
2005,17,1,Urban area,Central island of roundabout,Other permanent object,Entering roundabout,RENAULT,Male,Going ahead other,Car,Front,123,0
2005,35,7,Urban area,Kerb,Near/Offside crash barrier,Not at or within 20 metres of junction,FORD,Male,Going ahead left-hand bend,Car,Front,186,10
2005,30,3,Urban area,Kerb,Tree,Not at or within 20 metres of junction,RENAULT,Male,Going ahead other,Car,Offside,625,1
2005,80,1,Urban area,Other object,Road sign or traffic signal,Approaching junction or waiting/parked at junction approach,FORD,Male,Going ahead left-hand bend,Car,Front,484,4
2005,17,9,Rural,Bollard or refuge,Near/Offside crash barrier,Not at or within 20 metres of junction,FORD,Female,Going ahead other,Car,Front,390,11
2005,65,4,Urban area,Kerb,Tree,Not at or within 20 metres of junction,NISSAN,Male,Going ahead other,Car,Offside,494,4
2005,55,1,Urban area,Kerb,Other permanent object,Cleared junction or waiting/parked at junction exit,BMW,Male,Turning right,Car,Front,524,11
2005,45,2,Small town,Other object,Other permanent object,Not at or within 20 metres of junction,HONDA,Male,Going ahead right-hand bend,Motorcycle ,Nearside,688,3
2005,66,11,Urban area,Other object,Near/Offside crash barrier,Not at or within 20 metres of junction,RENAULT,Female,Going ahead other,Car,Front,534,10
2006,21,4,Urban area,Kerb,Other permanent object,Not at or within 20 metres of junction,MINI,Female,Going ahead other,Car,Front,623,12
2006,31,34,Urban area,Kerb,Other permanent object,Mid Junction - on roundabout or on main road,CITROEN,Male,Going ahead other,Car,Nearside,249,0
2006,21,9,Urban area,Kerb,Other permanent object,Not at or within 20 metres of junction,MERCEDES,Male,Going ahead other,Car,Offside,681,6
2006,50,9,Urban area,Kerb,Other permanent object,Not at or within 20 metres of junction,RENAULT,Male,Going ahead other,Car,Front,296,12
2006,40,3,Urban area,Kerb,Tree,Mid Junction - on roundabout or on main road,SUZUKI,Male,Going ahead other,Motorcycle ,Front,394,2
2006,61,4,Urban area,Kerb,Road sign or traffic signal,Cleared junction or waiting/parked at junction exit,TOYOTA,Male,Going ahead other,Car,Front,440,5
2006,50,3,Urban area,Kerb,Near/Offside crash barrier,Mid Junction - on roundabout or on main road,MERCEDES,Male,Going ahead other,Van / Goods ,Front,562,10
2006,22,2,Urban area,Bollard or refuge,Lamp post,Not at or within 20 metres of junction,BMW,Male,Going ahead other,Car,Front,260,4
2006,33,2,Urban area,Kerb,Other permanent object,Cleared junction or waiting/parked at junction exit,PEUGEOT,Female,Changing lane to right,Car,Back,160,2
2006,47,10,Urban area,Kerb,Other permanent object,Not at or within 20 metres of junction,MERCEDES,Male,Going ahead left-hand bend,Car,Front,172,3
2006,65,3,Urban area,Kerb,Other permanent object,Approaching junction or waiting/parked at junction approach,HONDA,Male,Going ahead other,Motorcycle ,Front,717,2
2006,30,17,Urban area,Kerb,Other permanent object,Cleared junction or waiting/parked at junction exit,PEUGEOT,Female,Going ahead other,Car,Nearside,232,2
2006,59,11,Urban area,Kerb,Near/Offside crash barrier,Not at or within 20 metres of junction,VOLVO,Male,Going ahead other,Car,Nearside,151,5
2006,65,6,Urban area,Kerb,Near/Offside crash barrier,Cleared junction or waiting/parked at junction exit,MERCEDES,Female,Going ahead other,Van / Goods ,Front,706,10
2006,53,5,Urban area,Kerb,Near/Offside crash barrier,Not at or within 20 metres of junction,MAZDA,Male,Going ahead other,Car,Offside,377,8
2006,20,1,Urban area,Kerb,Other permanent object,Mid Junction - on roundabout or on main road,FORD,Female,Going ahead other,Car,Front,339,11
2006,56,8,Urban area,Kerb,Other permanent object,Not at or within 20 metres of junction,VOLKSWAGEN,Female,Going ahead other,Car,Nearside,671,7
2006,57,1,Urban area,Kerb,Other permanent object,Approaching junction or waiting/parked at junction approach,PEUGEOT,Male,Going ahead other,Car,Front,205,2
2006,57,6,Urban area,Kerb,Central crash barrier,Not at or within 20 metres of junction,BMW,Female,Going ahead other,Car,Offside,242,2
2006,21,18,Urban area,Kerb,Tree,Not at or within 20 metres of junction,ROVER,Male,Going ahead other,Car,Front,709,7
2006,39,3,Urban area,Kerb,Near/Offside crash barrier,Not at or within 20 metres of junction,ISUZU TRUCKS,Male,Going ahead other,Van / Goods ,Nearside,732,10
2006,25,3,Urban area,Kerb,Other permanent object,Not at or within 20 metres of junction,FORD,Male,Going ahead other,Car,Front,654,5
2006,31,11,Urban area,Kerb,Central crash barrier,Not at or within 20 metres of junction,TOYOTA,Male,Going ahead other,Van / Goods ,Offside,725,5
2006,36,8,Urban area,Kerb,Near/Offside crash barrier,Not at or within 20 metres of junction,FIAT,Female,Going ahead other,Car,Front,736,2
2006,63,1,Rural,Kerb,Central crash barrier,Not at or within 20 metres of junction,HONDA,Male,Going ahead right-hand bend,Motorcycle 125cc and under,Offside,301,12
2006,23,2,Urban area,Kerb,Other permanent object,Approaching junction or waiting/parked at junction approach,HONDA,Male,Going ahead other,Motorcycle 125cc and under,Front,405,7
2006,51,15,Urban area,Kerb,Tree,Approaching junction or waiting/parked at junction approach,MERCEDES,Female,Going ahead other,Car,Front,242,6
2006,29,3,Urban area,Bollard or refuge,Road sign or traffic signal,Approaching junction or waiting/parked at junction approach,FORD,Male,Slowing or stopping,Van / Goods ,Back,714,0
2006,50,18,Urban area,Kerb,Entered ditch,Mid Junction - on roundabout or on main road,MERCEDES,Male,Going ahead other,Car,Nearside,541,10
2006,80,7,Urban area,Parked vehicle,Other permanent object,Mid Junction - on roundabout or on main road,MERCEDES,Female,Turning left,Car,Nearside,403,0
2006,32,8,Urban area,Parked vehicle,Other permanent object,Not at or within 20 metres of junction,ROVER,Male,Going ahead other,Car,Nearside,204,10
2006,77,1,Urban area,Kerb,Lamp post,Cleared junction or waiting/parked at junction exit,NISSAN,Male,Going ahead other,Van / Goods ,Front,753,2
2006,62,6,Urban area,Kerb,Other permanent object,Mid Junction - on roundabout or on main road,NISSAN,Male,Going ahead other,Car,Front,171,8
2006,28,6,Urban area,Kerb,Lamp post,Approaching junction or waiting/parked at junction approach,FORD,Male,Going ahead other,Car,Front,409,7
2006,30,17,Urban area,Parked vehicle,Other permanent object,Not at or within 20 metres of junction,HONDA,Female,Moving off,Car,Front,488,8
2006,18,1,Urban area,Bollard or refuge,Tree,Approaching junction or waiting/parked at junction approach,HONDA,Male,Going ahead other,Car,Offside,749,6
2006,29,2,Urban area,Kerb,Bus stop or bus shelter,Approaching junction or waiting/parked at junction approach,HONDA,Male,Going ahead other,Car,Offside,230,5
2006,42,3,Urban area,Kerb,Lamp post,Approaching junction or waiting/parked at junction approach,TOYOTA,Female,Slowing or stopping,Car,Front,715,8
2006,54,2,Urban area,Kerb,Road sign or traffic signal,Approaching junction or waiting/parked at junction approach,FIAT,Female,Going ahead other,Other vehicle,Front,635,8
2006,25,2,Urban area,Kerb,Other permanent object,Approaching junction or waiting/parked at junction approach,RENAULT,Female,Going ahead left-hand bend,Car,Front,390,2
2006,59,2,Urban area,Kerb,Road sign or traffic signal,Not at or within 20 metres of junction,HONDA,Male,Going ahead right-hand bend,Motorcycle 125cc and under,Front,211,3
2006,69,5,Urban area,Kerb,Lamp post,Not at or within 20 metres of junction,HYUNDAI,Male,Going ahead other,Car,Offside,560,5
2006,41,4,Urban area,Kerb,Lamp post,Not at or within 20 metres of junction,ALFA ROMEO,Male,Going ahead right-hand bend,Car,Nearside,223,4
2006,25,5,Urban area,Kerb,Tree,Cleared junction or waiting/parked at junction exit,NISSAN,Male,Going ahead other,Car,Front,199,5
2006,55,1,Urban area,Kerb,Lamp post,Not at or within 20 metres of junction,HONDA,Female,Going ahead left-hand bend,Car,Front,343,1
2006,57,3,Urban area,Kerb,Other permanent object,Leaving roundabout,FIAT,Male,Going ahead other,Car,Front,711,7
2006,49,2,Urban area,Kerb,Lamp post,Approaching junction or waiting/parked at junction approach,HONDA,Male,Slowing or stopping,Car,Front,710,7
2006,70,14,Urban area,Kerb,Road sign or traffic signal,Leaving roundabout,MAZDA,Female,Going ahead other,Car,Offside,703,7
2006,26,3,Urban area,Kerb,Near/Offside crash barrier,Approaching junction or waiting/parked at junction approach,FORD,Male,Going ahead other,Van / Goods ,Front,590,1
2006,44,2,Urban area,Kerb,Near/Offside crash barrier,Not at or within 20 metres of junction,RENAULT,Male,Going ahead left-hand bend,Car,Front,513,5
2006,51,3,Urban area,Kerb,Tree,Approaching junction or waiting/parked at junction approach,FIAT,Male,Going ahead other,Car,Front,677,5
2006,22,5,Urban area,Kerb,Lamp post,Not at or within 20 metres of junction,RENAULT,Female,Going ahead other,Car,Front,582,0
2006,28,4,Urban area,Kerb,Other permanent object,Not at or within 20 metres of junction,VOLKSWAGEN,Male,Going ahead other,Car,Front,404,12
2006,49,12,Urban area,Kerb,Road sign or traffic signal,Cleared junction or waiting/parked at junction exit,ROVER,Female,Turning left,Car,Front,464,3
2006,20,5,Urban area,Kerb,Tree,Approaching junction or waiting/parked at junction approach,TOYOTA,Female,Overtaking static vehicle - offside,Car,Nearside,648,5
2006,17,2,Urban area,Kerb,Other permanent object,Mid Junction - on roundabout or on main road,BMW,Male,Going ahead other,Car,Nearside,336,11
2006,29,1,Urban area,Kerb,Tree,Not at or within 20 metres of junction,CITROEN,Male,Going ahead other,Car,Front,532,5
2006,55,2,Urban area,Kerb,Other permanent object,Cleared junction or waiting/parked at junction exit,VOLKSWAGEN,Female,Going ahead other,Car,Front,380,10
2006,39,7,Urban area,Kerb,Tree,Mid Junction - on roundabout or on main road,FIAT,Female,Going ahead other,Car,Nearside,231,8
2006,75,5,Urban area,Kerb,Tree,Mid Junction - on roundabout or on main road,RENAULT,Male,Turning right,Car,Front,558,5
2006,71,4,Urban area,Kerb,Central crash barrier,Not at or within 20 metres of junction,MERCEDES,Female,Going ahead other,Car,Nearside,774,0
2006,62,2,Urban area,Kerb,Other permanent object,Approaching junction or waiting/parked at junction approach,FIAT,Female,Going ahead other,Car,Front,283,1
2006,30,7,Urban area,Kerb,Near/Offside crash barrier,Cleared junction or waiting/parked at junction exit,MERCEDES,Male,Going ahead other,Car,Front,399,6
2006,57,8,Urban area,Kerb,Lamp post,Not at or within 20 metres of junction,TOYOTA,Female,Going ahead other,Car,Front,340,6
2006,23,1,Urban area,Kerb,Road sign or traffic signal,Mid Junction - on roundabout or on main road,AUDI,Male,Going ahead other,Car,Front,579,11
2006,18,5,Urban area,Kerb,Other permanent object,Mid Junction - on roundabout or on main road,ROVER,Female,Turning right,Car,Front,647,5
2006,35,2,Small town,Parked vehicle,Lamp post,Mid Junction - on roundabout or on main road,RENAULT,Female,Going ahead other,Car,Nearside,201,2
2006,76,5,Urban area,Kerb,Other permanent object,Not at or within 20 metres of junction,NISSAN,Female,U-turn,Car,Front,394,7
2006,76,2,Urban area,Kerb,Other permanent object,Cleared junction or waiting/parked at junction exit,BMW,Female,Reversing,Car,Back,556,11
2006,36,1,Urban area,Kerb,Other permanent object,Mid Junction - on roundabout or on main road,FORD,Male,Going ahead other,Car,Front,200,11
2006,79,2,Urban area,Kerb,Tree,Approaching junction or waiting/parked at junction approach,FORD,Male,Going ahead right-hand bend,Van / Goods ,Front,332,10
2006,27,1,Urban area,Kerb,Tree,Mid Junction - on roundabout or on main road,RENAULT,Male,Going ahead other,Car,Front,367,1
2006,78,2,Urban area,Kerb,Central crash barrier,Not at or within 20 metres of junction,KAWASAKI,Male,Going ahead other,Motorcycle ,Front,456,3
2006,17,8,Urban area,Kerb,Other permanent object,Mid Junction - on roundabout or on main road,VOLVO,Male,Going ahead other,Car,Back,585,1
2006,30,7,Urban area,Parked vehicle,Near/Offside crash barrier,Approaching junction or waiting/parked at junction approach,RENAULT,Male,Going ahead other,Car,Front,181,8
2006,67,6,Urban area,Kerb,Tree,Approaching junction or waiting/parked at junction approach,FORD,Male,Going ahead other,Car,Front,630,10
2006,31,1,Urban area,Kerb,Tree,Not at or within 20 metres of junction,HONDA,Male,Going ahead left-hand bend,Car,Offside,783,8
2006,58,1,Urban area,Kerb,Other permanent object,Mid Junction - on roundabout or on main road,VOLKSWAGEN,Female,Going ahead other,Car,Front,707,3
2006,55,15,Urban area,Kerb,Other permanent object,Approaching junction or waiting/parked at junction approach,VOLVO,Female,Moving off,Car,Offside,652,11
2006,45,7,Urban area,Kerb,Lamp post,Mid Junction - on roundabout or on main road,FORD,Male,Turning left,Car,Front,769,10
2006,35,3,Urban area,Parked vehicle,Road sign or traffic signal,Approaching junction or waiting/parked at junction approach,FIAT,Female,Going ahead other,Car,Front,323,12
2006,79,3,Small town,Kerb,Near/Offside crash barrier,Mid Junction - on roundabout or on main road,FORD,Male,Going ahead other,Van / Goods ,Front,181,5
2006,51,2,Urban area,Kerb,Near/Offside crash barrier,Not at or within 20 metres of junction,BMW,Female,Going ahead other,Car,Front,488,2
2006,55,5,Urban area,Kerb,Lamp post,Mid Junction - on roundabout or on main road,MERCEDES,Male,Turning left,Car,Offside,217,8
2006,26,1,Urban area,Kerb,Other permanent object,Approaching junction or waiting/parked at junction approach,HONDA,Male,Going ahead other,Car,Front,115,1
2006,44,5,Urban area,Kerb,Central crash barrier,Not at or within 20 metres of junction,NISSAN,Male,Going ahead other,Car,Offside,703,6
2006,50,4,Urban area,Kerb,Other permanent object,Mid Junction - on roundabout or on main road,SUZUKI,Male,Going ahead other,Car,Front,150,5
2006,40,8,Urban area,Kerb,Other permanent object,Mid Junction - on roundabout or on main road,ROVER,Male,Going ahead other,Car,Front,357,12
2006,28,12,Urban area,Kerb,Tree,Not at or within 20 metres of junction,RENAULT,Male,Going ahead other,Car,Front,789,2
2006,42,12,Urban area,Kerb,Road sign or traffic signal,Approaching junction or waiting/parked at junction approach,FIAT,Female,Going ahead left-hand bend,Car,Offside,342,7
2006,72,6,Urban area,Kerb,Tree,Not at or within 20 metres of junction,RENAULT,Male,Going ahead other,Car,Front,153,8
2006,39,3,Urban area,Kerb,Tree,Not at or within 20 metres of junction,NISSAN,Female,Going ahead other,Car,Front,709,9
2006,66,5,Urban area,Kerb,Other permanent object,Mid Junction - on roundabout or on main road,RENAULT,Male,Going ahead other,Car,Front,594,3
2006,35,4,Urban area,Road works,Central crash barrier,Not at or within 20 metres of junction,HONDA,Female,Going ahead other,Car,Front,693,12
2006,52,22,Urban area,Kerb,Other permanent object,Not at or within 20 metres of junction,JAGUAR,Male,Moving off,Car,Front,252,3
2006,51,1,Urban area,Kerb,Telegraph or electricity pole,Not at or within 20 metres of junction,FORD,Male,Going ahead other,Car,Front,504,11
2006,42,3,Urban area,Kerb,Lamp post,Leaving roundabout,CITROEN,Female,Going ahead other,Car,Front,284,8
2006,67,5,Urban area,Kerb,Near/Offside crash barrier,Not at or within 20 metres of junction,AUDI,Female,Going ahead other,Car,Front,193,12
2006,78,7,Urban area,Kerb,Tree,Cleared junction or waiting/parked at junction exit,NISSAN,Female,Going ahead other,Car,Front,597,5
2006,34,9,Urban area,Kerb,Other permanent object,Mid Junction - on roundabout or on main road,ROVER,Female,Going ahead other,Car,Front,170,4
2006,74,2,Urban area,Kerb,Road sign or traffic signal,Mid Junction - on roundabout or on main road,MERCEDES,Male,Going ahead other,Van / Goods ,Offside,638,8
2006,58,6,Urban area,Kerb,Tree,Mid Junction - on roundabout or on main road,MERCEDES,Female,Going ahead right-hand bend,Car,Front,131,9
2006,21,2,Urban area,Kerb,Near/Offside crash barrier,Mid Junction - on roundabout or on main road,RENAULT,Female,Going ahead right-hand bend,Car,Nearside,732,2
2006,58,7,Urban area,Kerb,Other permanent object,Not at or within 20 metres of junction,PEUGEOT,Female,Going ahead other,Car,Front,454,11
2006,19,12,Urban area,Parked vehicle,Other permanent object,Approaching junction or waiting/parked at junction approach,RENAULT,Female,Parked,Car,Offside,238,2
2006,73,11,Urban area,Kerb,Lamp post,Leaving roundabout,RENAULT,Male,Going ahead other,Car,Front,717,11
2006,33,3,Urban area,Kerb,Telegraph or electricity pole,Mid Junction - on roundabout or on main road,BMW,Female,Going ahead other,Car,Front,417,5
2006,53,16,Urban area,Kerb,Lamp post,Not at or within 20 metres of junction,NISSAN,Female,Reversing,Car,Back,674,11
2006,57,6,Urban area,Kerb,Lamp post,Approaching junction or waiting/parked at junction approach,FIAT,Male,Going ahead other,Car,Front,585,11
2006,24,5,Urban area,Kerb,Other permanent object,Approaching junction or waiting/parked at junction approach,RENAULT,Male,Going ahead left-hand bend,Car,Front,282,9
2006,56,10,Urban area,Kerb,Other permanent object,Cleared junction or waiting/parked at junction exit,PEUGEOT,Male,Turning left,Car,Front,343,0
2006,17,6,Urban area,Kerb,Lamp post,Mid Junction - on roundabout or on main road,SKODA,Male,Going ahead other,Car,Front,782,2
2006,56,9,Urban area,Kerb,Tree,Cleared junction or waiting/parked at junction exit,VOLKSWAGEN,Male,Going ahead other,Car,Front,761,2
2006,49,17,Urban area,Kerb,Lamp post,Mid Junction - on roundabout or on main road,FORD,Male,Going ahead right-hand bend,Car,Nearside,611,11
2006,27,2,Urban area,Kerb,Near/Offside crash barrier,Approaching junction or waiting/parked at junction approach,TOYOTA,Female,Going ahead other,Car,Nearside,569,12
2006,43,16,Urban area,Kerb,Lamp post,Not at or within 20 metres of junction,RENAULT,Male,Parked,Car,Back,325,6
2006,22,5,Urban area,Kerb,Other permanent object,Mid Junction - on roundabout or on main road,RENAULT,Male,Turning left,Car,Front,311,6
2006,54,6,Urban area,Kerb,Other permanent object,Not at or within 20 metres of junction,SUZUKI,Female,Going ahead left-hand bend,Car,Offside,721,3
2006,28,2,Urban area,Kerb,Lamp post,Cleared junction or waiting/parked at junction exit,RENAULT,Female,Going ahead other,Car,Front,183,4
2006,32,12,Urban area,Kerb,Lamp post,Approaching junction or waiting/parked at junction approach,VOLKSWAGEN,Female,Going ahead other,Car,Front,743,7
2006,38,13,Urban area,Bollard or refuge,Near/Offside crash barrier,Not at or within 20 metres of junction,PEUGEOT,Male,Going ahead other,Car,Front,565,3
2006,50,5,Urban area,Bollard or refuge,Road sign or traffic signal,Approaching junction or waiting/parked at junction approach,ROVER,Male,Going ahead other,Car,Front,287,12
2006,44,15,Urban area,Other object,Entered ditch,Not at or within 20 metres of junction,FORD,Male,Going ahead right-hand bend,Car,Nearside,106,5
2006,41,1,Urban area,Kerb,Near/Offside crash barrier,Not at or within 20 metres of junction,FORD,Male,Going ahead other,Car,Front,306,9
2006,26,13,Urban area,Bollard or refuge,Road sign or traffic signal,Approaching junction or waiting/parked at junction approach,VOLVO,Male,Going ahead left-hand bend,Car,Front,213,0
2006,50,2,Small town,Kerb,Other permanent object,Not at or within 20 metres of junction,YAMAHA,Male,Going ahead right-hand bend,Motorcycle ,Front,714,12
2006,48,3,Small town,Other object,Tree,Not at or within 20 metres of junction,MITSUBISHI,Male,Going ahead right-hand bend,Car,Front,698,7
2006,35,4,Urban area,Road works,Central crash barrier,Not at or within 20 metres of junction,FIAT,Female,Going ahead other,Car,Offside,511,1
2006,70,15,Rural,Bollard or refuge,Road sign or traffic signal,Cleared junction or waiting/parked at junction exit,HONDA,Male,Going ahead right-hand bend,Car,Front,624,0
2006,34,12,Small town,Kerb,Other permanent object,Not at or within 20 metres of junction,HYUNDAI,Male,Going ahead other,Car,Front,101,1
2006,30,1,Urban area,Road works,Central crash barrier,Not at or within 20 metres of junction,VOLKSWAGEN,Male,Going ahead other,Car,Offside,475,2
2006,51,1,Urban area,Kerb,Other permanent object,Mid Junction - on roundabout or on main road,SKODA,Male,Going ahead other,Car,Nearside,609,6
2006,22,6,Urban area,Kerb,Other permanent object,Not at or within 20 metres of junction,NISSAN,Male,Going ahead other,Car,Front,592,11
2006,57,10,Urban area,Any animal (except ridden horse),Other permanent object,Approaching junction or waiting/parked at junction approach,HONDA,Male,Going ahead right-hand bend,Car,Nearside,144,12
2006,38,8,Small town,Kerb,Tree,Not at or within 20 metres of junction,ROVER,Male,Going ahead right-hand bend,Car,Offside,315,4
2006,79,1,Urban area,Kerb,Other permanent object,Not at or within 20 metres of junction,FORD,Male,Going ahead left-hand bend,Car,Front,326,5
2006,26,6,Urban area,Kerb,Other permanent object,Cleared junction or waiting/parked at junction exit,CITROEN,Male,Going ahead other,Car,Front,421,12
2006,29,3,Urban area,Kerb,Tree,Not at or within 20 metres of junction,CITROEN,Male,Going ahead other,Car,Front,524,9
2006,48,2,Urban area,Parked vehicle,Other permanent object,Not at or within 20 metres of junction,FORD,Male,Going ahead other,Van / Goods ,Nearside,266,9
2006,46,11,Urban area,Kerb,Other permanent object,Not at or within 20 metres of junction,HONDA,Male,Going ahead left-hand bend,Car,Back,343,10
2006,50,1,Small town,Kerb,Other permanent object,Mid Junction - on roundabout or on main road,KAWASAKI,Male,Overtaking moving vehicle - offside,Motorcycle ,Front,676,11
2006,34,1,Urban area,Kerb,Road sign or traffic signal,Entering roundabout,CHEVROLET,Male,Going ahead other,Car,Front,592,6
2006,64,3,Urban area,Kerb,Tree,Not at or within 20 metres of junction,HONDA,Male,Going ahead left-hand bend,Car,Front,332,12
2006,21,12,Urban area,Kerb,Other permanent object,Not at or within 20 metres of junction,FORD,Male,Going ahead right-hand bend,Van / Goods ,Front,537,12
2006,51,12,Urban area,Kerb,Lamp post,Leaving roundabout,CITROEN,Male,Going ahead other,Car,Nearside,149,5
2006,73,8,Urban area,Bollard or refuge,Near/Offside crash barrier,Approaching junction or waiting/parked at junction approach,FIAT,Male,Going ahead other,Car,Nearside,276,6
2006,46,3,Urban area,Kerb,Other permanent object,Not at or within 20 metres of junction,FORD,Male,Going ahead left-hand bend,Car,Offside,263,5
2006,63,15,Urban area,Kerb,Tree,Not at or within 20 metres of junction,FORD,Male,Going ahead left-hand bend,Car,Nearside,229,10
2006,78,7,Rural,Kerb,Other permanent object,Approaching junction or waiting/parked at junction approach,FIAT,Female,Going ahead other,Car,Front,602,12
2006,23,4,Urban area,Parked vehicle,Other permanent object,Entering main road,RENAULT,Male,Moving off,Car,Front,139,0
2006,71,1,Urban area,Parked vehicle,Lamp post,Not at or within 20 metres of junction,VOLKSWAGEN,Male,Moving off,Car,Front,590,0
2006,56,2,Rural,Kerb,Other permanent object,Approaching junction or waiting/parked at junction approach,PEUGEOT,Male,Overtaking moving vehicle - offside,Car,Nearside,679,8
2006,55,4,Urban area,Kerb,Entered ditch,Not at or within 20 metres of junction,CITROEN,Female,Going ahead right-hand bend,Car,Nearside,310,1
2006,37,2,Small town,Kerb,Other permanent object,Not at or within 20 metres of junction,TOYOTA,Male,Going ahead left-hand bend,Car,Front,127,11
2006,50,7,Urban area,Parked vehicle,Other permanent object,Approaching junction or waiting/parked at junction approach,NISSAN,Male,Going ahead other,Car,Offside,787,10
2006,27,5,Urban area,Bollard or refuge,Road sign or traffic signal,Entering roundabout,CITROEN,Male,Going ahead other,Car,Offside,662,3
2006,73,8,Urban area,Kerb,Near/Offside crash barrier,Not at or within 20 metres of junction,NISSAN,Female,Going ahead left-hand bend,Car,Nearside,382,0
2006,21,2,Urban area,Central island of roundabout,Lamp post,Leaving roundabout,FIAT,Male,Going ahead left-hand bend,Car,Front,234,4
2006,54,9,Rural,Kerb,Lamp post,Leaving roundabout,NISSAN,Male,Going ahead right-hand bend,Car,Offside,682,5
2006,31,13,Urban area,Kerb,Road sign or traffic signal,Entering roundabout,TOYOTA,Male,Going ahead other,Car,Offside,589,1
2006,75,3,Urban area,Kerb,Bus stop or bus shelter,Mid Junction - on roundabout or on main road,TOYOTA,Male,Going ahead other,Car,Nearside,784,10
2006,23,9,Urban area,Kerb,Near/Offside crash barrier,Not at or within 20 metres of junction,CITROEN,Male,Going ahead other,Car,Front,214,2
2006,71,3,Urban area,Road works,Near/Offside crash barrier,Not at or within 20 metres of junction,MERCEDES,Male,Going ahead other,Car,Front,743,4
2006,24,2,Small town,Any animal (except ridden horse),Central crash barrier,Not at or within 20 metres of junction,FORD,Male,Going ahead other,Van / Goods ,Front,106,4
2006,69,4,Urban area,Kerb,Central crash barrier,Not at or within 20 metres of junction,RENAULT,Female,Going ahead left-hand bend,Car,Front,311,12
2006,66,1,Urban area,Kerb,Other permanent object,Not at or within 20 metres of junction,LEXUS,Male,Going ahead other,Car,Offside,421,0
2006,38,4,Rural,Any animal (except ridden horse),Other permanent object,Not at or within 20 metres of junction,VOLVO,Male,Going ahead other,Car,Back,262,4
2006,35,6,Urban area,Kerb,Central crash barrier,Not at or within 20 metres of junction,PEUGEOT,Female,Going ahead other,Car,Front,224,8
2006,29,3,Urban area,Kerb,Central crash barrier,Not at or within 20 metres of junction,TOYOTA,Female,Changing lane to right,Car,Offside,486,1
2006,73,2,Urban area,Kerb,Entered ditch,Not at or within 20 metres of junction,RENAULT,Male,Going ahead other,Car,Did not impact,627,2
2006,57,3,Urban area,Kerb,Bus stop or bus shelter,Not at or within 20 metres of junction,CITROEN,Female,Going ahead other,Car,Front,261,9
2006,28,8,Urban area,Kerb,Other permanent object,Mid Junction - on roundabout or on main road,FIAT,Female,Going ahead other,Car,Front,206,0
2006,31,4,Urban area,Bollard or refuge,Central crash barrier,Not at or within 20 metres of junction,TOYOTA,Male,Going ahead other,Car,Front,709,12
2006,36,3,Urban area,Bollard or refuge,Near/Offside crash barrier,Not at or within 20 metres of junction,RENAULT,Female,Going ahead other,Car,Front,234,5
2006,33,5,Urban area,Other object,Near/Offside crash barrier,Not at or within 20 metres of junction,RENAULT,Male,Going ahead other,Car,Front,725,6
2006,40,7,Urban area,Kerb,Other permanent object,Mid Junction - on roundabout or on main road,SAAB,Male,Turning left,Car,Front,214,11