Year_N,Age_of_Driver_N,Age_of_Vehicle_N,Accident_Area_Type_C,On_road_object_hit_C,Off_road_object_hit _C,Junction_Location_C,Car_Make_C,Driver_Sex_C,Vehicle_Manoeuvre_C,Vehicle_Type_C,Point_of_Impact_C,Cost_of_Incident_N,Weeks_to_Repair_N
2006,20,8,Small town,Bollard or refuge,Road sign or traffic signal,Mid Junction - on roundabout or on main road,FIAT,Male,Going ahead other,Car,Front,331,4
2006,65,9,Urban area,Other object,Road sign or traffic signal,Approaching junction or waiting/parked at junction approach,CITROEN,Male,Going ahead other,Car,Back,340,10
2006,42,4,Urban area,Kerb,Other permanent object,Approaching junction or waiting/parked at junction approach,SAAB,Male,Overtaking static vehicle - offside,Car,Front,316,4
2006,47,9,Urban area,Bollard or refuge,Road sign or traffic signal,Mid Junction - on roundabout or on main road,MITSUBISHI,Female,Going ahead other,Car,Front,635,5
2006,46,7,Small town,Kerb,Lamp post,Approaching junction or waiting/parked at junction approach,MERCEDES,Male,Going ahead other,Car,Front,694,9
2006,52,11,Urban area,Central island of roundabout,Other permanent object,Entering roundabout,ROVER,Female,Going ahead other,Car,Front,189,8
2006,21,10,Urban area,Road works,Other permanent object,Not at or within 20 metres of junction,RENAULT,Female,Going ahead other,Car,Back,392,10
2006,69,1,Urban area,Kerb,Road sign or traffic signal,Approaching junction or waiting/parked at junction approach,RENAULT,Male,Going ahead other,Car,Offside,634,0
2006,47,4,Urban area,Bollard or refuge,Near/Offside crash barrier,Mid Junction - on roundabout or on main road,SUZUKI,Female,Turning right,Car,Offside,208,3
2006,78,2,Urban area,Bridge (side),Other permanent object,Mid Junction - on roundabout or on main road,VOLKSWAGEN,Male,Going ahead left-hand bend,Car,Front,661,11
2006,58,4,Urban area,Central island of roundabout,Other permanent object,Entering roundabout,CITROEN,Male,Going ahead other,Car,Offside,175,0
2006,73,3,Urban area,Previous accident,Lamp post,Approaching junction or waiting/parked at junction approach,MITSUBISHI,Male,Going ahead right-hand bend,Car,Front,156,12
2006,29,10,Urban area,Bollard or refuge,Other permanent object,Approaching junction or waiting/parked at junction approach,ROVER,Female,Going ahead other,Car,Front,601,1
2006,42,4,Urban area,Kerb,Other permanent object,Approaching junction or waiting/parked at junction approach,SUBARU,Male,Going ahead right-hand bend,Car,Nearside,280,4
2006,37,3,Urban area,Kerb,Other permanent object,Leaving main road,FIAT,Male,Turning right,Car,Nearside,207,0
2006,26,5,Urban area,Kerb,Tree,Approaching junction or waiting/parked at junction approach,TOYOTA,Male,Going ahead other,Car,Front,326,8
2006,63,2,Urban area,Parked vehicle,Tree,Not at or within 20 metres of junction,HONDA,Male,Going ahead other,Motorcycle ,Front,787,1
2006,56,6,Urban area,Bollard or refuge,Road sign or traffic signal,Approaching junction or waiting/parked at junction approach,TOYOTA,Male,Going ahead other,Car,Front,581,5
2006,40,10,Urban area,Road works,Road sign or traffic signal,Approaching junction or waiting/parked at junction approach,PEUGEOT,Male,Going ahead other,Car,Front,386,9
2006,57,1,Urban area,Kerb,Other permanent object,Approaching junction or waiting/parked at junction approach,CITROEN,Female,Going ahead other,Car,Nearside,136,11
2006,58,4,Urban area,Parked vehicle,Other permanent object,Not at or within 20 metres of junction,FIAT,Male,Going ahead other,Car,Front,429,6
2006,21,1,Urban area,Bollard or refuge,Other permanent object,Mid Junction - on roundabout or on main road,LAND ROVER,Female,Going ahead other,Car,Nearside,547,7
2006,70,2,Urban area,Bollard or refuge,Near/Offside crash barrier,Mid Junction - on roundabout or on main road,RENAULT,Female,Turning right,Car,Front,726,0
2006,39,4,Urban area,Parked vehicle,Other permanent object,Not at or within 20 metres of junction,HONDA,Male,Going ahead other,Car,Front,430,0
2006,54,3,Urban area,Bollard or refuge,Central crash barrier,Not at or within 20 metres of junction,RENAULT,Male,Going ahead right-hand bend,Car,Front,680,9
2006,38,3,Small town,Kerb,Near/Offside crash barrier,Not at or within 20 metres of junction,FIAT,Male,Going ahead left-hand bend,Car,Offside,195,7
2006,40,8,Urban area,Kerb,Other permanent object,Approaching junction or waiting/parked at junction approach,FORD,Male,Going ahead other,Car,Nearside,786,11
2006,74,7,Rural,Kerb,Lamp post,Not at or within 20 metres of junction,HONDA,Male,Going ahead other,Car,Front,497,11
2006,55,5,Urban area,Other object,Other permanent object,Approaching junction or waiting/parked at junction approach,HYUNDAI,Male,Going ahead other,Car,Front,340,10
2006,79,3,Urban area,Central island of roundabout,Road sign or traffic signal,Mid Junction - on roundabout or on main road,HONDA,Female,Going ahead other,Car,Back,127,8
2006,59,2,Small town,Other object,Road sign or traffic signal,Not at or within 20 metres of junction,HONDA,Female,Turning right,Car,Nearside,616,1
2006,29,2,Rural,Kerb,Tree,Not at or within 20 metres of junction,SKODA,Female,Going ahead other,Car,Front,773,1
2006,75,5,Urban area,Other object,Near/Offside crash barrier,Not at or within 20 metres of junction,SUZUKI,Female,Going ahead other,Car,Front,652,2
2006,32,1,Urban area,Central island of roundabout,Central crash barrier,Mid Junction - on roundabout or on main road,SAAB,Female,Going ahead other,Car,Nearside,216,1
2006,35,8,Urban area,Kerb,Other permanent object,Not at or within 20 metres of junction,KAWASAKI,Male,Overtaking moving vehicle - offside,Motorcycle ,Nearside,365,0
2006,44,12,Urban area,Bollard or refuge,Central crash barrier,Not at or within 20 metres of junction,RENAULT,Female,Going ahead left-hand bend,Car,Front,487,10
2006,77,8,Urban area,Kerb,Other permanent object,Not at or within 20 metres of junction,RENAULT,Male,Going ahead other,Car,Front,685,4
2006,53,4,Urban area,Kerb,Other permanent object,Not at or within 20 metres of junction,HONDA,Male,Going ahead right-hand bend,Car,Offside,360,12
2006,38,2,Rural,Kerb,Other permanent object,Leaving roundabout,JAGUAR,Male,Going ahead other,Car,Front,428,4
2006,74,5,Urban area,Kerb,Lamp post,Mid Junction - on roundabout or on main road,KAWASAKI,Male,Going ahead other,Motorcycle ,Front,453,12
2006,72,7,Urban area,Kerb,Other permanent object,Not at or within 20 metres of junction,PEUGEOT,Male,Overtaking moving vehicle - offside,Car,Offside,286,7
2006,54,1,Urban area,Kerb,Other permanent object,Approaching junction or waiting/parked at junction approach,FORD,Male,Moving off,Car,Back,402,0
2006,39,1,Urban area,Kerb,Road sign or traffic signal,Approaching junction or waiting/parked at junction approach,FORD,Male,Going ahead other,Car,Front,175,11
2006,78,4,Urban area,Kerb,Other permanent object,Not at or within 20 metres of junction,NISSAN,Male,Going ahead other,Car,Front,252,7
2006,61,2,Urban area,Kerb,Bus stop or bus shelter,Not at or within 20 metres of junction,CITROEN,Female,Going ahead other,Car,Front,730,3
2006,47,4,Urban area,Kerb,Telegraph or electricity pole,Cleared junction or waiting/parked at junction exit,RENAULT,Female,Going ahead other,Car,Front,379,4
2006,61,10,Urban area,Kerb,Central crash barrier,Not at or within 20 metres of junction,MERCEDES,Male,Going ahead left-hand bend,Van / Goods ,Front,308,3
2006,77,4,Urban area,Bollard or refuge,Other permanent object,Not at or within 20 metres of junction,HONDA,Male,Going ahead left-hand bend,Car,Front,201,5
2006,30,2,Urban area,Parked vehicle,Other permanent object,Cleared junction or waiting/parked at junction exit,MERCEDES,Male,Going ahead other,Car,Front,590,10
2006,48,2,Small town,Kerb,Lamp post,Not at or within 20 metres of junction,PEUGEOT,Male,Going ahead left-hand bend,Car,Front,183,12
2006,70,3,Urban area,Kerb,Lamp post,Not at or within 20 metres of junction,FORD,Male,Going ahead other,Car,Front,430,2
2006,49,10,Urban area,Kerb,Road sign or traffic signal,Mid Junction - on roundabout or on main road,SUBARU,Female,Going ahead other,Car,Front,781,0
2006,25,3,Urban area,Kerb,Central crash barrier,Not at or within 20 metres of junction,VOLKSWAGEN,Male,Going ahead other,Car,Offside,171,9
2006,36,8,Small town,Kerb,Other permanent object,Mid Junction - on roundabout or on main road,ROVER,Female,Going ahead other,Car,Offside,651,3
2006,63,1,Urban area,Kerb,Other permanent object,Entering main road,HONDA,Male,Going ahead other,Motorcycle 125cc and under,Nearside,128,8
2006,46,20,Urban area,Bollard or refuge,Road sign or traffic signal,Not at or within 20 metres of junction,VOLVO,Male,Going ahead left-hand bend,Car,Front,706,4
2006,45,6,Small town,Parked vehicle,Lamp post,Not at or within 20 metres of junction,NISSAN,Male,Going ahead other,Car,Front,311,4
2006,56,1,Urban area,Central island of roundabout,Tree,Entering roundabout,RENAULT,Female,Slowing or stopping,Car,Front,454,8
2006,51,3,Urban area,Kerb,Other permanent object,Mid Junction - on roundabout or on main road,MERCEDES,Male,Overtaking moving vehicle - offside,Car,Front,210,1
2006,42,17,Urban area,Kerb,Near/Offside crash barrier,Mid Junction - on roundabout or on main road,FORD,Male,Going ahead other,Car,Offside,326,10
2006,17,3,Urban area,Kerb,Central crash barrier,Not at or within 20 metres of junction,RENAULT,Male,Going ahead other,Car,Front,392,7
2006,30,8,Small town,Kerb,Lamp post,Leaving roundabout,HONDA,Male,Going ahead other,Motorcycle ,Front,180,1
2006,42,2,Small town,Other object,Lamp post,Not at or within 20 metres of junction,MAZDA,Male,Going ahead other,Car,Front,517,8
2006,41,10,Urban area,Kerb,Other permanent object,Not at or within 20 metres of junction,FORD,Female,Slowing or stopping,Car,Nearside,731,12
2006,71,13,Small town,Parked vehicle,Lamp post,Approaching junction or waiting/parked at junction approach,FORD,Male,Going ahead other,Car,Front,673,12
2006,56,1,Small town,Kerb,Near/Offside crash barrier,Not at or within 20 metres of junction,RENAULT,Male,Going ahead other,Car,Front,163,8
2006,57,3,Urban area,Central island of roundabout,Road sign or traffic signal,Entering roundabout,RENAULT,Male,Going ahead other,Car,Front,156,10
2006,67,4,Rural,Central island of roundabout,Road sign or traffic signal,Entering roundabout,CITROEN,Male,Going ahead other,Car,Front,460,5
2006,50,2,Small town,Any animal (except ridden horse),Entered ditch,Not at or within 20 metres of junction,FORD,Male,Going ahead other,Car,Back,678,8
2006,42,2,Urban area,Kerb,Entered ditch,Not at or within 20 metres of junction,VOLKSWAGEN,Male,Going ahead right-hand bend,Van / Goods ,Nearside,167,6
2006,45,1,Urban area,Bollard or refuge,Near/Offside crash barrier,Not at or within 20 metres of junction,CITROEN,Male,Going ahead other,Car,Back,779,2
2006,72,9,Small town,Bollard or refuge,Entered ditch,Not at or within 20 metres of junction,CITROEN,Female,Going ahead other,Car,Offside,471,12
2006,61,4,Urban area,Kerb,Lamp post,Not at or within 20 metres of junction,CITROEN,Male,Going ahead right-hand bend,Car,Nearside,348,12
2006,77,4,Urban area,Bollard or refuge,Central crash barrier,Not at or within 20 metres of junction,FORD,Female,Going ahead other,Car,Offside,667,4
2006,54,9,Small town,Kerb,Other permanent object,Not at or within 20 metres of junction,RENAULT,Male,Going ahead other,Car,Front,165,0
2006,67,11,Rural,Any animal (except ridden horse),Other permanent object,Approaching junction or waiting/parked at junction approach,LAND ROVER,Male,Going ahead other,Car,Front,183,6
2006,40,1,Urban area,Bollard or refuge,Other permanent object,Leaving main road,FORD,Male,Turning left,Car,Front,188,8
2006,39,4,Urban area,Kerb,Tree,Not at or within 20 metres of junction,HONDA,Male,Going ahead right-hand bend,Motorcycle ,Nearside,789,6
2006,69,7,Urban area,Kerb,Other permanent object,Not at or within 20 metres of junction,NISSAN,Male,Overtaking moving vehicle - offside,Car,Offside,737,9
2006,39,9,Urban area,Kerb,Road sign or traffic signal,Not at or within 20 metres of junction,FORD,Male,Going ahead other,Car,Front,476,1
2006,64,1,Urban area,Kerb,Near/Offside crash barrier,Not at or within 20 metres of junction,RENAULT,Male,Going ahead other,Car,Front,621,9
2006,33,10,Urban area,Bollard or refuge,Other permanent object,Cleared junction or waiting/parked at junction exit,FIAT,Male,Going ahead other,Car,Front,226,8
2006,55,2,Urban area,Bollard or refuge,Road sign or traffic signal,Mid Junction - on roundabout or on main road,FORD,Female,Going ahead other,Car,Nearside,729,6
2006,36,7,Urban area,Kerb,Other permanent object,Not at or within 20 metres of junction,AUDI,Male,Going ahead other,Car,Offside,507,4
2006,29,5,Urban area,Parked vehicle,Other permanent object,Mid Junction - on roundabout or on main road,ALFA ROMEO,Male,Going ahead other,Car,Back,132,10
2006,48,1,Urban area,Kerb,Bus stop or bus shelter,Not at or within 20 metres of junction,PEUGEOT,Male,Going ahead right-hand bend,Car,Front,754,3
2006,75,6,Urban area,Kerb,Other permanent object,Not at or within 20 metres of junction,AUDI,Male,Going ahead left-hand bend,Car,Front,479,6
2006,63,6,Urban area,Other object,Tree,Not at or within 20 metres of junction,RENAULT,Male,Going ahead other,Car,Nearside,538,2
2006,32,1,Rural,Kerb,Other permanent object,Not at or within 20 metres of junction,PEUGEOT,Male,Slowing or stopping,Van / Goods ,Front,453,2
2006,36,9,Urban area,Kerb,Lamp post,Not at or within 20 metres of junction,HONDA,Male,Going ahead other,Car,Front,476,10
2006,69,14,Urban area,Kerb,Near/Offside crash barrier,Mid Junction - on roundabout or on main road,ROVER,Female,Going ahead other,Car,Front,276,4
2006,74,8,Urban area,Other object,Near/Offside crash barrier,Mid Junction - on roundabout or on main road,MERCEDES,Male,Changing lane to left,Car,Nearside,264,1
2006,22,7,Urban area,Kerb,Other permanent object,Not at or within 20 metres of junction,ROVER,Female,Going ahead right-hand bend,Car,Did not impact,320,2
2006,23,3,Urban area,Bollard or refuge,Central crash barrier,Approaching junction or waiting/parked at junction approach,FIAT,Male,Going ahead left-hand bend,Car,Front,529,11
2006,79,1,Urban area,Other object,Road sign or traffic signal,Mid Junction - on roundabout or on main road,SKODA,Male,Going ahead other,Taxi/Private hire car,Front,489,12
2006,34,13,Urban area,Kerb,Lamp post,Approaching junction or waiting/parked at junction approach,BMW,Male,Going ahead right-hand bend,Car,Front,739,11
2006,29,5,Urban area,Kerb,Other permanent object,Approaching junction or waiting/parked at junction approach,PEUGEOT,Male,Going ahead right-hand bend,Van / Goods ,Front,515,0
2006,57,1,Urban area,Bollard or refuge,Road sign or traffic signal,Mid Junction - on roundabout or on main road,PEUGEOT,Male,Going ahead other,Car,Nearside,445,8
2006,49,2,Urban area,Kerb,Other permanent object,Approaching junction or waiting/parked at junction approach,FORD,Male,Slowing or stopping,Car,Offside,135,2
2006,33,1,Rural,Bollard or refuge,Near/Offside crash barrier,Mid Junction - on roundabout or on main road,AUDI,Male,Going ahead other,Car,Nearside,235,2
2006,18,7,Urban area,Kerb,Near/Offside crash barrier,Approaching junction or waiting/parked at junction approach,HONDA,Male,Going ahead other,Motorcycle ,Offside,747,7
2006,76,3,Small town,Kerb,Other permanent object,Not at or within 20 metres of junction,LAND ROVER,Female,Going ahead other,Car,Front,743,5
2006,43,8,Urban area,Kerb,Lamp post,Approaching junction or waiting/parked at junction approach,ROVER,Male,Going ahead other,Car,Front,652,6
2006,67,17,Urban area,Kerb,Road sign or traffic signal,Approaching junction or waiting/parked at junction approach,FORD,Male,Going ahead other,Car,Nearside,483,1
2006,60,13,Urban area,Kerb,Other permanent object,Not at or within 20 metres of junction,PEUGEOT,Male,Going ahead left-hand bend,Car,Front,781,7
2006,17,7,Urban area,Bollard or refuge,Central crash barrier,Not at or within 20 metres of junction,FORD,Female,Overtaking moving vehicle - offside,Car,Front,438,1
2006,73,2,Small town,Kerb,Other permanent object,Approaching junction or waiting/parked at junction approach,FIAT,Female,Moving off,Car,Front,226,7
2006,17,2,Urban area,Kerb,Other permanent object,Approaching junction or waiting/parked at junction approach,FIAT,Female,Turning left,Car,Back,570,7
2006,33,6,Urban area,Kerb,Lamp post,Not at or within 20 metres of junction,SUBARU,Male,Going ahead left-hand bend,Car,Offside,462,8
2006,23,4,Urban area,Kerb,Lamp post,Cleared junction or waiting/parked at junction exit,NISSAN,Female,Going ahead left-hand bend,Car,Front,164,8
2006,42,1,Urban area,Central island of roundabout,Other permanent object,Entering roundabout,PEUGEOT,Male,Going ahead other,Car,Front,553,8
2006,24,10,Urban area,Kerb,Road sign or traffic signal,Approaching junction or waiting/parked at junction approach,HONDA,Male,Going ahead left-hand bend,Car,Offside,237,6
2006,65,3,Urban area,Kerb,Lamp post,Not at or within 20 metres of junction,HONDA,Female,Going ahead other,Car,Front,352,6
2006,45,14,Urban area,Kerb,Central crash barrier,Not at or within 20 metres of junction,FORD,Male,Going ahead other,Car,Front,670,11
2006,32,5,Urban area,Kerb,Near/Offside crash barrier,Mid Junction - on roundabout or on main road,MERCEDES,Female,Going ahead other,Car,Front,265,6
2006,80,8,Urban area,Kerb,Other permanent object,Approaching junction or waiting/parked at junction approach,NISSAN,Female,Going ahead other,Car,Front,757,4
2006,72,2,Urban area,Kerb,Road sign or traffic signal,Entering main road,FIAT,Female,Turning right,Car,Back,106,6
2006,22,2,Small town,Kerb,Bus stop or bus shelter,Approaching junction or waiting/parked at junction approach,HONDA,Female,Going ahead left-hand bend,Car,Nearside,323,7
2006,39,3,Urban area,Kerb,Other permanent object,Not at or within 20 metres of junction,RENAULT,Female,Overtaking - nearside,Car,Front,617,3
2006,69,8,Urban area,Kerb,Tree,Approaching junction or waiting/parked at junction approach,CITROEN,Male,Going ahead right-hand bend,Car,Front,243,6
2006,49,10,Urban area,Kerb,Tree,Not at or within 20 metres of junction,ROVER,Male,Going ahead right-hand bend,Car,Offside,526,9
2006,43,3,Urban area,Parked vehicle,Lamp post,Mid Junction - on roundabout or on main road,SUZUKI,Female,Reversing,Car,Front,165,5
2006,45,1,Urban area,Kerb,Other permanent object,Entering main road,VOLKSWAGEN,Male,Going ahead other,Car,Offside,433,10
2006,64,2,Urban area,Kerb,Road sign or traffic signal,Leaving roundabout,SKODA,Female,Going ahead other,Car,Front,206,7
2006,80,10,Urban area,Kerb,Entered ditch,Mid Junction - on roundabout or on main road,HYUNDAI,Female,Going ahead other,Car,Front,607,7
2006,33,7,Urban area,Kerb,Near/Offside crash barrier,Not at or within 20 metres of junction,NISSAN,Male,Going ahead left-hand bend,Car,Front,648,3
2006,22,9,Urban area,Kerb,Other permanent object,Not at or within 20 metres of junction,FIAT,Male,Going ahead other,Car,Front,507,10
2006,31,6,Urban area,Kerb,Tree,Approaching junction or waiting/parked at junction approach,VOLVO,Male,Going ahead other,Car,Front,642,9
2006,66,9,Urban area,Kerb,Other permanent object,Not at or within 20 metres of junction,MERCEDES,Male,Moving off,Car,Nearside,227,8
2006,51,2,Urban area,Kerb,Road sign or traffic signal,Approaching junction or waiting/parked at junction approach,ROVER,Male,Going ahead other,Car,Front,710,9
2006,60,2,Urban area,Kerb,Lamp post,Mid Junction - on roundabout or on main road,HONDA,Male,Going ahead other,Car,Back,728,10
2006,60,18,Urban area,Kerb,Other permanent object,Approaching junction or waiting/parked at junction approach,NISSAN,Male,Going ahead other,Car,Front,371,1
2006,70,2,Small town,Kerb,Road sign or traffic signal,Approaching junction or waiting/parked at junction approach,VOLKSWAGEN,Male,Going ahead other,Car,Front,738,1
2006,75,5,Rural,Kerb,Other permanent object,Cleared junction or waiting/parked at junction exit,BMW,Male,Going ahead other,Car,Front,386,6
2006,54,6,Urban area,Kerb,Road sign or traffic signal,Approaching junction or waiting/parked at junction approach,RENAULT,Male,Going ahead other,Car,Front,279,1
2006,22,4,Urban area,Kerb,Other permanent object,Not at or within 20 metres of junction,PEUGEOT,Male,Going ahead left-hand bend,Car,Front,375,0
2006,80,1,Urban area,Kerb,Other permanent object,Cleared junction or waiting/parked at junction exit,PEUGEOT,Male,Going ahead other,Motorcycle 50cc and under,Front,273,9
2006,49,8,Urban area,Kerb,Central crash barrier,Approaching junction or waiting/parked at junction approach,AUDI,Male,Overtaking moving vehicle - offside,Car,Offside,615,1
2006,28,1,Urban area,Kerb,Other permanent object,Not at or within 20 metres of junction,TOYOTA,Male,Going ahead right-hand bend,Car,Front,789,8
2006,23,1,Urban area,Bollard or refuge,Other permanent object,Mid Junction - on roundabout or on main road,PEUGEOT,Male,Going ahead left-hand bend,Car,Back,592,8
2006,49,8,Urban area,Kerb,Other permanent object,Not at or within 20 metres of junction,MERCEDES,Male,Going ahead right-hand bend,Car,Front,466,12
2006,75,5,Urban area,Kerb,Entered ditch,Not at or within 20 metres of junction,CITROEN,Female,Going ahead left-hand bend,Car,Offside,740,12
2006,46,1,Urban area,Kerb,Other permanent object,Mid Junction - on roundabout or on main road,KIA,Female,Going ahead other,Car,Front,156,6
2006,20,6,Urban area,Kerb,Other permanent object,Not at or within 20 metres of junction,HONDA,Male,Going ahead other,Car,Offside,439,10
2006,70,14,Small town,Kerb,Other permanent object,Approaching junction or waiting/parked at junction approach,ROVER,Male,Going ahead other,Car,Offside,466,3
2006,27,3,Urban area,Kerb,Lamp post,Leaving roundabout,MAZDA,Male,Going ahead other,Car,Front,233,6
2006,79,5,Rural,Kerb,Entered ditch,Not at or within 20 metres of junction,BMW,Female,Going ahead left-hand bend,Car,Back,243,7
2006,51,8,Small town,Kerb,Tree,Not at or within 20 metres of junction,MITSUBISHI,Male,Going ahead right-hand bend,Car,Front,604,7
2006,65,2,Small town,Parked vehicle,Entered ditch,Not at or within 20 metres of junction,RENAULT,Male,Going ahead right-hand bend,Car,Nearside,673,5
2006,36,9,Urban area,Kerb,Lamp post,Mid Junction - on roundabout or on main road,HONDA,Male,Turning left,Car,Front,691,5
2006,41,12,Urban area,Kerb,Tree,Not at or within 20 metres of junction,ROVER,Female,Going ahead other,Car,Nearside,469,11
2006,35,2,Urban area,Parked vehicle,Near/Offside crash barrier,Not at or within 20 metres of junction,SUZUKI,Male,Reversing,Car,Back,586,3
2006,65,10,Urban area,Any animal (except ridden horse),Entered ditch,Not at or within 20 metres of junction,CITROEN,Male,Going ahead other,Car,Front,475,5
2006,52,2,Rural,Kerb,Tree,Mid Junction - on roundabout or on main road,SAAB,Female,Overtaking moving vehicle - offside,Car,Front,422,6
2006,55,10,Urban area,Kerb,Other permanent object,Cleared junction or waiting/parked at junction exit,FIAT,Female,Moving off,Car,Front,272,6
2006,36,13,Urban area,Bollard or refuge,Road sign or traffic signal,Approaching junction or waiting/parked at junction approach,RENAULT,Male,Going ahead other,Car,Front,333,0
2006,60,14,Rural,Kerb,Tree,Cleared junction or waiting/parked at junction exit,FORD,Male,Going ahead right-hand bend,Car,Nearside,676,9
2006,37,12,Urban area,Parked vehicle,Lamp post,Not at or within 20 metres of junction,KIA,Female,Going ahead left-hand bend,Car,Front,216,6
2006,39,6,Urban area,Kerb,Other permanent object,Not at or within 20 metres of junction,RENAULT,Male,Going ahead other,Car,Offside,419,3
2006,62,12,Small town,Kerb,Central crash barrier,Cleared junction or waiting/parked at junction exit,PEUGEOT,Male,U-turn,Car,Nearside,258,4
2006,53,4,Small town,Kerb,Lamp post,Not at or within 20 metres of junction,ROVER,Male,Going ahead other,Car,Front,799,3
2006,56,8,Urban area,Kerb,Lamp post,Not at or within 20 metres of junction,FORD,Male,Going ahead left-hand bend,Van / Goods ,Front,118,6
2006,51,8,Small town,Kerb,Central crash barrier,Not at or within 20 metres of junction,RENAULT,Male,Going ahead other,Car,Front,643,2
2006,45,3,Urban area,Kerb,Other permanent object,Mid Junction - on roundabout or on main road,FIAT,Male,Going ahead other,Car,Front,480,3
2006,23,4,Urban area,Kerb,Road sign or traffic signal,Not at or within 20 metres of junction,MAZDA,Male,Going ahead other,Van / Goods ,Front,720,5
2006,52,15,Urban area,Central island of roundabout,Other permanent object,Entering roundabout,ROVER,Male,Going ahead other,Car,Front,142,4
2006,76,1,Urban area,Parked vehicle,Tree,Not at or within 20 metres of junction,PEUGEOT,Male,Going ahead other,Van / Goods ,Front,506,5
2006,57,2,Urban area,Parked vehicle,Other permanent object,Not at or within 20 metres of junction,IVECO,Male,Going ahead other,Van / Goods ,Nearside,585,10
2006,38,5,Urban area,Central island of roundabout,Other permanent object,Entering roundabout,FORD,Male,Going ahead left-hand bend,Car,Front,311,9
2006,18,14,Urban area,Bollard or refuge,Road sign or traffic signal,Cleared junction or waiting/parked at junction exit,CITROEN,Male,Going ahead other,Car,Nearside,512,6
2006,47,1,Urban area,Parked vehicle,Other permanent object,Not at or within 20 metres of junction,MERCEDES,Male,Going ahead right-hand bend,Car,Front,100,7
2006,20,12,Urban area,Parked vehicle,Tree,Mid Junction - on roundabout or on main road,NISSAN,Male,Going ahead right-hand bend,Car,Front,192,3
2006,69,3,Urban area,Kerb,Lamp post,Not at or within 20 metres of junction,RENAULT,Male,Going ahead other,Car,Nearside,404,9
2006,50,4,Urban area,Kerb,Other permanent object,Mid Junction - on roundabout or on main road,JEEP,Female,Going ahead other,Car,Front,787,12
2006,33,3,Urban area,Parked vehicle,Other permanent object,Entering main road,SAAB,Female,Turning left,Car,Front,262,7
2006,22,4,Urban area,Central island of roundabout,Other permanent object,Entering roundabout,RENAULT,Female,Going ahead other,Car,Front,676,1
2006,27,8,Urban area,Kerb,Road sign or traffic signal,Mid Junction - on roundabout or on main road,TOYOTA,Female,Going ahead other,Car,Offside,151,7
2006,59,7,Urban area,Parked vehicle,Other permanent object,Not at or within 20 metres of junction,PEUGEOT,Male,Going ahead other,Car,Front,111,6
2006,66,10,Urban area,Bollard or refuge,Road sign or traffic signal,Approaching junction or waiting/parked at junction approach,PEUGEOT,Female,Waiting to turn right,Car,Back,527,10
2006,24,3,Urban area,Kerb,Road sign or traffic signal,Mid Junction - on roundabout or on main road,RENAULT,Female,Turning right,Car,Offside,238,7
2006,26,12,Urban area,Bollard or refuge,Central crash barrier,Leaving main road,RENAULT,Male,Turning right,Car,Front,443,8
2006,62,8,Urban area,Central island of roundabout,Road sign or traffic signal,Entering roundabout,FIAT,Male,Going ahead other,Car,Front,367,2
2006,26,6,Urban area,Bollard or refuge,Near/Offside crash barrier,Approaching junction or waiting/parked at junction approach,HYUNDAI,Female,Going ahead other,Car,Nearside,160,7
2006,62,9,Urban area,Kerb,Lamp post,Not at or within 20 metres of junction,FORD,Male,Going ahead other,Car,Front,488,1
2006,59,10,Urban area,Bollard or refuge,Other permanent object,Approaching junction or waiting/parked at junction approach,HYUNDAI,Male,Going ahead other,Car,Nearside,707,6
2006,55,4,Urban area,Bollard or refuge,Other permanent object,Not at or within 20 metres of junction,BMW,Male,Going ahead right-hand bend,Car,Front,123,2
2006,68,5,Urban area,Parked vehicle,Lamp post,Not at or within 20 metres of junction,TOYOTA,Male,Overtaking moving vehicle - offside,Car,Front,676,7
2006,21,7,Urban area,Kerb,Lamp post,Not at or within 20 metres of junction,ALFA ROMEO,Male,Going ahead other,Car,Front,387,8
2006,72,15,Urban area,Kerb,Other permanent object,Not at or within 20 metres of junction,MAZDA,Male,Going ahead other,Car,Front,194,11
2006,35,1,Urban area,Kerb,Other permanent object,Not at or within 20 metres of junction,TOYOTA,Male,Going ahead other,Car,Front,499,5
2006,37,6,Urban area,Kerb,Road sign or traffic signal,Cleared junction or waiting/parked at junction exit,CITROEN,Male,Going ahead other,Car,Front,699,1
2006,32,2,Urban area,Kerb,Other permanent object,Not at or within 20 metres of junction,FORD,Male,Going ahead other,Car,Front,669,2
2006,50,7,Urban area,Kerb,Other permanent object,Mid Junction - on roundabout or on main road,FIAT,Male,Changing lane to left,Car,Nearside,114,5