Year_N,Age_of_Driver_N,Age_of_Vehicle_N,Accident_Area_Type_C,On_road_object_hit_C,Off_road_object_hit _C,Junction_Location_C,Car_Make_C,Driver_Sex_C,Vehicle_Manoeuvre_C,Vehicle_Type_C,Point_of_Impact_C,Cost_of_Incident_N,Weeks_to_Repair_N
2007,51,12,Urban area,Kerb,Other permanent object,Approaching junction or waiting/parked at junction approach,AUDI,Male,Going ahead other,Car,Front,517,7
2007,53,4,Urban area,Kerb,Other permanent object,Not at or within 20 metres of junction,FIAT,Female,Going ahead other,Car,Front,463,6
2007,61,11,Urban area,Other object,Telegraph or electricity pole,Not at or within 20 metres of junction,BMW,Male,Going ahead right-hand bend,Car,Front,634,7
2007,17,4,Urban area,Kerb,Lamp post,Approaching junction or waiting/parked at junction approach,RENAULT,Female,Going ahead other,Car,Nearside,595,11
2007,62,10,Urban area,Kerb,Tree,Not at or within 20 metres of junction,BMW,Male,Overtaking moving vehicle - offside,Car,Offside,705,11
2007,76,4,Urban area,Kerb,Entered ditch,Not at or within 20 metres of junction,VOLKSWAGEN,Male,Going ahead other,Car,Front,365,9
2007,75,3,Urban area,Kerb,Lamp post,Not at or within 20 metres of junction,HONDA,Male,Going ahead left-hand bend,Car,Offside,162,10
2007,39,1,Urban area,Kerb,Tree,Not at or within 20 metres of junction,FIAT,Male,Going ahead left-hand bend,Car,Front,541,1
2007,24,1,Urban area,Kerb,Other permanent object,Not at or within 20 metres of junction,VOLKSWAGEN,Female,Going ahead other,Car,Back,722,1
2007,52,4,Urban area,Parked vehicle,Other permanent object,Approaching junction or waiting/parked at junction approach,MERCEDES,Male,Turning left,Car,Front,386,10
2007,61,1,Urban area,Bollard or refuge,Central crash barrier,Not at or within 20 metres of junction,FORD,Male,Slowing or stopping,Car,Back,772,6
2007,54,9,Urban area,Bollard or refuge,Lamp post,Cleared junction or waiting/parked at junction exit,HONDA,Male,Going ahead other,Car,Front,210,5
2007,70,2,Urban area,Bollard or refuge,Other permanent object,Not at or within 20 metres of junction,PEUGEOT,Male,Going ahead right-hand bend,Car,Front,223,8
2007,66,5,Urban area,Bollard or refuge,Central crash barrier,Not at or within 20 metres of junction,RENAULT,Female,Going ahead other,Car,Front,780,7
2007,35,9,Urban area,Kerb,Entered ditch,Not at or within 20 metres of junction,HONDA,Male,Going ahead left-hand bend,Car,Front,530,1
2007,21,6,Urban area,Kerb,Entered ditch,Not at or within 20 metres of junction,PEUGEOT,Male,Going ahead other,Car,Offside,239,2
2007,74,4,Rural,Bollard or refuge,Other permanent object,Not at or within 20 metres of junction,VOLKSWAGEN,Female,Waiting to go - held up,Car,Back,374,6
2007,25,10,Urban area,Kerb,Road sign or traffic signal,Not at or within 20 metres of junction,RENAULT,Male,Going ahead other,Car,Front,295,0
2007,47,11,Urban area,Kerb,Other permanent object,Not at or within 20 metres of junction,PEUGEOT,Male,Going ahead other,Car,Front,205,0
2007,29,5,Rural,Kerb,Other permanent object,Not at or within 20 metres of junction,VOLKSWAGEN,Female,Going ahead other,Car,Offside,784,1
2007,73,6,Urban area,Kerb,Lamp post,Mid Junction - on roundabout or on main road,NISSAN,Male,Going ahead other,Car,Offside,397,10
2007,57,2,Urban area,Kerb,Road sign or traffic signal,Cleared junction or waiting/parked at junction exit,HONDA,Female,Turning left,Car,Front,258,8
2007,51,8,Urban area,Kerb,Lamp post,Not at or within 20 metres of junction,NISSAN,Male,Going ahead other,Car,Back,591,5
2007,55,3,Rural,Kerb,Lamp post,Not at or within 20 metres of junction,MITSUBISHI,Male,Going ahead left-hand bend,Van / Goods ,Nearside,438,6
2007,38,23,Urban area,Kerb,Other permanent object,Mid Junction - on roundabout or on main road,HONDA,Male,Going ahead left-hand bend,Motorcycle 125cc and under,Front,335,4
2007,31,7,Rural,Kerb,Lamp post,Leaving main road,VOLVO,Male,Turning left,Car,Front,721,7
2007,46,4,Urban area,Kerb,Other permanent object,Mid Junction - on roundabout or on main road,TOYOTA,Female,Slowing or stopping,Car,Back,577,12
2007,56,6,Urban area,Bollard or refuge,Other permanent object,Mid Junction - on roundabout or on main road,AUDI,Male,Turning left,Car,Front,360,3
2007,75,7,Urban area,Bollard or refuge,Road sign or traffic signal,Leaving main road,FORD,Male,Turning right,Van / Goods ,Back,409,3
2007,39,6,Urban area,Kerb,Entered ditch,Not at or within 20 metres of junction,RENAULT,Male,Going ahead other,Car,Front,727,11
2007,60,3,Urban area,Kerb,Tree,Not at or within 20 metres of junction,PEUGEOT,Male,Going ahead right-hand bend,Car,Offside,403,2
2007,21,4,Urban area,Any animal (except ridden horse),Near/Offside crash barrier,Not at or within 20 metres of junction,MERCEDES,Male,Going ahead other,Van / Goods ,Front,641,9
2007,79,11,Rural,Kerb,Other permanent object,Not at or within 20 metres of junction,CITROEN,Male,Going ahead other,Car,Front,278,1
2007,35,10,Urban area,Central island of roundabout,Lamp post,Entering roundabout,PEUGEOT,Male,Going ahead left-hand bend,Car,Front,211,6
2007,32,2,Urban area,Kerb,Other permanent object,Mid Junction - on roundabout or on main road,AUDI,Male,Going ahead other,Car,Front,697,5
2007,63,7,Urban area,Bollard or refuge,Other permanent object,Leaving main road,ROVER,Male,Slowing or stopping,Car,Offside,428,10
2007,33,23,Urban area,Kerb,Entered ditch,Not at or within 20 metres of junction,HONDA,Male,Going ahead right-hand bend,Motorcycle ,Front,522,2
2007,74,6,Small town,Kerb,Other permanent object,Not at or within 20 metres of junction,TOYOTA,Male,Going ahead other,Car,Front,774,1
2007,51,7,Urban area,Kerb,Near/Offside crash barrier,Approaching junction or waiting/parked at junction approach,DUCATI,Male,Going ahead left-hand bend,Motorcycle ,Front,298,0
2007,17,7,Urban area,Kerb,Other permanent object,Not at or within 20 metres of junction,TOYOTA,Male,U-turn,Taxi/Private hire car,Front,662,11
2007,27,7,Urban area,Kerb,Tree,Not at or within 20 metres of junction,CITROEN,Male,Going ahead right-hand bend,Car,Front,469,9
2007,45,3,Urban area,Kerb,Other permanent object,Not at or within 20 metres of junction,VOLVO,Female,Going ahead right-hand bend,Car,Back,732,9
2007,33,3,Urban area,Kerb,Lamp post,Leaving main road,PEUGEOT,Male,Going ahead left-hand bend,Car,Front,725,10
2007,23,2,Rural,Kerb,Other permanent object,Leaving roundabout,CITROEN,Male,Turning right,Car,Front,624,2
2007,67,6,Urban area,Kerb,Other permanent object,Leaving main road,CITROEN,Male,Turning right,Car,Nearside,439,3
2007,73,1,Urban area,Bollard or refuge,Central crash barrier,Not at or within 20 metres of junction,BMW,Female,Overtaking moving vehicle - offside,Car,Nearside,278,11
2007,35,3,Urban area,Kerb,Other permanent object,Not at or within 20 metres of junction,HONDA,Male,Going ahead other,Motorcycle 125cc and under,Offside,167,9
2007,30,8,Urban area,Bollard or refuge,Other permanent object,Approaching junction or waiting/parked at junction approach,RENAULT,Male,Waiting to turn left,Car,Back,746,3
2007,66,6,Urban area,Any animal (except ridden horse),Near/Offside crash barrier,Entering roundabout,VOLKSWAGEN,Female,Going ahead other,Car,Front,717,0
2007,77,3,Rural,Kerb,Other permanent object,Not at or within 20 metres of junction,RENAULT,Male,Going ahead right-hand bend,Car,Nearside,150,1
2007,77,3,Urban area,Kerb,Telegraph or electricity pole,Not at or within 20 metres of junction,MITSUBISHI,Female,Going ahead other,Car,Front,456,5
2007,58,9,Urban area,Kerb,Entered ditch,Not at or within 20 metres of junction,RENAULT,Male,Going ahead left-hand bend,Car,Front,403,5
2007,76,15,Urban area,Kerb,Other permanent object,Approaching junction or waiting/parked at junction approach,PEUGEOT,Male,Waiting to go - held up,Car,Front,694,10
2007,51,7,Urban area,Kerb,Road sign or traffic signal,Leaving roundabout,CITROEN,Male,Turning left,Car,Front,495,3
2007,46,7,Urban area,Bollard or refuge,Road sign or traffic signal,Not at or within 20 metres of junction,FIAT,Male,Changing lane to right,Car,Front,639,11
2007,56,13,Urban area,Kerb,Lamp post,Mid Junction - on roundabout or on main road,ROVER,Male,Going ahead right-hand bend,Car,Back,281,11
2007,44,5,Urban area,Kerb,Near/Offside crash barrier,Leaving main road,SUZUKI,Female,Going ahead left-hand bend,Motorcycle 125cc and under,Front,310,7
2007,34,3,Urban area,Kerb,Central crash barrier,Not at or within 20 metres of junction,PEUGEOT,Female,Going ahead other,Car,Front,164,11
2007,52,7,Urban area,Kerb,Other permanent object,Approaching junction or waiting/parked at junction approach,PEUGEOT,Female,Going ahead right-hand bend,Car,Front,301,5
2007,26,2,Rural,Central island of roundabout,Tree,Mid Junction - on roundabout or on main road,FORD,Male,Going ahead right-hand bend,Car,Front,544,4
2007,37,7,Urban area,Other object,Tree,Not at or within 20 metres of junction,CITROEN,Male,Going ahead other,Car,Front,320,5
2007,56,1,Rural,Kerb,Telegraph or electricity pole,Not at or within 20 metres of junction,SAAB,Female,Going ahead left-hand bend,Car,Front,661,4
2007,20,3,Urban area,Kerb,Central crash barrier,Not at or within 20 metres of junction,VOLVO,Male,Going ahead other,Car,Offside,704,4
2007,68,2,Urban area,Bollard or refuge,Lamp post,Approaching junction or waiting/parked at junction approach,PEUGEOT,Male,Slowing or stopping,Car,Front,763,11
2007,41,5,Urban area,Kerb,Lamp post,Entering roundabout,PEUGEOT,Male,Going ahead other,Car,Front,153,1
2007,20,11,Urban area,Kerb,Road sign or traffic signal,Approaching junction or waiting/parked at junction approach,HONDA,Male,Slowing or stopping,Car,Offside,679,0
2007,77,2,Urban area,Kerb,Other permanent object,Not at or within 20 metres of junction,HONDA,Female,Going ahead left-hand bend,Car,Back,569,10
2007,46,2,Small town,Any animal (except ridden horse),Entered ditch,Not at or within 20 metres of junction,HONDA,Male,Going ahead right-hand bend,Car,Front,457,9
2007,55,6,Urban area,Kerb,Other permanent object,Not at or within 20 metres of junction,TOYOTA,Male,Going ahead right-hand bend,Car,Front,786,3
2007,44,11,Urban area,Kerb,Other permanent object,Entering roundabout,ROVER,Male,Going ahead left-hand bend,Car,Front,403,4
2007,22,6,Small town,Kerb,Road sign or traffic signal,Approaching junction or waiting/parked at junction approach,FIAT,Male,Going ahead other,Car,Front,510,10
2007,36,13,Urban area,Kerb,Near/Offside crash barrier,Not at or within 20 metres of junction,VOLKSWAGEN,Female,Going ahead other,Car,Front,754,3
2007,23,17,Rural,Kerb,Other permanent object,Mid Junction - on roundabout or on main road,HONDA,Male,Going ahead other,Car,Front,543,9
2007,60,10,Urban area,Kerb,Lamp post,Mid Junction - on roundabout or on main road,RENAULT,Male,Going ahead other,Car,Nearside,380,0
2007,79,1,Urban area,Kerb,Other permanent object,Not at or within 20 metres of junction,NISSAN,Female,Going ahead other,Car,Front,368,9
2007,48,13,Urban area,Kerb,Other permanent object,Mid Junction - on roundabout or on main road,VOLVO,Male,Going ahead other,Car,Front,533,0
2007,52,12,Small town,Kerb,Bus stop or bus shelter,Not at or within 20 metres of junction,PEUGEOT,Male,Going ahead right-hand bend,Car,Front,528,11
2007,65,1,Rural,Kerb,Telegraph or electricity pole,Leaving main road,FORD,Female,Turning right,Car,Offside,149,7
2007,42,15,Urban area,Kerb,Lamp post,Not at or within 20 metres of junction,HONDA,Male,Going ahead left-hand bend,Car,Front,104,1
2007,21,5,Urban area,Kerb,Entered ditch,Not at or within 20 metres of junction,FIAT,Female,Going ahead left-hand bend,Car,Front,196,5
2007,32,6,Urban area,Bollard or refuge,Road sign or traffic signal,Mid Junction - on roundabout or on main road,RENAULT,Male,Going ahead right-hand bend,Car,Front,471,9
2007,34,10,Urban area,Bollard or refuge,Near/Offside crash barrier,Mid Junction - on roundabout or on main road,ROVER,Male,Going ahead other,Car,Nearside,299,7
2007,68,6,Urban area,Kerb,Lamp post,Not at or within 20 metres of junction,BMW,Male,Going ahead other,Car,Front,772,2
2007,76,6,Urban area,Kerb,Other permanent object,Mid Junction - on roundabout or on main road,FIAT,Male,Going ahead right-hand bend,Car,Front,490,6
2007,76,4,Rural,Kerb,Entered ditch,Not at or within 20 metres of junction,KIA,Female,Going ahead right-hand bend,Car,Front,512,3
2007,48,13,Small town,Kerb,Other permanent object,Cleared junction or waiting/parked at junction exit,SUZUKI,Male,Turning right,Car,Nearside,394,5
2007,60,5,Urban area,Kerb,Telegraph or electricity pole,Not at or within 20 metres of junction,MAZDA,Male,Going ahead right-hand bend,Car,Nearside,398,12
2007,80,1,Urban area,Kerb,Other permanent object,Mid Junction - on roundabout or on main road,VOLKSWAGEN,Male,Turning left,Car,Front,764,8
2007,19,3,Small town,Kerb,Road sign or traffic signal,Mid Junction - on roundabout or on main road,HONDA,Male,Going ahead other,Motorcycle 50cc and under,Front,554,8
2007,31,10,Urban area,Kerb,Tree,Not at or within 20 metres of junction,RENAULT,Male,Going ahead left-hand bend,Car,Front,633,1
2007,22,15,Urban area,Kerb,Near/Offside crash barrier,Entering roundabout,PEUGEOT,Male,Going ahead other,Car,Front,104,7
2007,30,5,Rural,Kerb,Near/Offside crash barrier,Entering from slip road,FIAT,Male,Slowing or stopping,Car,Front,126,10
2007,53,3,Urban area,Kerb,Other permanent object,Not at or within 20 metres of junction,CITROEN,Male,Going ahead other,Car,Front,539,11
2007,53,6,Small town,Kerb,Other permanent object,Mid Junction - on roundabout or on main road,SUZUKI,Male,Turning left,Car,Front,698,2
2007,65,2,Urban area,Kerb,Other permanent object,Not at or within 20 metres of junction,RENAULT,Male,Going ahead left-hand bend,Car,Nearside,350,12
2007,76,4,Rural,Kerb,Entered ditch,Not at or within 20 metres of junction,RENAULT,Male,Going ahead right-hand bend,Car,Front,524,0
2007,22,2,Small town,Bollard or refuge,Lamp post,Not at or within 20 metres of junction,PEUGEOT,Female,Going ahead other,Car,Front,229,5
2007,22,2,Rural,Bollard or refuge,Near/Offside crash barrier,Not at or within 20 metres of junction,PORSCHE,Male,Going ahead other,Car,Front,236,8
2007,47,9,Urban area,Bridge (side),Other permanent object,Entering roundabout,VOLVO,Male,Slowing or stopping,Car,Offside,358,12
2007,32,3,Urban area,Parked vehicle,Other permanent object,Not at or within 20 metres of junction,TOYOTA,Female,Overtaking static vehicle - offside,Car,Nearside,286,7
2007,26,1,Urban area,Kerb,Near/Offside crash barrier,Mid Junction - on roundabout or on main road,MITSUBISHI,Male,Going ahead right-hand bend,Car,Front,232,11
2007,65,5,Urban area,Kerb,Tree,Leaving main road,CITROEN,Male,Going ahead left-hand bend,Car,Front,513,1
2007,71,1,Small town,Kerb,Lamp post,Not at or within 20 metres of junction,CITROEN,Male,Going ahead other,Car,Front,662,0
2007,57,10,Urban area,Kerb,Near/Offside crash barrier,Not at or within 20 metres of junction,ROVER,Female,Going ahead other,Car,Front,739,8
2007,63,1,Rural,Parked vehicle,Other permanent object,Mid Junction - on roundabout or on main road,MITSUBISHI,Female,Going ahead left-hand bend,Van / Goods ,Offside,322,4
2007,18,6,Urban area,Kerb,Bus stop or bus shelter,Not at or within 20 metres of junction,PEUGEOT,Male,Going ahead other,Motorcycle 50cc and under,Front,159,2
2007,46,10,Rural,Kerb,Other permanent object,Not at or within 20 metres of junction,NISSAN,Female,Going ahead other,Car,Front,228,2
2007,49,5,Urban area,Kerb,Tree,Cleared junction or waiting/parked at junction exit,HONDA,Male,Going ahead right-hand bend,Car,Offside,651,8
2007,60,3,Urban area,Bridge (side),Other permanent object,Not at or within 20 metres of junction,FIAT,Female,Going ahead left-hand bend,Car,Offside,518,2
2007,45,14,Rural,Bollard or refuge,Other permanent object,Not at or within 20 metres of junction,FORD,Female,Going ahead left-hand bend,Car,Front,397,0
2007,57,1,Urban area,Kerb,Other permanent object,Not at or within 20 metres of junction,FORD,Female,Moving off,Car,Front,686,0
2007,63,3,Small town,Bridge (side),Other permanent object,Not at or within 20 metres of junction,PEUGEOT,Female,Going ahead right-hand bend,Car,Front,792,0
2007,31,6,Small town,Kerb,Tree,Not at or within 20 metres of junction,RENAULT,Male,Going ahead left-hand bend,Car,Nearside,212,7
2007,24,8,Urban area,Kerb,Other permanent object,Approaching junction or waiting/parked at junction approach,RENAULT,Male,Going ahead other,Car,Front,227,7
2007,44,2,Urban area,Kerb,Other permanent object,Approaching junction or waiting/parked at junction approach,MITSUBISHI,Female,Going ahead left-hand bend,Car,Front,755,5
2007,21,1,Urban area,Kerb,Tree,Not at or within 20 metres of junction,FIAT,Female,Going ahead other,Car,Nearside,756,4
2007,43,2,Urban area,Kerb,Lamp post,Not at or within 20 metres of junction,HONDA,Male,Going ahead right-hand bend,Motorcycle 125cc and under,Front,529,0
2007,78,11,Urban area,Bollard or refuge,Other permanent object,Approaching junction or waiting/parked at junction approach,FORD,Male,Slowing or stopping,Car,Offside,102,8
2007,58,3,Rural,Central island of roundabout,Road sign or traffic signal,Entering roundabout,HONDA,Male,Slowing or stopping,Motorcycle ,Front,675,11
2007,52,8,Urban area,Parked vehicle,Other permanent object,Not at or within 20 metres of junction,BMW,Male,Going ahead other,Car,Front,687,6
2007,34,5,Urban area,Kerb,Tree,Cleared junction or waiting/parked at junction exit,PEUGEOT,Female,Going ahead right-hand bend,Car,Front,785,2
2007,30,8,Urban area,Any animal (except ridden horse),Central crash barrier,Not at or within 20 metres of junction,FIAT,Male,Going ahead other,Car,Offside,393,10
2007,19,7,Urban area,Bollard or refuge,Central crash barrier,Approaching junction or waiting/parked at junction approach,CITROEN,Male,Going ahead other,Car,Front,782,9
2007,59,2,Urban area,Kerb,Lamp post,Approaching junction or waiting/parked at junction approach,RENAULT,Male,Going ahead right-hand bend,Car,Nearside,482,3
2007,43,2,Small town,Parked vehicle,Other permanent object,Not at or within 20 metres of junction,ROVER,Female,Overtaking static vehicle - offside,Car,Front,644,5
2007,55,4,Urban area,Bollard or refuge,Lamp post,Leaving roundabout,CITROEN,Male,Turning left,Car,Front,332,12
2007,36,2,Small town,Parked vehicle,Lamp post,Mid Junction - on roundabout or on main road,PEUGEOT,Male,Going ahead other,Car,Front,531,0
2007,20,1,Small town,Kerb,Tree,Not at or within 20 metres of junction,FIAT,Female,Going ahead other,Car,Nearside,438,1
2007,24,2,Urban area,Parked vehicle,Other permanent object,Cleared junction or waiting/parked at junction exit,CHEVROLET,Male,Turning left,Car,Front,761,3
2007,39,3,Rural,Kerb,Tree,Not at or within 20 metres of junction,BMW,Female,Going ahead other,Car,Offside,501,8
2007,70,7,Urban area,Kerb,Road sign or traffic signal,Mid Junction - on roundabout or on main road,CITROEN,Male,Going ahead other,Car,Back,194,2
2007,36,4,Urban area,Parked vehicle,Road sign or traffic signal,Mid Junction - on roundabout or on main road,PEUGEOT,Male,Going ahead other,Taxi/Private hire car,Front,701,2
2007,17,6,Urban area,Kerb,Entered ditch,Not at or within 20 metres of junction,TOYOTA,Female,Going ahead left-hand bend,Car,Front,665,0
2007,76,6,Urban area,Kerb,Entered ditch,Not at or within 20 metres of junction,ROVER,Female,Going ahead left-hand bend,Car,Front,720,10
2007,65,10,Urban area,Kerb,Road sign or traffic signal,Not at or within 20 metres of junction,YAMAHA,Male,Going ahead right-hand bend,Motorcycle ,Front,376,9
2007,27,6,Urban area,Kerb,Road sign or traffic signal,Not at or within 20 metres of junction,CITROEN,Female,Going ahead other,Car,Nearside,171,3
2007,35,11,Urban area,Kerb,Other permanent object,Not at or within 20 metres of junction,KIA,Male,Overtaking moving vehicle - offside,Car,Front,303,2
2007,32,6,Urban area,Kerb,Other permanent object,Mid Junction - on roundabout or on main road,RENAULT,Female,Going ahead left-hand bend,Car,Front,559,12
2007,29,7,Small town,Central island of roundabout,Other permanent object,Mid Junction - on roundabout or on main road,NISSAN,Female,Going ahead other,Car,Front,140,12
2007,33,5,Urban area,Central island of roundabout,Other permanent object,Mid Junction - on roundabout or on main road,BMW,Female,Going ahead right-hand bend,Car,Offside,571,7
2007,80,2,Urban area,Parked vehicle,Other permanent object,Not at or within 20 metres of junction,SUZUKI,Female,Overtaking static vehicle - offside,Car,Front,684,1
2007,40,2,Rural,Bridge (side),Near/Offside crash barrier,Not at or within 20 metres of junction,RENAULT,Female,Slowing or stopping,Car,Offside,347,11
2007,56,16,Rural,Parked vehicle,Other permanent object,Not at or within 20 metres of junction,FORD,Male,Going ahead other,Car,Front,476,4
2007,27,15,Small town,Kerb,Other permanent object,Not at or within 20 metres of junction,FORD,Male,Going ahead other,Car,Nearside,673,2
2007,19,4,Rural,Kerb,Other permanent object,Approaching junction or waiting/parked at junction approach,ROVER,Male,Turning right,Car,Front,463,8
2007,42,5,Rural,Bollard or refuge,Other permanent object,Not at or within 20 metres of junction,RENAULT,Male,Reversing,Car,Front,747,2
2007,23,4,Urban area,Kerb,Other permanent object,Not at or within 20 metres of junction,HONDA,Male,Going ahead other,Car,Did not impact,762,4
2007,33,9,Small town,Any animal (except ridden horse),Entered ditch,Not at or within 20 metres of junction,FORD,Male,Going ahead other,Car,Front,404,0
2007,62,2,Rural,Kerb,Other permanent object,Entering main road,KIA,Female,Going ahead other,Car,Nearside,695,0
2007,27,3,Urban area,Kerb,Road sign or traffic signal,Approaching junction or waiting/parked at junction approach,FIAT,Female,Going ahead other,Car,Front,704,11
2007,49,1,Rural,Kerb,Entered ditch,Not at or within 20 metres of junction,PEUGEOT,Male,Going ahead left-hand bend,Car,Front,569,2
2007,35,3,Urban area,Kerb,Lamp post,Not at or within 20 metres of junction,FIAT,Male,Going ahead other,Taxi/Private hire car,Front,464,8
2007,59,3,Urban area,Central island of roundabout,Road sign or traffic signal,Entering roundabout,SAAB,Male,Turning left,Car,Front,740,5
2007,42,8,Rural,Kerb,Other permanent object,Not at or within 20 metres of junction,VOLKSWAGEN,Male,Going ahead right-hand bend,Car,Nearside,702,11
2007,77,5,Urban area,Kerb,Road sign or traffic signal,Not at or within 20 metres of junction,NISSAN,Male,Going ahead right-hand bend,Car,Front,604,6
2007,28,6,Urban area,Kerb,Entered ditch,Not at or within 20 metres of junction,BMW,Female,Going ahead right-hand bend,Car,Offside,581,6
2007,20,14,Urban area,Kerb,Lamp post,Entering roundabout,FORD,Male,Turning right,Car,Front,109,4
2007,57,1,Urban area,Kerb,Other permanent object,Not at or within 20 metres of junction,MINI,Female,Going ahead other,Car,Offside,226,9
2007,56,2,Urban area,Kerb,Near/Offside crash barrier,Mid Junction - on roundabout or on main road,MITSUBISHI,Male,Going ahead other,Van / Goods ,Nearside,389,1
2007,67,9,Urban area,Kerb,Road sign or traffic signal,Cleared junction or waiting/parked at junction exit,PEUGEOT,Female,Going ahead other,Car,Front,357,1
2007,71,3,Urban area,Other object,Central crash barrier,Not at or within 20 metres of junction,VOLKSWAGEN,Female,Going ahead other,Car,Back,477,3
2007,26,10,Urban area,Bollard or refuge,Entered ditch,Not at or within 20 metres of junction,ROVER,Female,Going ahead other,Car,Front,184,6
2007,78,11,Urban area,Kerb,Tree,Approaching junction or waiting/parked at junction approach,ROVER,Female,Going ahead other,Car,Front,236,6
2007,46,11,Urban area,Bollard or refuge,Bus stop or bus shelter,Approaching junction or waiting/parked at junction approach,MITSUBISHI,Male,Going ahead left-hand bend,Car,Front,309,2
2007,27,3,Urban area,Kerb,Road sign or traffic signal,Not at or within 20 metres of junction,PEUGEOT,Male,Going ahead other,Motorcycle 125cc and under,Front,155,11
2007,21,11,Urban area,Kerb,Other permanent object,Not at or within 20 metres of junction,FORD,Female,Going ahead right-hand bend,Car,Front,778,4
2007,24,7,Urban area,Kerb,Central crash barrier,Not at or within 20 metres of junction,VOLVO,Female,Going ahead right-hand bend,Car,Offside,375,0
2007,31,7,Rural,Kerb,Tree,Leaving roundabout,RENAULT,Male,Going ahead other,Car,Front,772,1
2007,22,4,Urban area,Parked vehicle,Entered ditch,Not at or within 20 metres of junction,CITROEN,Male,Going ahead right-hand bend,Car,Back,795,8
2007,60,7,Urban area,Kerb,Tree,Not at or within 20 metres of junction,BMW,Male,Going ahead right-hand bend,Car,Front,510,7
2007,67,16,Urban area,Kerb,Other permanent object,Leaving main road,CITROEN,Female,Turning left,Car,Back,513,11
2007,53,2,Urban area,Kerb,Other permanent object,Mid Junction - on roundabout or on main road,HARLEY-DAVIDSON,Male,Going ahead other,Motorcycle ,Front,719,6
2007,17,3,Urban area,Kerb,Tree,Not at or within 20 metres of junction,HYUNDAI,Female,Going ahead other,Car,Front,682,12
2007,50,13,Urban area,Bollard or refuge,Road sign or traffic signal,Not at or within 20 metres of junction,RENAULT,Male,Going ahead other,Car,Front,173,9
2007,27,7,Urban area,Bollard or refuge,Road sign or traffic signal,Not at or within 20 metres of junction,RENAULT,Female,Going ahead other,Car,Front,399,1
2007,25,10,Urban area,Bollard or refuge,Road sign or traffic signal,Not at or within 20 metres of junction,ROVER,Male,Going ahead other,Car,Front,525,0
2007,50,10,Rural,Bollard or refuge,Other permanent object,Not at or within 20 metres of junction,BMW,Female,Going ahead other,Car,Front,746,1
2007,26,4,Small town,Kerb,Road sign or traffic signal,Mid Junction - on roundabout or on main road,HONDA,Male,Turning left,Motorcycle ,Front,347,2
2007,69,14,Urban area,Kerb,Near/Offside crash barrier,Entering main road,PEUGEOT,Female,Turning right,Car,Front,545,2
2007,30,7,Urban area,Kerb,Telegraph or electricity pole,Not at or within 20 metres of junction,FORD,Male,Going ahead right-hand bend,Car,Front,168,9
2007,25,7,Small town,Kerb,Other permanent object,Entering roundabout,CITROEN,Male,Going ahead other,Car,Nearside,314,5
2007,30,17,Urban area,Kerb,Other permanent object,Entering main road,ROVER,Female,Moving off,Car,Front,473,3
2007,35,6,Small town,Other object,Tree,Not at or within 20 metres of junction,LAND ROVER,Female,Going ahead other,Car,Front,776,1
2007,52,11,Urban area,Central island of roundabout,Central crash barrier,Not at or within 20 metres of junction,CITROEN,Male,Going ahead left-hand bend,Car,Offside,175,11
2007,75,14,Urban area,Kerb,Lamp post,Approaching junction or waiting/parked at junction approach,FORD,Male,Going ahead other,Car,Front,214,0
2007,70,14,Urban area,Kerb,Near/Offside crash barrier,Not at or within 20 metres of junction,VOLVO,Male,Going ahead other,Car,Nearside,553,6
2007,70,2,Small town,Bollard or refuge,Near/Offside crash barrier,Mid Junction - on roundabout or on main road,FORD,Male,Going ahead other,Van / Goods ,Front,196,7
2007,17,1,Rural,Bridge (side),Other permanent object,Approaching junction or waiting/parked at junction approach,FORD,Male,Going ahead left-hand bend,Car,Front,493,4
2007,23,2,Rural,Any animal (except ridden horse),Other permanent object,Cleared junction or waiting/parked at junction exit,YAMAHA,Male,Going ahead other,Motorcycle 125cc and under,Nearside,309,10
2007,69,18,Rural,Bollard or refuge,Road sign or traffic signal,Not at or within 20 metres of junction,FORD,Male,Going ahead other,Car,Front,134,8
2007,18,12,Rural,Kerb,Other permanent object,Not at or within 20 metres of junction,LAND ROVER,Male,Going ahead left-hand bend,Car,Nearside,254,7
2007,21,9,Small town,Bollard or refuge,Central crash barrier,Not at or within 20 metres of junction,AUDI,Male,Going ahead other,Car,Front,656,8
2007,29,4,Rural,Kerb,Entered ditch,Not at or within 20 metres of junction,FORD,Male,Going ahead left-hand bend,Car,Front,388,12
2007,40,9,Urban area,Kerb,Lamp post,Mid Junction - on roundabout or on main road,PEUGEOT,Male,Turning right,Car,Front,420,7
2007,75,12,Urban area,Bridge (side),Other permanent object,Not at or within 20 metres of junction,FIAT,Female,Going ahead other,Car,Back,548,6
2007,62,9,Urban area,Kerb,Tree,Mid Junction - on roundabout or on main road,FORD,Male,Turning right,Car,Nearside,280,1
2007,41,6,Rural,Parked vehicle,Other permanent object,Cleared junction or waiting/parked at junction exit,SUZUKI,Male,Going ahead other,Car,Nearside,191,3
2007,79,1,Rural,Kerb,Tree,Not at or within 20 metres of junction,AUDI,Male,Going ahead other,Car,Front,478,6