Year_N,Age_of_Driver_N,Age_of_Vehicle_N,Accident_Area_Type_C,On_road_object_hit_C,Off_road_object_hit _C,Junction_Location_C,Car_Make_C,Driver_Sex_C,Vehicle_Manoeuvre_C,Vehicle_Type_C,Point_of_Impact_C,Cost_of_Incident_N,Weeks_to_Repair_N
2007,55,2,Urban area,Kerb,Road sign or traffic signal,Cleared junction or waiting/parked at junction exit,CITROEN,Female,Going ahead other,Car,Offside,739,6
2007,61,1,Urban area,Kerb,Other permanent object,Not at or within 20 metres of junction,FORD,Male,Going ahead other,Car,Nearside,227,0
2007,22,4,Urban area,Other object,Lamp post,Not at or within 20 metres of junction,FORD,Male,Going ahead other,Car,Front,553,8
2007,58,7,Urban area,Any animal (except ridden horse),Central crash barrier,Not at or within 20 metres of junction,PEUGEOT,Male,Going ahead other,Car,Front,493,8
2007,20,1,Urban area,Kerb,Other permanent object,Not at or within 20 metres of junction,RENAULT,Male,Going ahead left-hand bend,Car,Offside,476,2
2007,47,10,Urban area,Parked vehicle,Other permanent object,Not at or within 20 metres of junction,CITROEN,Male,Going ahead left-hand bend,Car,Front,293,6
2007,61,18,Urban area,Kerb,Near/Offside crash barrier,Not at or within 20 metres of junction,AUDI,Male,Going ahead other,Car,Front,741,11
2007,52,8,Rural,Road works,Near/Offside crash barrier,Not at or within 20 metres of junction,NISSAN,Male,Going ahead other,Car,Front,245,12
2007,47,3,Urban area,Kerb,Near/Offside crash barrier,Not at or within 20 metres of junction,PEUGEOT,Male,Going ahead other,Car,Front,775,12
2007,19,8,Urban area,Bollard or refuge,Entered ditch,Not at or within 20 metres of junction,PEUGEOT,Male,Going ahead left-hand bend,Car,Offside,282,4
2007,64,14,Urban area,Kerb,Lamp post,Leaving roundabout,FORD,Female,Turning right,Car,Front,767,0
2007,79,2,Urban area,Kerb,Telegraph or electricity pole,Entering main road,NISSAN,Male,Moving off,Car,Front,588,2
2007,46,8,Urban area,Kerb,Road sign or traffic signal,Entering roundabout,ROVER,Male,Going ahead other,Car,Front,352,10
2007,70,6,Urban area,Kerb,Road sign or traffic signal,Entering roundabout,VOLVO,Male,Moving off,Car,Front,381,8
2007,21,13,Urban area,Kerb,Lamp post,Not at or within 20 metres of junction,ROVER,Female,Going ahead other,Car,Front,523,8
2007,23,1,Small town,Kerb,Other permanent object,Mid Junction - on roundabout or on main road,SUZUKI,Male,Turning right,Car,Nearside,796,4
2007,71,11,Urban area,Kerb,Other permanent object,Entering roundabout,FORD,Male,Going ahead other,Car,Offside,180,3
2007,30,2,Urban area,Bollard or refuge,Other permanent object,Not at or within 20 metres of junction,PEUGEOT,Female,Going ahead other,Car,Front,710,10
2007,18,6,Urban area,Kerb,Entered ditch,Not at or within 20 metres of junction,CITROEN,Female,Slowing or stopping,Car,Offside,784,12
2007,21,16,Urban area,Kerb,Lamp post,Approaching junction or waiting/parked at junction approach,NISSAN,Female,Going ahead other,Car,Did not impact,432,11
2007,36,9,Urban area,Kerb,Lamp post,Not at or within 20 metres of junction,RENAULT,Male,Going ahead other,Car,Front,386,1
2007,44,10,Rural,Kerb,Other permanent object,Mid Junction - on roundabout or on main road,MERCEDES,Female,Going ahead other,Car,Front,560,8
2007,54,4,Rural,Bollard or refuge,Lamp post,Entering main road,SUZUKI,Female,Moving off,Car,Front,786,2
2007,56,11,Urban area,Kerb,Other permanent object,Not at or within 20 metres of junction,NISSAN,Male,Going ahead left-hand bend,Car,Front,222,2
2007,76,2,Urban area,Parked vehicle,Central crash barrier,Not at or within 20 metres of junction,MITSUBISHI,Male,Parked,Other vehicle,Back,388,2
2007,76,10,Urban area,Kerb,Other permanent object,Not at or within 20 metres of junction,HYUNDAI,Male,Going ahead left-hand bend,Car,Front,109,11
2007,73,7,Urban area,Kerb,Other permanent object,Mid Junction - on roundabout or on main road,RENAULT,Female,Going ahead other,Car,Front,647,2
2007,79,15,Urban area,Kerb,Other permanent object,Approaching junction or waiting/parked at junction approach,FORD,Male,Turning right,Car,Back,211,6
2007,52,3,Urban area,Kerb,Near/Offside crash barrier,Mid Junction - on roundabout or on main road,KAWASAKI,Male,Going ahead right-hand bend,Motorcycle ,Offside,308,2
2007,21,11,Urban area,Kerb,Tree,Not at or within 20 metres of junction,BMW,Male,Going ahead other,Car,Nearside,527,12
2007,26,10,Urban area,Bollard or refuge,Central crash barrier,Not at or within 20 metres of junction,FIAT,Male,Overtaking moving vehicle - offside,Car,Offside,640,1
2007,57,5,Urban area,Kerb,Other permanent object,Cleared junction or waiting/parked at junction exit,TOYOTA,Female,Going ahead left-hand bend,Car,Offside,676,3
2007,64,12,Urban area,Kerb,Bus stop or bus shelter,Not at or within 20 metres of junction,ROVER,Female,Going ahead other,Car,Front,103,2
2007,39,1,Rural,Kerb,Other permanent object,Not at or within 20 metres of junction,HONDA,Male,Going ahead other,Car,Offside,267,12
2007,34,1,Rural,Kerb,Other permanent object,Not at or within 20 metres of junction,AUDI,Male,Going ahead left-hand bend,Car,Front,444,7
2007,21,3,Rural,Bollard or refuge,Central crash barrier,Not at or within 20 metres of junction,MITSUBISHI,Male,Going ahead other,Car,Back,491,7
2007,80,14,Urban area,Kerb,Other permanent object,Not at or within 20 metres of junction,BMW,Male,Parked,Car,Back,686,10
2007,65,9,Urban area,Bollard or refuge,Other permanent object,Approaching junction or waiting/parked at junction approach,NISSAN,Male,Going ahead other,Taxi/Private hire car,Nearside,483,1
2007,45,3,Rural,Parked vehicle,Other permanent object,Not at or within 20 metres of junction,CITROEN,Male,Parked,Car,Front,488,7
2007,18,4,Rural,Parked vehicle,Other permanent object,Not at or within 20 metres of junction,FORD,Male,Going ahead other,Van / Goods ,Front,169,0
2007,38,11,Rural,Kerb,Other permanent object,Approaching junction or waiting/parked at junction approach,PEUGEOT,Male,Going ahead other,Car,Front,124,8
2007,70,2,Rural,Kerb,Other permanent object,Not at or within 20 metres of junction,TOYOTA,Female,Going ahead left-hand bend,Car,Nearside,699,5
2007,32,2,Urban area,Kerb,Tree,Not at or within 20 metres of junction,FORD,Male,Going ahead other,Car,Front,402,5
2007,59,8,Rural,Other object,Other permanent object,Not at or within 20 metres of junction,CITROEN,Male,Going ahead left-hand bend,Car,Front,799,2
2007,63,10,Urban area,Kerb,Other permanent object,Mid Junction - on roundabout or on main road,TOYOTA,Male,Going ahead other,Car,Offside,561,7
2007,59,7,Urban area,Kerb,Other permanent object,Cleared junction or waiting/parked at junction exit,FIAT,Male,Going ahead other,Car,Front,578,9
2007,18,4,Urban area,Bollard or refuge,Central crash barrier,Not at or within 20 metres of junction,PEUGEOT,Male,Overtaking moving vehicle - offside,Car,Front,278,1
2007,65,6,Small town,Kerb,Near/Offside crash barrier,Not at or within 20 metres of junction,RENAULT,Male,Going ahead other,Car,Front,325,11
2007,37,5,Urban area,Kerb,Other permanent object,Cleared junction or waiting/parked at junction exit,FORD,Male,Waiting to go - held up,Car,Back,169,0
2007,73,1,Urban area,Kerb,Central crash barrier,Not at or within 20 metres of junction,LAND ROVER,Male,Going ahead other,Car,Front,134,6
2007,25,1,Urban area,Kerb,Telegraph or electricity pole,Mid Junction - on roundabout or on main road,PEUGEOT,Male,Going ahead other,Car,Front,137,5
2007,33,2,Rural,Kerb,Tree,Not at or within 20 metres of junction,FORD,Female,Going ahead left-hand bend,Car,Front,625,11
2007,47,6,Urban area,Kerb,Lamp post,Not at or within 20 metres of junction,HONDA,Male,Overtaking moving vehicle - offside,Motorcycle ,Front,121,9
2007,22,12,Urban area,Kerb,Other permanent object,Mid Junction - on roundabout or on main road,MAZDA,Male,Going ahead other,Car,Front,509,6
2007,72,3,Urban area,Bollard or refuge,Central crash barrier,Entering main road,SUZUKI,Female,Turning right,Car,Back,352,7
2007,56,10,Small town,Kerb,Lamp post,Mid Junction - on roundabout or on main road,ALFA ROMEO,Male,Going ahead other,Car,Front,678,0
2007,32,1,Small town,Kerb,Other permanent object,Entering main road,TOYOTA,Male,Turning right,Car,Offside,251,2
2007,43,1,Urban area,Kerb,Near/Offside crash barrier,Not at or within 20 metres of junction,FORD,Female,Going ahead right-hand bend,Car,Nearside,701,10
2007,58,4,Urban area,Parked vehicle,Lamp post,Not at or within 20 metres of junction,FORD,Male,Going ahead other,Minibus,Front,357,11
2007,62,3,Urban area,Kerb,Tree,Not at or within 20 metres of junction,ROVER,Female,Going ahead right-hand bend,Car,Nearside,541,7
2007,35,7,Urban area,Kerb,Road sign or traffic signal,Not at or within 20 metres of junction,FORD,Male,Going ahead left-hand bend,Car,Nearside,562,8
2007,76,1,Rural,Other object,Lamp post,Not at or within 20 metres of junction,RENAULT,Female,Going ahead other,Car,Front,586,12
2007,63,1,Urban area,Bollard or refuge,Road sign or traffic signal,Not at or within 20 metres of junction,BMW,Male,Going ahead right-hand bend,Car,Offside,795,7
2007,67,3,Urban area,Bollard or refuge,Near/Offside crash barrier,Leaving roundabout,SUZUKI,Male,Turning right,Car,Front,689,9
2007,75,4,Urban area,Kerb,Road sign or traffic signal,Mid Junction - on roundabout or on main road,RENAULT,Male,Going ahead left-hand bend,Car,Nearside,167,4
2007,19,1,Urban area,Kerb,Near/Offside crash barrier,Not at or within 20 metres of junction,FORD,Female,Going ahead other,Car,Nearside,756,11
2007,44,4,Rural,Kerb,Other permanent object,Not at or within 20 metres of junction,VOLKSWAGEN,Female,Going ahead right-hand bend,Car,Nearside,433,11
2007,70,9,Small town,Kerb,Lamp post,Not at or within 20 metres of junction,MAZDA,Male,Going ahead right-hand bend,Car,Nearside,433,8
2007,79,3,Urban area,Parked vehicle,Road sign or traffic signal,Not at or within 20 metres of junction,HONDA,Male,Parked,Car,Offside,421,6
2007,75,1,Urban area,Kerb,Other permanent object,Cleared junction or waiting/parked at junction exit,VOLKSWAGEN,Male,Slowing or stopping,Car,Did not impact,722,2
2007,46,1,Rural,Bridge (side),Other permanent object,Approaching junction or waiting/parked at junction approach,BMW,Female,Going ahead other,Car,Offside,541,9
2007,32,5,Rural,Kerb,Other permanent object,Approaching junction or waiting/parked at junction approach,RENAULT,Male,Going ahead other,Car,Nearside,160,8
2007,70,10,Urban area,Kerb,Other permanent object,Not at or within 20 metres of junction,ROVER,Male,Going ahead left-hand bend,Car,Nearside,479,2
2007,64,14,Rural,Parked vehicle,Near/Offside crash barrier,Not at or within 20 metres of junction,CITROEN,Male,Reversing,Car,Front,535,10
2007,42,18,Rural,Kerb,Telegraph or electricity pole,Not at or within 20 metres of junction,PEUGEOT,Male,Going ahead left-hand bend,Car,Front,278,0
2007,67,2,Rural,Bridge (side),Other permanent object,Not at or within 20 metres of junction,FORD,Male,Going ahead other,Car,Offside,377,4
2007,68,10,Urban area,Kerb,Other permanent object,Not at or within 20 metres of junction,RENAULT,Male,Going ahead right-hand bend,Car,Nearside,690,5
2007,62,2,Rural,Bollard or refuge,Entered ditch,Not at or within 20 metres of junction,LAND ROVER,Male,Going ahead other,Car,Front,210,12
2007,78,8,Small town,Kerb,Other permanent object,Not at or within 20 metres of junction,ROVER,Female,Going ahead left-hand bend,Car,Back,228,3
2007,33,10,Rural,Other object,Entered ditch,Not at or within 20 metres of junction,TOYOTA,Male,Going ahead other,Car,Front,800,7
2007,27,8,Small town,Kerb,Near/Offside crash barrier,Not at or within 20 metres of junction,KAWASAKI,Male,Going ahead other,Motorcycle ,Offside,149,7
2007,77,6,Urban area,Any animal (except ridden horse),Other permanent object,Not at or within 20 metres of junction,PEUGEOT,Male,Going ahead other,Car,Front,108,8
2007,53,1,Rural,Any animal (except ridden horse),Telegraph or electricity pole,Not at or within 20 metres of junction,HONDA,Male,Going ahead other,Motorcycle ,Front,761,0
2007,27,4,Urban area,Other object,Lamp post,Approaching junction or waiting/parked at junction approach,HONDA,Male,Going ahead other,Car,Front,162,10
2007,49,6,Small town,Other object,Other permanent object,Approaching junction or waiting/parked at junction approach,SAAB,Male,Going ahead other,Car,Offside,624,6
2007,74,5,Rural,Kerb,Tree,Approaching junction or waiting/parked at junction approach,SKODA,Male,Going ahead other,Car,Front,261,7
2007,42,12,Urban area,Kerb,Other permanent object,Not at or within 20 metres of junction,FORD,Male,Going ahead right-hand bend,Car,Front,223,11
2007,52,14,Urban area,Kerb,Other permanent object,Not at or within 20 metres of junction,FORD,Male,Turning right,Car,Front,123,8
2007,53,10,Urban area,Kerb,Other permanent object,Not at or within 20 metres of junction,SUZUKI,Male,Going ahead other,Motorcycle ,Front,116,0
2007,68,5,Urban area,Kerb,Tree,Not at or within 20 metres of junction,SUZUKI,Female,Going ahead other,Car,Front,103,3
2007,19,3,Small town,Kerb,Central crash barrier,Not at or within 20 metres of junction,TOYOTA,Female,Overtaking moving vehicle - offside,Car,Front,229,11
2007,36,6,Small town,Bollard or refuge,Other permanent object,Mid Junction - on roundabout or on main road,SKODA,Male,Turning right,Car,Offside,392,5
2007,20,4,Urban area,Kerb,Other permanent object,Not at or within 20 metres of junction,RENAULT,Male,Going ahead right-hand bend,Car,Nearside,150,12
2007,40,13,Urban area,Kerb,Other permanent object,Approaching junction or waiting/parked at junction approach,FORD,Female,Going ahead other,Car,Front,346,9
2007,59,3,Small town,Kerb,Other permanent object,Approaching junction or waiting/parked at junction approach,RENAULT,Female,Going ahead other,Car,Offside,745,2
2007,65,16,Urban area,Kerb,Other permanent object,Not at or within 20 metres of junction,FORD,Male,Going ahead other,Van / Goods ,Front,175,9
2007,20,4,Urban area,Bollard or refuge,Lamp post,Approaching junction or waiting/parked at junction approach,MERCEDES,Male,Going ahead other,Car,Front,338,10
2007,72,5,Urban area,Kerb,Other permanent object,Not at or within 20 metres of junction,RENAULT,Male,Going ahead left-hand bend,Car,Front,246,3
2007,60,2,Urban area,Kerb,Other permanent object,Not at or within 20 metres of junction,PEUGEOT,Male,Going ahead other,Car,Front,379,1
2007,74,6,Urban area,Other object,Entered ditch,Not at or within 20 metres of junction,RENAULT,Male,Going ahead other,Car,Front,482,3
2007,51,12,Urban area,Kerb,Other permanent object,Not at or within 20 metres of junction,CITROEN,Male,Going ahead other,Car,Nearside,157,2
2007,52,9,Urban area,Bollard or refuge,Lamp post,Not at or within 20 metres of junction,RENAULT,Male,Going ahead other,Car,Offside,472,12
2007,73,4,Small town,Bollard or refuge,Road sign or traffic signal,Not at or within 20 metres of junction,KIA,Female,Overtaking - nearside,Car,Front,570,2
2007,67,3,Urban area,Kerb,Lamp post,Mid Junction - on roundabout or on main road,VOLVO,Male,Going ahead right-hand bend,Car,Nearside,608,12
2007,62,11,Urban area,Kerb,Other permanent object,Not at or within 20 metres of junction,HONDA,Female,Going ahead other,Car,Nearside,662,12
2007,55,1,Urban area,Bollard or refuge,Telegraph or electricity pole,Approaching junction or waiting/parked at junction approach,VOLKSWAGEN,Male,Going ahead other,Car,Front,267,11
2007,25,6,Urban area,Kerb,Other permanent object,Mid Junction - on roundabout or on main road,HYUNDAI,Female,Going ahead other,Car,Offside,248,9
2007,24,6,Urban area,Bollard or refuge,Near/Offside crash barrier,Not at or within 20 metres of junction,NISSAN,Male,Going ahead right-hand bend,Car,Front,749,9
2007,49,3,Rural,Bollard or refuge,Central crash barrier,Not at or within 20 metres of junction,PEUGEOT,Male,Going ahead right-hand bend,Car,Front,781,7
2007,44,1,Urban area,Kerb,Tree,Cleared junction or waiting/parked at junction exit,NISSAN,Female,Going ahead other,Car,Offside,433,7
2007,22,10,Urban area,Bollard or refuge,Near/Offside crash barrier,Not at or within 20 metres of junction,HYUNDAI,Female,Going ahead right-hand bend,Car,Front,193,0
2007,22,1,Urban area,Kerb,Near/Offside crash barrier,Cleared junction or waiting/parked at junction exit,CITROEN,Female,Moving off,Car,Nearside,599,11
2007,75,6,Urban area,Kerb,Lamp post,Not at or within 20 metres of junction,HONDA,Male,Going ahead other,Car,Offside,388,8
2007,26,1,Urban area,Kerb,Entered ditch,Not at or within 20 metres of junction,HONDA,Male,Going ahead right-hand bend,Car,Nearside,663,6
2007,56,16,Urban area,Kerb,Lamp post,Not at or within 20 metres of junction,NISSAN,Male,Going ahead right-hand bend,Car,Nearside,282,2
2007,18,6,Urban area,Kerb,Road sign or traffic signal,Not at or within 20 metres of junction,PEUGEOT,Male,Going ahead other,Car,Offside,569,2
2007,67,14,Urban area,Kerb,Other permanent object,Approaching junction or waiting/parked at junction approach,NISSAN,Male,Turning right,Car,Front,697,9
2007,28,4,Urban area,Kerb,Tree,Not at or within 20 metres of junction,RENAULT,Male,Going ahead left-hand bend,Car,Front,313,2
2007,68,4,Urban area,Kerb,Other permanent object,Leaving roundabout,RENAULT,Female,Going ahead other,Car,Front,338,12
2007,37,3,Urban area,Kerb,Other permanent object,Not at or within 20 metres of junction,BMW,Male,Overtaking moving vehicle - offside,Car,Front,109,8
2007,79,11,Urban area,Kerb,Entered ditch,Not at or within 20 metres of junction,MAZDA,Male,Going ahead right-hand bend,Car,Nearside,703,12
2007,19,12,Urban area,Bollard or refuge,Other permanent object,Cleared junction or waiting/parked at junction exit,PEUGEOT,Male,Going ahead other,Car,Front,315,1
2007,19,7,Urban area,Bollard or refuge,Road sign or traffic signal,Not at or within 20 metres of junction,NISSAN,Female,Going ahead other,Car,Front,620,8
2007,69,4,Urban area,Parked vehicle,Lamp post,Not at or within 20 metres of junction,FORD,Male,Going ahead other,Van / Goods ,Front,162,12
2007,27,9,Rural,Kerb,Other permanent object,Not at or within 20 metres of junction,BMW,Male,Going ahead other,Car,Front,300,12
2007,50,3,Rural,Bridge (side),Other permanent object,Not at or within 20 metres of junction,FIAT,Male,Going ahead right-hand bend,Van / Goods ,Front,391,10
2007,24,6,Urban area,Kerb,Entered ditch,Not at or within 20 metres of junction,ROVER,Male,Going ahead left-hand bend,Car,Front,718,4
2007,45,9,Small town,Bridge (side),Other permanent object,Not at or within 20 metres of junction,FIAT,Female,Going ahead right-hand bend,Car,Front,218,11
2007,28,1,Rural,Bridge (side),Other permanent object,Not at or within 20 metres of junction,SUZUKI,Female,Going ahead other,Car,Nearside,795,1
2008,46,10,Urban area,Kerb,Lamp post,Mid Junction - on roundabout or on main road,NISSAN,Male,Going ahead other,Car,Front,365,0
2008,43,2,Urban area,Kerb,Other permanent object,Not at or within 20 metres of junction,FORD,Male,Overtaking moving vehicle - offside,Van / Goods ,Nearside,693,8
2008,79,4,Urban area,Kerb,Other permanent object,Mid Junction - on roundabout or on main road,FORD,Male,Turning left,Car,Nearside,219,7
2008,23,8,Urban area,Kerb,Other permanent object,Cleared junction or waiting/parked at junction exit,TOYOTA,Male,Overtaking - nearside,Car,Front,324,1
2008,26,5,Urban area,Kerb,Tree,Cleared junction or waiting/parked at junction exit,PEUGEOT,Female,Changing lane to left,Car,Nearside,105,6
2008,56,4,Urban area,Kerb,Lamp post,Approaching junction or waiting/parked at junction approach,PEUGEOT,Female,Going ahead other,Car,Front,370,7
2008,41,6,Urban area,Kerb,Other permanent object,Mid Junction - on roundabout or on main road,TOYOTA,Male,Going ahead other,Car,Offside,590,0
2008,34,3,Small town,Kerb,Other permanent object,Not at or within 20 metres of junction,VOLKSWAGEN,Male,Going ahead left-hand bend,Car,Nearside,385,0
2008,68,5,Urban area,Kerb,Other permanent object,Mid Junction - on roundabout or on main road,FIAT,Female,Going ahead other,Car,Nearside,697,9
2008,56,5,Urban area,Kerb,Tree,Not at or within 20 metres of junction,FORD,Male,Changing lane to left,Van / Goods ,Offside,661,5
2008,53,4,Small town,Kerb,Near/Offside crash barrier,Not at or within 20 metres of junction,TOYOTA,Female,Going ahead other,Car,Front,264,4
2008,70,14,Urban area,Kerb,Central crash barrier,Not at or within 20 metres of junction,MERCEDES,Male,Going ahead other,Car,Back,234,3
2008,73,3,Urban area,Kerb,Lamp post,Mid Junction - on roundabout or on main road,MERCEDES,Male,Going ahead other,Car,Nearside,800,6
2008,39,2,Urban area,Kerb,Other permanent object,Mid Junction - on roundabout or on main road,MERCEDES,Female,Going ahead other,Car,Nearside,339,7
2008,19,22,Urban area,Kerb,Other permanent object,Mid Junction - on roundabout or on main road,NISSAN,Female,Turning left,Car,Back,130,8
2008,36,7,Urban area,Kerb,Other permanent object,Cleared junction or waiting/parked at junction exit,MERCEDES,Male,Going ahead right-hand bend,Car,Front,554,0
2008,33,13,Urban area,Kerb,Other permanent object,Not at or within 20 metres of junction,NISSAN,Male,Going ahead right-hand bend,Car,Did not impact,786,7
2008,72,8,Urban area,Kerb,Near/Offside crash barrier,Mid Junction - on roundabout or on main road,TOYOTA,Male,Going ahead other,Car,Front,157,4
2008,76,4,Urban area,Kerb,Other permanent object,Approaching junction or waiting/parked at junction approach,MERCEDES,Male,Turning right,Car,Front,321,9
2008,29,6,Urban area,Kerb,Near/Offside crash barrier,Approaching junction or waiting/parked at junction approach,FIAT,Male,Turning right,Car,Front,702,11
2008,31,4,Urban area,Other object,Other permanent object,Mid Junction - on roundabout or on main road,RENAULT,Male,Going ahead other,Car,Front,466,6
2008,34,7,Urban area,Bollard or refuge,Other permanent object,Mid Junction - on roundabout or on main road,MERCEDES,Male,Going ahead other,Car,Front,471,6
2008,78,10,Urban area,Kerb,Near/Offside crash barrier,Not at or within 20 metres of junction,NISSAN,Female,Going ahead other,Car,Front,728,3
2008,80,3,Urban area,Kerb,Road sign or traffic signal,Mid Junction - on roundabout or on main road,MERCEDES,Male,Going ahead other,Car,Front,685,9
2008,29,5,Urban area,Bollard or refuge,Other permanent object,Approaching junction or waiting/parked at junction approach,VOLKSWAGEN,Male,Going ahead left-hand bend,Car,Front,355,0
2008,75,9,Urban area,Other object,Other permanent object,Entering main road,NISSAN,Male,Turning right,Car,Offside,651,7
2008,74,2,Urban area,Other object,Other permanent object,Not at or within 20 metres of junction,PORSCHE,Male,Going ahead other,Car,Front,335,3
2008,40,3,Rural,Kerb,Lamp post,Not at or within 20 metres of junction,PEUGEOT,Male,Changing lane to right,Car,Offside,498,3
2008,71,4,Urban area,Other object,Road sign or traffic signal,Cleared junction or waiting/parked at junction exit,RENAULT,Female,Turning left,Car,Front,243,11
2008,61,10,Urban area,Other object,Lamp post,Approaching junction or waiting/parked at junction approach,NISSAN,Male,Going ahead other,Car,Front,681,2
2008,28,16,Urban area,Parked vehicle,Other permanent object,Not at or within 20 metres of junction,TOYOTA,Female,Going ahead other,Car,Front,499,5
2008,21,2,Urban area,Kerb,Other permanent object,Approaching junction or waiting/parked at junction approach,FORD,Male,Going ahead other,Car,Offside,106,9
2008,28,1,Urban area,Bollard or refuge,Central crash barrier,Cleared junction or waiting/parked at junction exit,BMW,Male,Overtaking - nearside,Car,Nearside,574,3
2008,62,3,Small town,Kerb,Near/Offside crash barrier,Not at or within 20 metres of junction,NISSAN,Female,Going ahead other,Car,Nearside,788,1
2008,64,1,Urban area,Bollard or refuge,Other permanent object,Approaching junction or waiting/parked at junction approach,NISSAN,Male,Going ahead other,Car,Offside,377,3
2008,33,6,Urban area,Kerb,Near/Offside crash barrier,Not at or within 20 metres of junction,FORD,Male,Going ahead other,Car,Front,730,8
2008,44,4,Urban area,Kerb,Road sign or traffic signal,Not at or within 20 metres of junction,RENAULT,Female,Going ahead other,Car,Offside,409,4
2008,39,2,Urban area,Kerb,Lamp post,Not at or within 20 metres of junction,CITROEN,Male,Going ahead other,Car,Front,408,9
2008,66,5,Urban area,Kerb,Other permanent object,Entering roundabout,PEUGEOT,Male,Going ahead other,Car,Nearside,788,10
2008,58,9,Urban area,Kerb,Tree,Not at or within 20 metres of junction,AUDI,Male,Going ahead right-hand bend,Car,Front,144,7
2008,65,12,Urban area,Kerb,Other permanent object,Approaching junction or waiting/parked at junction approach,HONDA,Male,Turning right,Car,Front,136,4
2008,67,4,Urban area,Kerb,Near/Offside crash barrier,Entering from slip road,FIAT,Male,Going ahead left-hand bend,Car,Did not impact,675,0
2008,21,10,Urban area,Kerb,Central crash barrier,Not at or within 20 metres of junction,MERCEDES,Male,Going ahead other,Van / Goods ,Front,315,3
2008,56,7,Urban area,Kerb,Near/Offside crash barrier,Approaching junction or waiting/parked at junction approach,RENAULT,Male,Going ahead other,Car,Front,422,0
2008,41,3,Urban area,Kerb,Road sign or traffic signal,Not at or within 20 metres of junction,KAWASAKI,Male,Going ahead other,Motorcycle ,Did not impact,334,5
2008,43,1,Urban area,Kerb,Lamp post,Not at or within 20 metres of junction,BMW,Male,Going ahead other,Car,Front,207,4
2008,30,8,Urban area,Kerb,Other permanent object,Not at or within 20 metres of junction,VOLKSWAGEN,Female,Going ahead other,Car,Did not impact,605,0
2008,39,15,Urban area,Kerb,Lamp post,Not at or within 20 metres of junction,CITROEN,Female,Going ahead other,Car,Front,460,0
2008,64,3,Urban area,Central island of roundabout,Telegraph or electricity pole,Mid Junction - on roundabout or on main road,FORD,Male,Going ahead other,Car,Nearside,561,9
2008,79,1,Urban area,Kerb,Bus stop or bus shelter,Approaching junction or waiting/parked at junction approach,BMW,Male,Going ahead other,Car,Front,421,2
2008,20,5,Urban area,Kerb,Near/Offside crash barrier,Not at or within 20 metres of junction,HONDA,Male,Going ahead left-hand bend,Car,Front,481,9
2008,50,4,Urban area,Kerb,Road sign or traffic signal,Mid Junction - on roundabout or on main road,SKODA,Male,Turning right,Car,Front,623,6
2008,40,3,Urban area,Kerb,Road sign or traffic signal,Approaching junction or waiting/parked at junction approach,RENAULT,Female,Going ahead other,Car,Front,125,1
2008,78,7,Urban area,Kerb,Lamp post,Not at or within 20 metres of junction,FORD,Male,Going ahead other,Car,Front,498,2
2008,69,11,Urban area,Kerb,Other permanent object,Not at or within 20 metres of junction,BMW,Male,Going ahead other,Car,Offside,792,3
2008,55,13,Urban area,Kerb,Lamp post,Approaching junction or waiting/parked at junction approach,HONDA,Female,Going ahead other,Car,Front,606,6
2008,21,2,Urban area,Kerb,Tree,Mid Junction - on roundabout or on main road,VOLKSWAGEN,Male,Turning right,Van / Goods ,Back,748,5
2008,30,12,Urban area,Kerb,Road sign or traffic signal,Mid Junction - on roundabout or on main road,MERCEDES,Male,Going ahead other,Car,Front,417,4
2008,75,2,Urban area,Kerb,Road sign or traffic signal,Approaching junction or waiting/parked at junction approach,BMW,Male,Going ahead other,Motorcycle ,Offside,574,12
2008,38,14,Urban area,Kerb,Lamp post,Not at or within 20 metres of junction,ROVER,Male,Going ahead other,Car,Nearside,672,10
2008,56,3,Urban area,Kerb,Other permanent object,Not at or within 20 metres of junction,FORD,Female,Going ahead other,Car,Front,269,3
2008,73,6,Urban area,Kerb,Other permanent object,Cleared junction or waiting/parked at junction exit,HONDA,Female,Going ahead other,Car,Front,104,8
2008,33,7,Urban area,Kerb,Lamp post,Approaching junction or waiting/parked at junction approach,BMW,Male,Waiting to go - held up,Car,Back,745,4
2008,74,4,Urban area,Kerb,Tree,Approaching junction or waiting/parked at junction approach,TOYOTA,Female,Going ahead other,Car,Front,775,1
2008,38,5,Urban area,Kerb,Road sign or traffic signal,Mid Junction - on roundabout or on main road,FORD,Male,Going ahead other,Van / Goods ,Front,296,3
2008,40,9,Urban area,Kerb,Other permanent object,Mid Junction - on roundabout or on main road,MERCEDES,Female,Going ahead other,Car,Nearside,354,3
2008,23,11,Urban area,Kerb,Tree,Cleared junction or waiting/parked at junction exit,VOLKSWAGEN,Male,Turning right,Car,Front,449,1
2008,67,2,Urban area,Kerb,Lamp post,Not at or within 20 metres of junction,LEXUS,Male,Going ahead other,Car,Front,598,5
2008,25,9,Urban area,Kerb,Other permanent object,Cleared junction or waiting/parked at junction exit,NISSAN,Female,Going ahead other,Car,Front,130,12