Year_N,Age_of_Driver_N,Age_of_Vehicle_N,Accident_Area_Type_C,On_road_object_hit_C,Off_road_object_hit _C,Junction_Location_C,Car_Make_C,Driver_Sex_C,Vehicle_Manoeuvre_C,Vehicle_Type_C,Point_of_Impact_C,Cost_of_Incident_N,Weeks_to_Repair_N
2008,19,3,Urban area,Bollard or refuge,Other permanent object,Entering roundabout,RENAULT,Male,Slowing or stopping,Car,Front,589,6
2008,62,5,Urban area,Kerb,Lamp post,Not at or within 20 metres of junction,TOYOTA,Female,Overtaking moving vehicle - offside,Car,Front,750,9
2008,17,1,Urban area,Bollard or refuge,Central crash barrier,Not at or within 20 metres of junction,SAAB,Female,Going ahead other,Car,Front,498,1
2008,66,3,Urban area,Bollard or refuge,Near/Offside crash barrier,Not at or within 20 metres of junction,PEUGEOT,Male,Going ahead other,Car,Front,747,5
2008,24,7,Urban area,Kerb,Tree,Not at or within 20 metres of junction,ALFA ROMEO,Female,Going ahead other,Car,Data missing or out of range,746,7
2008,55,5,Urban area,Kerb,Central crash barrier,Approaching junction or waiting/parked at junction approach,RENAULT,Male,Going ahead right-hand bend,Car,Offside,341,9
2008,33,2,Urban area,Kerb,Entered ditch,Not at or within 20 metres of junction,FORD,Male,Overtaking moving vehicle - offside,Van / Goods ,Offside,381,0
2008,67,5,Urban area,Bollard or refuge,Lamp post,Cleared junction or waiting/parked at junction exit,CITROEN,Male,Turning left,Car,Nearside,421,4
2008,22,8,Urban area,Other object,Other permanent object,Mid Junction - on roundabout or on main road,ROVER,Male,Turning right,Car,Front,797,12
2008,63,4,Urban area,Kerb,Lamp post,Not at or within 20 metres of junction,VOLKSWAGEN,Male,Going ahead left-hand bend,Car,Front,177,3
2008,17,2,Urban area,Kerb,Other permanent object,Entering main road,CHRYSLER,Male,Going ahead other,Car,Front,607,9
2008,72,3,Urban area,Parked vehicle,Other permanent object,Not at or within 20 metres of junction,FORD,Female,Going ahead other,Car,Front,477,3
2008,44,4,Urban area,Kerb,Road sign or traffic signal,Not at or within 20 metres of junction,SUZUKI,Male,Going ahead right-hand bend,Motorcycle ,Front,134,7
2008,70,6,Urban area,Kerb,Near/Offside crash barrier,Leaving roundabout,RENAULT,Female,Going ahead right-hand bend,Car,Front,288,10
2008,44,10,Urban area,Kerb,Other permanent object,Not at or within 20 metres of junction,RENAULT,Male,Going ahead right-hand bend,Car,Nearside,579,11
2008,65,3,Urban area,Bollard or refuge,Near/Offside crash barrier,Entering from slip road,NISSAN,Male,Going ahead other,Car,Front,482,6
2008,45,9,Urban area,Bollard or refuge,Other permanent object,Not at or within 20 metres of junction,RENAULT,Male,Going ahead other,Car,Nearside,614,4
2008,23,6,Urban area,Parked vehicle,Other permanent object,Cleared junction or waiting/parked at junction exit,HONDA,Female,Going ahead other,Car,Front,446,11
2008,75,4,Urban area,Kerb,Other permanent object,Not at or within 20 metres of junction,HONDA,Male,Going ahead other,Motorcycle 125cc and under,Front,570,10
2008,66,11,Urban area,Bridge (side),Near/Offside crash barrier,Not at or within 20 metres of junction,FIAT,Male,Going ahead right-hand bend,Car,Nearside,529,6
2008,71,15,Urban area,Other object,Lamp post,Not at or within 20 metres of junction,ROVER,Male,Going ahead other,Car,Front,373,1
2008,45,5,Urban area,Kerb,Telegraph or electricity pole,Not at or within 20 metres of junction,MAZDA,Male,Going ahead right-hand bend,Car,Nearside,484,0
2008,34,4,Urban area,Kerb,Tree,Not at or within 20 metres of junction,RENAULT,Male,Going ahead right-hand bend,Car,Nearside,276,7
2008,52,2,Rural,Kerb,Near/Offside crash barrier,Not at or within 20 metres of junction,FORD,Female,Going ahead other,Car,Nearside,295,10
2008,76,2,Rural,Kerb,Other permanent object,Leaving roundabout,RENAULT,Male,Turning right,Car,Back,162,1
2008,36,5,Urban area,Bollard or refuge,Road sign or traffic signal,Not at or within 20 metres of junction,FIAT,Male,Changing lane to right,Car,Offside,488,0
2008,18,3,Urban area,Kerb,Other permanent object,Not at or within 20 metres of junction,KIA,Male,Going ahead other,Car,Front,691,5
2008,55,4,Urban area,Kerb,Central crash barrier,Not at or within 20 metres of junction,RENAULT,Female,Changing lane to right,Car,Nearside,747,12
2008,52,1,Urban area,Kerb,Near/Offside crash barrier,Not at or within 20 metres of junction,FIAT,Male,Going ahead right-hand bend,Car,Front,517,6
2008,27,4,Urban area,Kerb,Central crash barrier,Not at or within 20 metres of junction,FORD,Female,Going ahead other,Car,Offside,590,7
2008,78,5,Urban area,Central island of roundabout,Other permanent object,Mid Junction - on roundabout or on main road,HONDA,Female,Going ahead other,Car,Nearside,486,5
2008,73,1,Urban area,Kerb,Other permanent object,Not at or within 20 metres of junction,BMW,Male,Going ahead other,Car,Front,417,6
2008,70,3,Urban area,Kerb,Central crash barrier,Not at or within 20 metres of junction,CITROEN,Female,Going ahead other,Car,Front,181,0
2008,56,12,Urban area,Bollard or refuge,Road sign or traffic signal,Leaving roundabout,HYUNDAI,Male,Turning left,Car,Offside,518,1
2008,29,2,Rural,Kerb,Other permanent object,Not at or within 20 metres of junction,FORD,Male,Going ahead left-hand bend,Van / Goods ,Nearside,594,8
2008,57,1,Small town,Bollard or refuge,Other permanent object,Leaving main road,BMW,Male,Turning left,Car,Back,596,9
2008,64,4,Small town,Kerb,Lamp post,Not at or within 20 metres of junction,CITROEN,Female,Changing lane to left,Car,Nearside,611,1
2008,52,2,Rural,Other object,Tree,Not at or within 20 metres of junction,HONDA,Male,Going ahead left-hand bend,Motorcycle ,Front,782,7
2008,35,13,Urban area,Bridge (side),Other permanent object,Not at or within 20 metres of junction,FIAT,Male,Going ahead other,Car,Front,486,3
2008,58,4,Urban area,Kerb,Road sign or traffic signal,Cleared junction or waiting/parked at junction exit,FIAT,Male,Going ahead right-hand bend,Car,Offside,412,11
2008,74,1,Urban area,Kerb,Other permanent object,Not at or within 20 metres of junction,NISSAN,Female,Going ahead left-hand bend,Car,Front,718,7
2008,21,1,Urban area,Kerb,Other permanent object,Approaching junction or waiting/parked at junction approach,MINI,Female,Going ahead other,Car,Front,663,8
2008,71,3,Urban area,Bollard or refuge,Tree,Leaving roundabout,MINI,Female,Turning right,Car,Front,637,8
2008,61,2,Small town,Kerb,Near/Offside crash barrier,Leaving main road,FORD,Male,Turning left,Car,Front,538,3
2008,64,9,Urban area,Bollard or refuge,Tree,Approaching junction or waiting/parked at junction approach,YAMAHA,Male,Going ahead other,Motorcycle ,Front,647,10
2008,62,2,Urban area,Kerb,Central crash barrier,Not at or within 20 metres of junction,JEEP,Male,Going ahead other,Car,Front,345,2
2008,30,5,Rural,Kerb,Other permanent object,Not at or within 20 metres of junction,FORD,Male,Going ahead other,Car,Front,674,3
2008,27,1,Urban area,Bollard or refuge,Other permanent object,Mid Junction - on roundabout or on main road,PEUGEOT,Female,Going ahead other,Car,Nearside,364,9
2008,79,1,Small town,Kerb,Lamp post,Cleared junction or waiting/parked at junction exit,MINI,Male,Going ahead other,Car,Front,358,8
2008,45,6,Urban area,Kerb,Other permanent object,Not at or within 20 metres of junction,NISSAN,Male,Going ahead other,Car,Front,726,1
2008,40,6,Urban area,Kerb,Lamp post,Entering main road,FIAT,Male,Turning left,Car,Front,794,1
2008,71,3,Small town,Kerb,Road sign or traffic signal,Not at or within 20 metres of junction,PEUGEOT,Male,Going ahead other,Car,Front,679,9
2008,70,5,Urban area,Kerb,Lamp post,Approaching junction or waiting/parked at junction approach,MAZDA,Female,Going ahead other,Car,Offside,220,10
2008,26,4,Urban area,Kerb,Tree,Not at or within 20 metres of junction,HONDA,Female,Going ahead left-hand bend,Car,Offside,571,3
2008,78,4,Urban area,Kerb,Other permanent object,Not at or within 20 metres of junction,TOYOTA,Male,Going ahead other,Car,Front,436,9
2008,22,8,Small town,Kerb,Lamp post,Approaching junction or waiting/parked at junction approach,RENAULT,Female,Going ahead right-hand bend,Car,Front,781,4
2008,73,1,Urban area,Kerb,Tree,Approaching junction or waiting/parked at junction approach,FIAT,Male,Going ahead other,Car,Front,672,12
2008,27,5,Small town,Kerb,Other permanent object,Approaching junction or waiting/parked at junction approach,SUZUKI,Female,Going ahead left-hand bend,Motorcycle ,Front,235,9
2008,47,11,Urban area,Kerb,Lamp post,Not at or within 20 metres of junction,MERCEDES,Female,Going ahead right-hand bend,Car,Front,791,0
2008,21,8,Urban area,Bollard or refuge,Lamp post,Not at or within 20 metres of junction,RENAULT,Male,Going ahead other,Car,Front,135,4
2008,43,4,Urban area,Bollard or refuge,Road sign or traffic signal,Mid Junction - on roundabout or on main road,FIAT,Female,Turning right,Car,Front,643,0
2008,79,4,Urban area,Bollard or refuge,Road sign or traffic signal,Not at or within 20 metres of junction,FIAT,Male,Going ahead other,Car,Front,287,1
2008,71,4,Urban area,Kerb,Other permanent object,Not at or within 20 metres of junction,VOLKSWAGEN,Male,Going ahead other,Car,Nearside,719,2
2008,54,8,Urban area,Kerb,Tree,Not at or within 20 metres of junction,ROVER,Male,Going ahead other,Car,Offside,280,3
2008,42,3,Small town,Kerb,Tree,Mid Junction - on roundabout or on main road,SUZUKI,Male,Going ahead left-hand bend,Car,Front,680,8
2008,21,8,Urban area,Kerb,Other permanent object,Not at or within 20 metres of junction,HONDA,Male,Going ahead other,Motorcycle ,Front,442,2
2008,19,2,Urban area,Parked vehicle,Other permanent object,Mid Junction - on roundabout or on main road,SKODA,Male,U-turn,Car,Nearside,227,5
2008,20,4,Urban area,Kerb,Other permanent object,Not at or within 20 metres of junction,YAMAHA,Male,Going ahead right-hand bend,Motorcycle ,Nearside,381,10
2008,23,9,Rural,Kerb,Road sign or traffic signal,Not at or within 20 metres of junction,FIAT,Male,Going ahead left-hand bend,Car,Front,594,10
2008,23,4,Small town,Central island of roundabout,Tree,Leaving roundabout,RENAULT,Female,Going ahead other,Car,Front,733,10
2008,24,3,Urban area,Bollard or refuge,Lamp post,Not at or within 20 metres of junction,FORD,Female,Turning left,Car,Front,471,3
2008,50,18,Urban area,Kerb,Entered ditch,Not at or within 20 metres of junction,ROVER,Male,Going ahead other,Car,Front,558,0
2008,53,1,Urban area,Kerb,Road sign or traffic signal,Not at or within 20 metres of junction,RENAULT,Female,Going ahead right-hand bend,Car,Nearside,559,9
2008,57,2,Small town,Bollard or refuge,Lamp post,Not at or within 20 metres of junction,HONDA,Male,Going ahead other,Car,Front,152,11
2008,26,1,Small town,Any animal (except ridden horse),Entered ditch,Not at or within 20 metres of junction,MERCEDES,Male,Going ahead left-hand bend,Car,Did not impact,619,1
2008,77,2,Rural,Other object,Entered ditch,Not at or within 20 metres of junction,RENAULT,Female,Going ahead other,Car,Nearside,153,11
2008,20,6,Small town,Any animal (except ridden horse),Entered ditch,Not at or within 20 metres of junction,RENAULT,Female,Going ahead left-hand bend,Car,Did not impact,539,7
2008,59,5,Urban area,Kerb,Tree,Approaching junction or waiting/parked at junction approach,CITROEN,Male,Going ahead other,Car,Front,158,11
2008,73,2,Urban area,Kerb,Tree,Not at or within 20 metres of junction,TOYOTA,Male,Going ahead other,Car,Offside,407,5
2008,60,3,Urban area,Kerb,Entered ditch,Cleared junction or waiting/parked at junction exit,SAAB,Male,Going ahead right-hand bend,Car,Front,606,6
2008,79,6,Small town,Kerb,Near/Offside crash barrier,Leaving main road,FORD,Female,Going ahead right-hand bend,Car,Front,323,10
2008,31,6,Urban area,Kerb,Other permanent object,Approaching junction or waiting/parked at junction approach,RENAULT,Male,Going ahead other,Car,Back,150,9
2008,36,1,Urban area,Kerb,Other permanent object,Cleared junction or waiting/parked at junction exit,TOYOTA,Male,Going ahead other,Car,Front,669,10
2008,32,10,Urban area,Kerb,Road sign or traffic signal,Not at or within 20 metres of junction,KAWASAKI,Male,Going ahead left-hand bend,Motorcycle ,Front,671,2
2008,39,7,Urban area,Kerb,Other permanent object,Entering main road,TOYOTA,Female,Turning left,Car,Nearside,221,8
2008,62,6,Urban area,Bollard or refuge,Other permanent object,Not at or within 20 metres of junction,BMW,Male,Going ahead right-hand bend,Car,Offside,641,7
2008,23,2,Urban area,Road works,Road sign or traffic signal,Cleared junction or waiting/parked at junction exit,VOLKSWAGEN,Female,Moving off,Car,Nearside,486,8
2008,30,1,Urban area,Parked vehicle,Central crash barrier,Not at or within 20 metres of junction,BMW,Male,Going ahead other,Car,Front,300,8
2008,55,4,Urban area,Bollard or refuge,Central crash barrier,Not at or within 20 metres of junction,TOYOTA,Male,Going ahead other,Car,Did not impact,479,4
2008,25,5,Small town,Kerb,Other permanent object,Approaching junction or waiting/parked at junction approach,CITROEN,Female,Going ahead right-hand bend,Car,Front,477,7
2008,80,4,Urban area,Kerb,Other permanent object,Not at or within 20 metres of junction,RENAULT,Female,Going ahead right-hand bend,Car,Front,651,8
2008,30,3,Urban area,Bollard or refuge,Central crash barrier,Not at or within 20 metres of junction,TOYOTA,Male,Going ahead other,Car,Nearside,701,10
2008,18,2,Rural,Kerb,Tree,Not at or within 20 metres of junction,KAWASAKI,Female,Going ahead other,Motorcycle ,Back,738,6
2008,21,2,Rural,Bollard or refuge,Road sign or traffic signal,Mid Junction - on roundabout or on main road,SUBARU,Female,Going ahead other,Car,Front,711,3
2008,68,12,Urban area,Bridge (side),Central crash barrier,Not at or within 20 metres of junction,FORD,Male,Changing lane to left,Car,Nearside,424,10
2008,78,7,Urban area,Parked vehicle,Other permanent object,Not at or within 20 metres of junction,PEUGEOT,Male,Turning right,Car,Front,493,6
2008,55,17,Urban area,Kerb,Road sign or traffic signal,Not at or within 20 metres of junction,VOLKSWAGEN,Male,Changing lane to left,Car,Nearside,706,9
2008,45,4,Urban area,Kerb,Other permanent object,Not at or within 20 metres of junction,PEUGEOT,Male,Going ahead other,Car,Offside,682,4
2008,60,4,Urban area,Previous accident,Near/Offside crash barrier,Not at or within 20 metres of junction,HONDA,Male,Going ahead left-hand bend,Car,Front,596,0
2008,34,1,Urban area,Bridge (side),Other permanent object,Not at or within 20 metres of junction,FIAT,Female,Going ahead left-hand bend,Car,Front,381,12
2008,69,6,Urban area,Kerb,Other permanent object,Approaching junction or waiting/parked at junction approach,ROVER,Male,Going ahead left-hand bend,Car,Front,482,11
2008,56,10,Urban area,Parked vehicle,Other permanent object,Approaching junction or waiting/parked at junction approach,RENAULT,Male,Going ahead other,Car,Nearside,388,2
2008,65,3,Urban area,Other object,Central crash barrier,Not at or within 20 metres of junction,RENAULT,Male,Going ahead other,Car,Front,298,11
2008,64,9,Urban area,Bollard or refuge,Road sign or traffic signal,Approaching junction or waiting/parked at junction approach,NISSAN,Male,Going ahead other,Car,Nearside,614,4
2008,63,12,Urban area,Kerb,Lamp post,Approaching junction or waiting/parked at junction approach,HONDA,Male,Going ahead other,Car,Front,441,7
2008,20,4,Urban area,Previous accident,Road sign or traffic signal,Approaching junction or waiting/parked at junction approach,SKODA,Male,Overtaking static vehicle - offside,Taxi/Private hire car,Front,294,5
2008,73,3,Urban area,Bollard or refuge,Other permanent object,Approaching junction or waiting/parked at junction approach,RENAULT,Male,Going ahead other,Car,Front,680,0
2008,65,3,Urban area,Kerb,Road sign or traffic signal,Approaching junction or waiting/parked at junction approach,FIAT,Female,Going ahead other,Car,Front,662,10
2008,77,4,Urban area,Kerb,Lamp post,Approaching junction or waiting/parked at junction approach,RENAULT,Female,Going ahead other,Car,Front,492,1
2008,71,7,Urban area,Bollard or refuge,Road sign or traffic signal,Approaching junction or waiting/parked at junction approach,MERCEDES,Male,Going ahead other,Car,Front,114,2
2008,75,1,Urban area,Bollard or refuge,Road sign or traffic signal,Entering from slip road,TOYOTA,Male,Going ahead other,Car,Offside,453,6
2008,44,1,Urban area,Kerb,Tree,Cleared junction or waiting/parked at junction exit,CITROEN,Female,Going ahead right-hand bend,Car,Front,137,2
2008,26,9,Urban area,Bollard or refuge,Road sign or traffic signal,Cleared junction or waiting/parked at junction exit,ROVER,Male,Turning left,Car,Offside,286,4
2008,47,9,Urban area,Bollard or refuge,Central crash barrier,Not at or within 20 metres of junction,MERCEDES,Male,Going ahead other,Car,Front,688,5
2008,62,9,Urban area,Kerb,Other permanent object,Cleared junction or waiting/parked at junction exit,FIAT,Male,Going ahead other,Car,Front,730,5
2008,38,10,Rural,Bridge (side),Other permanent object,Approaching junction or waiting/parked at junction approach,HYUNDAI,Male,Going ahead left-hand bend,Car,Front,434,0
2008,59,8,Urban area,Kerb,Lamp post,Mid Junction - on roundabout or on main road,NISSAN,Male,Going ahead other,Car,Front,507,5
2008,28,7,Urban area,Bollard or refuge,Near/Offside crash barrier,Not at or within 20 metres of junction,ROVER,Male,Going ahead other,Car,Back,790,0
2008,59,3,Small town,Kerb,Other permanent object,Approaching junction or waiting/parked at junction approach,PEUGEOT,Male,Overtaking moving vehicle - offside,Car,Nearside,674,3
2008,31,5,Urban area,Bollard or refuge,Central crash barrier,Mid Junction - on roundabout or on main road,VOLVO,Female,Going ahead other,Car,Front,559,11
2008,56,6,Urban area,Kerb,Road sign or traffic signal,Not at or within 20 metres of junction,FIAT,Male,Going ahead other,Car,Back,505,0
2008,62,4,Urban area,Kerb,Other permanent object,Approaching junction or waiting/parked at junction approach,PEUGEOT,Male,Turning right,Car,Offside,392,12
2008,54,10,Urban area,Bollard or refuge,Road sign or traffic signal,Mid Junction - on roundabout or on main road,PEUGEOT,Male,Going ahead other,Car,Front,568,10
2008,57,3,Urban area,Parked vehicle,Other permanent object,Not at or within 20 metres of junction,SUZUKI,Female,Going ahead other,Car,Front,518,5
2008,61,7,Small town,Kerb,Entered ditch,Not at or within 20 metres of junction,FORD,Female,Going ahead other,Car,Nearside,690,6
2008,40,3,Urban area,Kerb,Other permanent object,Cleared junction or waiting/parked at junction exit,VOLVO,Male,Going ahead other,Car,Front,711,1
2008,35,1,Urban area,Any animal (except ridden horse),Other permanent object,Not at or within 20 metres of junction,PEUGEOT,Male,Going ahead other,Car,Front,513,2
2008,79,7,Urban area,Kerb,Lamp post,Mid Junction - on roundabout or on main road,HONDA,Male,Going ahead other,Car,Front,236,1
2008,45,2,Urban area,Road works,Road sign or traffic signal,Not at or within 20 metres of junction,BMW,Male,Going ahead other,Car,Front,298,7
2008,75,8,Urban area,Bollard or refuge,Road sign or traffic signal,Leaving roundabout,MITSUBISHI,Male,Going ahead left-hand bend,Car,Front,649,1
2008,20,9,Urban area,Kerb,Telegraph or electricity pole,Not at or within 20 metres of junction,CITROEN,Male,Going ahead left-hand bend,Car,Front,355,11
2008,24,4,Urban area,Kerb,Other permanent object,Cleared junction or waiting/parked at junction exit,FIAT,Male,Going ahead right-hand bend,Car,Front,338,7
2008,42,5,Urban area,Kerb,Road sign or traffic signal,Mid Junction - on roundabout or on main road,RENAULT,Male,Going ahead other,Car,Front,610,0
2008,23,1,Urban area,Kerb,Other permanent object,Approaching junction or waiting/parked at junction approach,HONDA,Male,Going ahead other,Motorcycle ,Front,605,9
2008,73,2,Urban area,Kerb,Tree,Not at or within 20 metres of junction,FORD,Male,Going ahead other,Car,Front,443,12
2008,59,1,Urban area,Kerb,Road sign or traffic signal,Mid Junction - on roundabout or on main road,SUZUKI,Female,Turning right,Car,Nearside,193,1
2008,70,2,Urban area,Kerb,Other permanent object,Approaching junction or waiting/parked at junction approach,FIAT,Male,Going ahead other,Car,Front,405,8
2008,42,1,Urban area,Central island of roundabout,Other permanent object,Entering roundabout,FORD,Male,Slowing or stopping,Car,Front,792,3
2008,70,1,Urban area,Bollard or refuge,Road sign or traffic signal,Approaching junction or waiting/parked at junction approach,FORD,Male,Going ahead other,Car,Front,149,1
2008,47,10,Urban area,Bollard or refuge,Road sign or traffic signal,Approaching junction or waiting/parked at junction approach,NISSAN,Female,Going ahead other,Car,Front,102,9
2008,43,8,Urban area,Kerb,Near/Offside crash barrier,Leaving main road,KAWASAKI,Male,Going ahead other,Motorcycle ,Offside,174,3
2008,62,4,Rural,Kerb,Other permanent object,Approaching junction or waiting/parked at junction approach,FIAT,Female,Going ahead right-hand bend,Car,Front,629,9
2008,55,8,Urban area,Kerb,Lamp post,Mid Junction - on roundabout or on main road,FORD,Male,Going ahead other,Car,Nearside,796,10
2008,46,3,Urban area,Kerb,Other permanent object,Not at or within 20 metres of junction,FORD,Male,Going ahead other,Car,Offside,690,9
2008,27,10,Urban area,Any animal (except ridden horse),Lamp post,Not at or within 20 metres of junction,HYUNDAI,Female,Going ahead other,Car,Front,652,4
2008,77,6,Urban area,Kerb,Other permanent object,Not at or within 20 metres of junction,RENAULT,Male,Going ahead right-hand bend,Car,Back,165,1
2008,33,12,Urban area,Kerb,Other permanent object,Mid Junction - on roundabout or on main road,ROVER,Female,Going ahead other,Car,Offside,172,1
2008,79,9,Small town,Kerb,Other permanent object,Not at or within 20 metres of junction,FIAT,Male,Going ahead right-hand bend,Car,Back,748,7
2008,17,7,Urban area,Kerb,Road sign or traffic signal,Not at or within 20 metres of junction,CITROEN,Female,Going ahead other,Car,Offside,430,7
2008,71,3,Small town,Bollard or refuge,Road sign or traffic signal,Mid Junction - on roundabout or on main road,RENAULT,Male,Going ahead right-hand bend,Car,Front,674,10
2008,63,3,Rural,Bollard or refuge,Near/Offside crash barrier,Mid Junction - on roundabout or on main road,SKODA,Male,Going ahead other,Car,Front,103,1
2008,26,6,Urban area,Kerb,Telegraph or electricity pole,Not at or within 20 metres of junction,TOYOTA,Female,Going ahead other,Car,Front,414,2
2008,19,3,Small town,Central island of roundabout,Road sign or traffic signal,Entering roundabout,HONDA,Male,Going ahead other,Car,Front,569,6
2008,46,5,Urban area,Kerb,Road sign or traffic signal,Leaving roundabout,SUZUKI,Male,Turning left,Motorcycle ,Front,684,11
2008,41,1,Urban area,Kerb,Tree,Not at or within 20 metres of junction,CITROEN,Female,Going ahead other,Car,Nearside,540,8
2008,26,1,Urban area,Kerb,Other permanent object,Leaving main road,AUDI,Male,Turning left,Car,Front,559,11
2008,75,3,Urban area,Kerb,Other permanent object,Mid Junction - on roundabout or on main road,YAMAHA,Male,Going ahead other,Motorcycle ,Front,794,11
2008,52,1,Urban area,Bollard or refuge,Other permanent object,Approaching junction or waiting/parked at junction approach,SUZUKI,Male,Going ahead other,Motorcycle ,Front,427,7
2008,61,8,Urban area,Bollard or refuge,Near/Offside crash barrier,Mid Junction - on roundabout or on main road,TOYOTA,Female,Going ahead other,Car,Nearside,701,10
2008,46,10,Urban area,Kerb,Other permanent object,Not at or within 20 metres of junction,HONDA,Male,Going ahead right-hand bend,Car,Offside,242,9
2008,46,1,Urban area,Bollard or refuge,Tree,Not at or within 20 metres of junction,PEUGEOT,Male,Going ahead other,Car,Nearside,403,9
2008,69,2,Urban area,Kerb,Other permanent object,Mid Junction - on roundabout or on main road,PEUGEOT,Male,Going ahead other,Car,Nearside,431,12
2008,38,10,Urban area,Bollard or refuge,Lamp post,Leaving roundabout,PEUGEOT,Male,Going ahead other,Car,Front,527,8
2008,57,3,Urban area,Kerb,Near/Offside crash barrier,Mid Junction - on roundabout or on main road,RENAULT,Male,Changing lane to left,Car,Front,516,8
2008,40,4,Urban area,Kerb,Road sign or traffic signal,Leaving roundabout,SUZUKI,Male,Going ahead other,Motorcycle ,Front,214,7
2008,30,10,Urban area,Kerb,Lamp post,Approaching junction or waiting/parked at junction approach,NISSAN,Male,Going ahead other,Car,Front,761,10
2008,49,6,Urban area,Kerb,Other permanent object,Mid Junction - on roundabout or on main road,FORD,Male,Going ahead other,Car,Back,123,9
2008,26,13,Urban area,Bridge (side),Other permanent object,Not at or within 20 metres of junction,LAND ROVER,Male,Going ahead other,Car,Front,279,0
2008,80,11,Urban area,Kerb,Tree,Mid Junction - on roundabout or on main road,MITSUBISHI,Female,Slowing or stopping,Car,Front,179,8
2008,54,7,Urban area,Kerb,Lamp post,Cleared junction or waiting/parked at junction exit,VOLVO,Male,Turning right,Car,Back,509,7
2008,28,4,Urban area,Kerb,Tree,Not at or within 20 metres of junction,FORD,Male,Going ahead other,Van / Goods ,Front,515,6
2008,29,10,Urban area,Kerb,Near/Offside crash barrier,Mid Junction - on roundabout or on main road,RENAULT,Male,Going ahead other,Car,Front,122,0
2008,52,7,Urban area,Kerb,Road sign or traffic signal,Leaving roundabout,FORD,Male,Changing lane to left,Car,Nearside,667,0
2008,21,1,Urban area,Kerb,Lamp post,Approaching junction or waiting/parked at junction approach,VOLKSWAGEN,Female,Going ahead left-hand bend,Car,Offside,589,7
2008,78,8,Urban area,Bollard or refuge,Road sign or traffic signal,Leaving roundabout,FORD,Male,Going ahead other,Car,Front,115,9
2008,27,6,Urban area,Kerb,Other permanent object,Not at or within 20 metres of junction,RENAULT,Male,Going ahead other,Car,Nearside,236,10
2008,66,2,Small town,Central island of roundabout,Tree,Leaving roundabout,FORD,Male,Changing lane to left,Car,Nearside,754,11
2008,64,16,Urban area,Parked vehicle,Telegraph or electricity pole,Not at or within 20 metres of junction,FORD,Male,Going ahead other,Car,Front,182,5
2008,59,4,Urban area,Kerb,Tree,Mid Junction - on roundabout or on main road,MERCEDES,Male,Going ahead other,Car,Nearside,180,0
2008,25,7,Urban area,Kerb,Tree,Cleared junction or waiting/parked at junction exit,FORD,Male,Going ahead left-hand bend,Car,Nearside,797,1
2008,50,8,Urban area,Bollard or refuge,Near/Offside crash barrier,Mid Junction - on roundabout or on main road,TOYOTA,Male,Going ahead other,Car,Back,208,6
2008,64,11,Urban area,Kerb,Tree,Not at or within 20 metres of junction,AUDI,Male,Going ahead right-hand bend,Car,Back,161,9
2008,22,11,Urban area,Bollard or refuge,Road sign or traffic signal,Approaching junction or waiting/parked at junction approach,FORD,Male,Going ahead right-hand bend,Car,Nearside,421,2
2008,71,5,Urban area,Kerb,Lamp post,Leaving roundabout,PEUGEOT,Male,Going ahead other,Car,Back,296,4
2008,70,7,Urban area,Parked vehicle,Lamp post,Entering main road,TOYOTA,Male,Going ahead other,Car,Offside,478,6
2008,29,6,Urban area,Bollard or refuge,Tree,Entering main road,FORD,Female,Turning right,Car,Did not impact,786,1
2008,57,8,Urban area,Kerb,Other permanent object,Mid Junction - on roundabout or on main road,SKODA,Female,Going ahead other,Car,Front,706,12
2008,43,10,Urban area,Bollard or refuge,Other permanent object,Mid Junction - on roundabout or on main road,NISSAN,Female,Turning right,Car,Front,209,0
2008,55,6,Urban area,Kerb,Other permanent object,Mid Junction - on roundabout or on main road,BMW,Male,Going ahead other,Car,Front,267,11
2008,48,6,Urban area,Kerb,Other permanent object,Mid Junction - on roundabout or on main road,FIAT,Female,Going ahead other,Car,Offside,455,12
2008,58,10,Urban area,Kerb,Tree,Mid Junction - on roundabout or on main road,FIAT,Female,Going ahead other,Car,Front,209,9
2008,22,9,Urban area,Kerb,Lamp post,Approaching junction or waiting/parked at junction approach,NISSAN,Female,Going ahead other,Car,Front,564,3
2008,72,12,Urban area,Kerb,Lamp post,Not at or within 20 metres of junction,FORD,Male,Going ahead other,Car,Front,303,12
2008,27,6,Urban area,Kerb,Lamp post,Cleared junction or waiting/parked at junction exit,RENAULT,Male,Changing lane to right,Car,Back,716,12
2008,23,12,Urban area,Bridge (side),Other permanent object,Not at or within 20 metres of junction,SUBARU,Male,Going ahead right-hand bend,Car,Front,391,4
2008,57,7,Urban area,Bollard or refuge,Other permanent object,Cleared junction or waiting/parked at junction exit,ROVER,Male,Turning left,Car,Front,346,2
2008,78,4,Urban area,Kerb,Other permanent object,Not at or within 20 metres of junction,RENAULT,Male,Going ahead other,Car,Front,613,1