Year_N,Age_of_Driver_N,Age_of_Vehicle_N,Accident_Area_Type_C,On_road_object_hit_C,Off_road_object_hit _C,Junction_Location_C,Car_Make_C,Driver_Sex_C,Vehicle_Manoeuvre_C,Vehicle_Type_C,Point_of_Impact_C,Cost_of_Incident_N,Weeks_to_Repair_N
2008,56,3,Urban area,Kerb,Tree,Cleared junction or waiting/parked at junction exit,JEEP,Female,Going ahead other,Car,Back,631,2
2008,22,1,Urban area,Bollard or refuge,Road sign or traffic signal,Mid Junction - on roundabout or on main road,IVECO,Male,Going ahead other,Van / Goods ,Nearside,763,7
2008,18,4,Urban area,Kerb,Other permanent object,Cleared junction or waiting/parked at junction exit,SKODA,Male,Slowing or stopping,Car,Front,297,6
2008,33,1,Urban area,Kerb,Road sign or traffic signal,Not at or within 20 metres of junction,HONDA,Female,Going ahead other,Car,Front,753,5
2008,28,12,Urban area,Kerb,Tree,Not at or within 20 metres of junction,HONDA,Male,Going ahead left-hand bend,Car,Offside,498,6
2008,80,20,Urban area,Kerb,Lamp post,Not at or within 20 metres of junction,JAGUAR,Female,Going ahead left-hand bend,Car,Offside,734,3
2008,57,10,Urban area,Kerb,Lamp post,Approaching junction or waiting/parked at junction approach,PEUGEOT,Male,Going ahead other,Car,Front,429,1
2008,75,14,Urban area,Kerb,Tree,Not at or within 20 metres of junction,HONDA,Male,Going ahead other,Car,Nearside,117,12
2008,44,6,Urban area,Kerb,Other permanent object,Entering main road,NISSAN,Female,Turning left,Car,Front,143,1
2008,28,9,Urban area,Kerb,Road sign or traffic signal,Cleared junction or waiting/parked at junction exit,RENAULT,Male,Going ahead other,Car,Nearside,600,10
2008,79,12,Urban area,Bollard or refuge,Near/Offside crash barrier,Mid Junction - on roundabout or on main road,FIAT,Female,Turning right,Car,Offside,472,1
2008,40,2,Urban area,Kerb,Entered ditch,Not at or within 20 metres of junction,FIAT,Male,Going ahead right-hand bend,Car,Front,280,6
2008,78,5,Urban area,Kerb,Other permanent object,Entering roundabout,TOYOTA,Male,Turning left,Car,Offside,745,10
2008,54,8,Urban area,Kerb,Other permanent object,Not at or within 20 metres of junction,NISSAN,Female,Going ahead right-hand bend,Car,Front,707,12
2008,78,4,Urban area,Bollard or refuge,Road sign or traffic signal,Approaching junction or waiting/parked at junction approach,FIAT,Male,Going ahead other,Car,Front,150,5
2008,63,19,Urban area,Kerb,Other permanent object,Not at or within 20 metres of junction,BMW,Male,Going ahead other,Car,Front,730,9
2008,20,3,Urban area,Bollard or refuge,Road sign or traffic signal,Mid Junction - on roundabout or on main road,KIA,Female,Going ahead other,Car,Front,488,8
2008,28,4,Urban area,Kerb,Other permanent object,Approaching junction or waiting/parked at junction approach,PEUGEOT,Male,Going ahead other,Car,Front,407,0
2008,74,11,Urban area,Parked vehicle,Tree,Not at or within 20 metres of junction,FIAT,Male,Going ahead left-hand bend,Car,Front,779,10
2008,45,2,Urban area,Kerb,Other permanent object,Cleared junction or waiting/parked at junction exit,FIAT,Male,Turning left,Car,Front,730,1
2008,63,6,Rural,Kerb,Other permanent object,Not at or within 20 metres of junction,CITROEN,Male,Going ahead left-hand bend,Car,Nearside,177,12
2008,56,6,Urban area,Kerb,Road sign or traffic signal,Leaving roundabout,ROVER,Male,Going ahead other,Car,Back,718,12
2008,72,13,Urban area,Kerb,Other permanent object,Not at or within 20 metres of junction,PEUGEOT,Male,Going ahead right-hand bend,Car,Front,590,4
2008,56,6,Small town,Kerb,Lamp post,Cleared junction or waiting/parked at junction exit,SUZUKI,Male,Going ahead left-hand bend,Car,Front,340,10
2008,37,8,Urban area,Kerb,Other permanent object,Not at or within 20 metres of junction,RENAULT,Female,Overtaking moving vehicle - offside,Car,Nearside,719,1
2008,51,11,Urban area,Kerb,Entered ditch,Not at or within 20 metres of junction,SUZUKI,Male,Overtaking moving vehicle - offside,Motorcycle ,Front,674,11
2008,57,6,Urban area,Kerb,Other permanent object,Entering main road,FIAT,Male,Moving off,Car,Front,401,9
2008,53,3,Urban area,Bollard or refuge,Road sign or traffic signal,Leaving main road,RENAULT,Female,Turning right,Car,Front,447,0
2008,64,4,Urban area,Kerb,Tree,Mid Junction - on roundabout or on main road,PEUGEOT,Male,Turning right,Car,Front,782,4
2008,48,1,Urban area,Kerb,Tree,Not at or within 20 metres of junction,FORD,Male,Overtaking moving vehicle - offside,Car,Nearside,575,7
2008,51,8,Urban area,Parked vehicle,Tree,Not at or within 20 metres of junction,CITROEN,Female,Going ahead left-hand bend,Car,Front,540,8
2008,41,9,Small town,Bollard or refuge,Other permanent object,Mid Junction - on roundabout or on main road,HYUNDAI,Male,Going ahead other,Car,Back,513,7
2008,48,1,Urban area,Road works,Road sign or traffic signal,Not at or within 20 metres of junction,MERCEDES,Male,Going ahead other,Car,Front,724,8
2008,49,9,Urban area,Bollard or refuge,Near/Offside crash barrier,Not at or within 20 metres of junction,FIAT,Male,Going ahead other,Car,Front,104,11
2008,49,4,Urban area,Bollard or refuge,Near/Offside crash barrier,Mid Junction - on roundabout or on main road,HONDA,Male,Changing lane to left,Car,Nearside,191,0
2008,48,4,Urban area,Kerb,Near/Offside crash barrier,Not at or within 20 metres of junction,TOYOTA,Male,Going ahead other,Taxi/Private hire car,Front,418,11
2008,54,11,Urban area,Kerb,Tree,Not at or within 20 metres of junction,HONDA,Male,Going ahead left-hand bend,Car,Front,111,4
2008,26,3,Urban area,Kerb,Other permanent object,Mid Junction - on roundabout or on main road,NISSAN,Female,Overtaking moving vehicle - offside,Car,Nearside,536,6
2008,79,6,Urban area,Kerb,Tree,Mid Junction - on roundabout or on main road,MERCEDES,Female,Changing lane to right,Car,Offside,263,1
2008,25,8,Urban area,Kerb,Other permanent object,Leaving roundabout,NISSAN,Male,Going ahead other,Car,Nearside,177,9
2008,52,5,Urban area,Kerb,Tree,Not at or within 20 metres of junction,PEUGEOT,Male,Going ahead other,Car,Front,323,10
2008,70,6,Urban area,Kerb,Other permanent object,Not at or within 20 metres of junction,FORD,Male,Going ahead left-hand bend,Car,Front,363,3
2008,56,3,Urban area,Kerb,Other permanent object,Not at or within 20 metres of junction,HONDA,Male,Going ahead other,Car,Front,616,7
2008,63,4,Urban area,Kerb,Lamp post,Not at or within 20 metres of junction,KIA,Female,Going ahead left-hand bend,Car,Front,791,5
2008,57,16,Urban area,Kerb,Telegraph or electricity pole,Approaching junction or waiting/parked at junction approach,BMW,Male,Turning left,Car,Front,287,9
2008,23,4,Rural,Kerb,Tree,Not at or within 20 metres of junction,FIAT,Male,Going ahead right-hand bend,Car,Front,288,5
2008,44,13,Urban area,Kerb,Other permanent object,Cleared junction or waiting/parked at junction exit,MERCEDES,Male,Going ahead other,Car,Front,683,11
2008,65,7,Urban area,Kerb,Lamp post,Approaching junction or waiting/parked at junction approach,FIAT,Male,Slowing or stopping,Car,Front,756,3
2008,46,4,Urban area,Kerb,Other permanent object,Approaching junction or waiting/parked at junction approach,PEUGEOT,Male,Going ahead other,Car,Front,554,11
2008,45,2,Urban area,Kerb,Other permanent object,Approaching junction or waiting/parked at junction approach,FORD,Male,Overtaking moving vehicle - offside,Car,Front,431,2
2008,34,7,Urban area,Central island of roundabout,Road sign or traffic signal,Entering roundabout,BMW,Male,Going ahead other,Car,Front,473,12
2008,78,5,Small town,Kerb,Other permanent object,Not at or within 20 metres of junction,FIAT,Male,Going ahead other,Car,Front,522,7
2008,63,1,Small town,Kerb,Other permanent object,Leaving roundabout,FORD,Male,Going ahead left-hand bend,Car,Front,153,5
2008,52,1,Urban area,Kerb,Near/Offside crash barrier,Mid Junction - on roundabout or on main road,FORD,Male,Going ahead other,Van / Goods ,Front,321,6
2008,51,9,Urban area,Kerb,Road sign or traffic signal,Leaving main road,MITSUBISHI,Male,Changing lane to left,Car,Nearside,106,7
2008,41,11,Urban area,Other object,Central crash barrier,Not at or within 20 metres of junction,SUZUKI,Male,Going ahead other,Motorcycle ,Front,214,0
2008,54,4,Urban area,Kerb,Other permanent object,Leaving roundabout,RENAULT,Male,Going ahead other,Car,Front,502,10
2008,76,5,Urban area,Kerb,Other permanent object,Not at or within 20 metres of junction,RENAULT,Female,Going ahead other,Car,Front,376,6
2008,43,4,Urban area,Kerb,Other permanent object,Mid Junction - on roundabout or on main road,HONDA,Male,Going ahead other,Car,Back,490,1
2008,52,8,Urban area,Kerb,Other permanent object,Not at or within 20 metres of junction,TOYOTA,Male,Going ahead other,Car,Front,563,7
2008,76,8,Rural,Bollard or refuge,Lamp post,Mid Junction - on roundabout or on main road,CITROEN,Female,Turning right,Car,Front,406,5
2008,27,18,Urban area,Kerb,Telegraph or electricity pole,Not at or within 20 metres of junction,ROVER,Female,Going ahead right-hand bend,Car,Front,498,0
2008,20,11,Urban area,Kerb,Tree,Not at or within 20 metres of junction,ROVER,Male,Going ahead other,Car,Front,671,10
2008,76,8,Urban area,Kerb,Road sign or traffic signal,Not at or within 20 metres of junction,RENAULT,Female,Going ahead other,Car,Offside,564,3
2008,73,8,Urban area,Kerb,Other permanent object,Not at or within 20 metres of junction,TOYOTA,Female,Going ahead right-hand bend,Car,Front,583,9
2008,40,12,Rural,Kerb,Entered ditch,Not at or within 20 metres of junction,NISSAN,Female,Going ahead other,Car,Nearside,669,1
2008,69,11,Small town,Bollard or refuge,Other permanent object,Entering main road,AUDI,Male,Going ahead other,Car,Front,541,1
2008,42,7,Rural,Kerb,Other permanent object,Not at or within 20 metres of junction,ROVER,Male,Going ahead right-hand bend,Car,Front,664,4
2008,80,16,Urban area,Kerb,Other permanent object,Not at or within 20 metres of junction,BMW,Female,Going ahead other,Car,Front,177,11
2008,78,8,Urban area,Kerb,Other permanent object,Not at or within 20 metres of junction,TOYOTA,Female,Going ahead right-hand bend,Car,Front,580,4
2008,22,1,Rural,Kerb,Road sign or traffic signal,Not at or within 20 metres of junction,PEUGEOT,Male,Going ahead right-hand bend,Car,Nearside,251,3
2008,60,5,Rural,Kerb,Other permanent object,Not at or within 20 metres of junction,NISSAN,Male,Going ahead right-hand bend,Car,Nearside,745,1
2008,43,5,Urban area,Kerb,Other permanent object,Not at or within 20 metres of junction,HYUNDAI,Male,Going ahead left-hand bend,Car,Front,794,11
2008,28,5,Rural,Kerb,Other permanent object,Not at or within 20 metres of junction,RENAULT,Male,Going ahead left-hand bend,Car,Nearside,568,10
2008,64,4,Urban area,Kerb,Other permanent object,Not at or within 20 metres of junction,RENAULT,Female,Going ahead other,Car,Nearside,188,8
2008,43,4,Urban area,Kerb,Other permanent object,Not at or within 20 metres of junction,PEUGEOT,Male,Going ahead other,Car,Nearside,711,11
2008,47,14,Urban area,Kerb,Other permanent object,Approaching junction or waiting/parked at junction approach,VOLKSWAGEN,Male,Going ahead other,Car,Offside,696,2
2008,61,11,Rural,Kerb,Lamp post,Not at or within 20 metres of junction,NISSAN,Female,Going ahead right-hand bend,Car,Front,681,3
2008,70,7,Urban area,Kerb,Other permanent object,Not at or within 20 metres of junction,CITROEN,Male,Overtaking moving vehicle - offside,Car,Front,336,10
2008,70,23,Rural,Kerb,Other permanent object,Mid Junction - on roundabout or on main road,VOLVO,Male,Going ahead other,Car,Front,661,1
2008,44,1,Rural,Bollard or refuge,Lamp post,Leaving roundabout,MITSUBISHI,Male,Turning left,Car,Offside,667,12
2008,20,10,Small town,Kerb,Other permanent object,Cleared junction or waiting/parked at junction exit,PEUGEOT,Male,Going ahead other,Car,Front,431,6
2008,71,6,Urban area,Bridge (side),Other permanent object,Not at or within 20 metres of junction,RENAULT,Male,Going ahead other,Car,Front,625,12
2008,43,1,Urban area,Bollard or refuge,Road sign or traffic signal,Leaving roundabout,FORD,Male,Going ahead other,Car,Nearside,401,6
2008,77,4,Small town,Kerb,Road sign or traffic signal,Not at or within 20 metres of junction,SKODA,Male,Going ahead right-hand bend,Car,Front,367,6
2008,58,9,Urban area,Kerb,Lamp post,Approaching junction or waiting/parked at junction approach,RENAULT,Male,Going ahead right-hand bend,Car,Front,661,8
2008,36,8,Rural,Kerb,Near/Offside crash barrier,Not at or within 20 metres of junction,VOLKSWAGEN,Male,Going ahead other,Car,Nearside,396,12
2008,46,1,Urban area,Kerb,Lamp post,Not at or within 20 metres of junction,CITROEN,Female,Going ahead other,Car,Front,208,10
2008,80,8,Urban area,Bollard or refuge,Lamp post,Not at or within 20 metres of junction,BMW,Male,Going ahead other,Car,Front,699,11
2008,57,1,Urban area,Kerb,Telegraph or electricity pole,Not at or within 20 metres of junction,SUZUKI,Male,Going ahead right-hand bend,Motorcycle ,Front,452,0
2008,26,2,Urban area,Kerb,Other permanent object,Not at or within 20 metres of junction,CITROEN,Male,Reversing,Car,Back,588,7
2008,30,7,Urban area,Kerb,Entered ditch,Not at or within 20 metres of junction,CITROEN,Male,Going ahead left-hand bend,Car,Front,528,9
2008,67,10,Urban area,Central island of roundabout,Other permanent object,Approaching junction or waiting/parked at junction approach,HONDA,Male,Going ahead other,Motorcycle ,Front,732,7
2008,68,9,Urban area,Bridge (side),Other permanent object,Not at or within 20 metres of junction,FIAT,Female,Going ahead other,Car,Front,423,4
2008,55,5,Urban area,Bridge (side),Other permanent object,Not at or within 20 metres of junction,RENAULT,Male,Going ahead other,Car,Front,165,2
2008,76,1,Rural,Parked vehicle,Other permanent object,Not at or within 20 metres of junction,VOLKSWAGEN,Female,Overtaking static vehicle - offside,Car,Front,254,8
2008,64,4,Urban area,Kerb,Road sign or traffic signal,Entering roundabout,HONDA,Male,Changing lane to left,Car,Nearside,115,11
2008,32,10,Urban area,Kerb,Lamp post,Cleared junction or waiting/parked at junction exit,RENAULT,Male,Turning left,Car,Offside,231,1
2008,24,11,Urban area,Kerb,Road sign or traffic signal,Not at or within 20 metres of junction,VOLVO,Female,Going ahead other,Car,Nearside,443,3
2008,37,9,Urban area,Kerb,Other permanent object,Not at or within 20 metres of junction,BMW,Male,Going ahead other,Car,Front,375,1
2008,43,11,Small town,Kerb,Telegraph or electricity pole,Approaching junction or waiting/parked at junction approach,NISSAN,Male,Going ahead right-hand bend,Car,Nearside,746,12
2008,30,5,Urban area,Kerb,Other permanent object,Not at or within 20 metres of junction,RENAULT,Female,Going ahead other,Car,Front,782,11
2008,45,4,Urban area,Other object,Central crash barrier,Not at or within 20 metres of junction,AUDI,Male,Going ahead other,Car,Front,553,4
2008,49,1,Urban area,Kerb,Near/Offside crash barrier,Not at or within 20 metres of junction,ISUZU TRUCKS,Male,Going ahead other,Van / Goods ,Front,524,8
2008,78,3,Urban area,Parked vehicle,Other permanent object,Leaving main road,FORD,Male,Turning left,Car,Front,648,4
2008,55,6,Urban area,Bollard or refuge,Central crash barrier,Not at or within 20 metres of junction,HONDA,Male,Going ahead other,Car,Offside,351,3
2008,49,17,Urban area,Kerb,Tree,Not at or within 20 metres of junction,FORD,Male,Going ahead left-hand bend,Car,Front,527,2
2008,26,1,Urban area,Bollard or refuge,Other permanent object,Not at or within 20 metres of junction,SKODA,Female,Going ahead other,Car,Offside,558,4
2008,34,5,Urban area,Kerb,Tree,Cleared junction or waiting/parked at junction exit,HONDA,Male,Going ahead right-hand bend,Car,Front,350,5
2008,70,3,Urban area,Kerb,Lamp post,Not at or within 20 metres of junction,BMW,Male,Going ahead other,Car,Nearside,301,1
2008,71,4,Urban area,Bollard or refuge,Central crash barrier,Not at or within 20 metres of junction,HONDA,Male,Changing lane to right,Motorcycle 125cc and under,Offside,242,2
2008,31,8,Rural,Kerb,Other permanent object,Not at or within 20 metres of junction,PEUGEOT,Male,Going ahead other,Car,Offside,355,3
2008,33,17,Urban area,Parked vehicle,Tree,Not at or within 20 metres of junction,NISSAN,Female,Going ahead other,Car,Front,633,7
2008,50,1,Urban area,Parked vehicle,Other permanent object,Not at or within 20 metres of junction,FORD,Female,Going ahead other,Car,Front,332,10
2008,72,3,Urban area,Kerb,Tree,Not at or within 20 metres of junction,HONDA,Male,Going ahead right-hand bend,Car,Offside,790,2
2008,54,5,Urban area,Kerb,Near/Offside crash barrier,Not at or within 20 metres of junction,RENAULT,Male,Going ahead other,Car,Nearside,264,0
2008,79,10,Urban area,Kerb,Near/Offside crash barrier,Not at or within 20 metres of junction,AUDI,Male,Going ahead other,Car,Did not impact,623,7
2008,24,2,Small town,Bollard or refuge,Near/Offside crash barrier,Not at or within 20 metres of junction,MERCEDES,Female,Going ahead other,Car,Front,677,0
2008,32,7,Small town,Bollard or refuge,Central crash barrier,Not at or within 20 metres of junction,VOLKSWAGEN,Male,Going ahead other,Van / Goods ,Front,302,5
2008,20,3,Urban area,Kerb,Other permanent object,Cleared junction or waiting/parked at junction exit,HONDA,Female,Going ahead other,Car,Front,672,0
2008,58,9,Urban area,Kerb,Entered ditch,Not at or within 20 metres of junction,RENAULT,Male,Going ahead other,Car,Front,687,7
2008,44,4,Urban area,Road works,Other permanent object,Not at or within 20 metres of junction,MAZDA,Male,Going ahead other,Car,Front,712,4
2008,67,8,Urban area,Kerb,Other permanent object,Mid Junction - on roundabout or on main road,CITROEN,Male,Going ahead left-hand bend,Car,Front,407,2
2008,73,4,Urban area,Kerb,Entered ditch,Not at or within 20 metres of junction,FORD,Male,Overtaking moving vehicle - offside,Car,Front,183,12
2008,78,11,Small town,Kerb,Road sign or traffic signal,Cleared junction or waiting/parked at junction exit,VOLKSWAGEN,Female,Going ahead right-hand bend,Car,Nearside,530,9
2008,74,2,Urban area,Bollard or refuge,Other permanent object,Entering main road,CITROEN,Male,Turning left,Car,Offside,772,5
2008,41,2,Urban area,Kerb,Other permanent object,Leaving main road,FIAT,Male,Turning left,Car,Front,444,10
2008,48,2,Small town,Parked vehicle,Other permanent object,Approaching junction or waiting/parked at junction approach,PEUGEOT,Male,Going ahead other,Car,Back,527,6
2008,25,4,Urban area,Parked vehicle,Other permanent object,Not at or within 20 metres of junction,SAAB,Male,Going ahead other,Car,Front,332,8
2008,74,3,Urban area,Kerb,Road sign or traffic signal,Not at or within 20 metres of junction,FORD,Male,Going ahead other,Car,Front,359,4
2008,22,8,Urban area,Kerb,Other permanent object,Not at or within 20 metres of junction,FORD,Female,Going ahead other,Car,Front,700,9
2008,48,9,Urban area,Bollard or refuge,Other permanent object,Leaving main road,VOLKSWAGEN,Male,Turning left,Car,Back,738,0
2008,78,1,Urban area,Road works,Lamp post,Cleared junction or waiting/parked at junction exit,TOYOTA,Male,Going ahead other,Car,Front,581,12
2008,67,8,Urban area,Central island of roundabout,Road sign or traffic signal,Entering roundabout,PEUGEOT,Male,Going ahead other,Car,Front,701,11
2008,22,1,Urban area,Bollard or refuge,Road sign or traffic signal,Cleared junction or waiting/parked at junction exit,IVECO,Male,Going ahead right-hand bend,Goods ,Front,397,3
2008,20,4,Urban area,Other object,Central crash barrier,Not at or within 20 metres of junction,TOYOTA,Male,Going ahead other,Car,Offside,653,12
2008,52,4,Rural,Bollard or refuge,Road sign or traffic signal,Approaching junction or waiting/parked at junction approach,SUZUKI,Male,Going ahead other,Motorcycle ,Front,397,9
2008,17,2,Urban area,Kerb,Near/Offside crash barrier,Not at or within 20 metres of junction,SUZUKI,Male,Going ahead left-hand bend,Motorcycle ,Front,600,4
2008,24,11,Urban area,Kerb,Lamp post,Not at or within 20 metres of junction,PEUGEOT,Female,Going ahead other,Car,Offside,346,3
2008,39,1,Urban area,Parked vehicle,Other permanent object,Not at or within 20 metres of junction,CITROEN,Male,Going ahead right-hand bend,Car,Front,638,0
2008,24,1,Urban area,Kerb,Road sign or traffic signal,Not at or within 20 metres of junction,FORD,Male,Going ahead other,Van / Goods ,Front,339,0
2008,50,7,Urban area,Other object,Other permanent object,Mid Junction - on roundabout or on main road,CITROEN,Male,Going ahead other,Car,Nearside,323,7
2008,75,13,Urban area,Kerb,Other permanent object,Not at or within 20 metres of junction,CITROEN,Male,Moving off,Car,Front,567,0
2008,33,10,Urban area,Kerb,Lamp post,Entering roundabout,ROVER,Female,Going ahead other,Car,Nearside,624,4
2008,58,2,Small town,Bridge (side),Other permanent object,Not at or within 20 metres of junction,RENAULT,Male,Going ahead other,Car,Front,605,5
2008,78,10,Urban area,Bollard or refuge,Road sign or traffic signal,Mid Junction - on roundabout or on main road,RENAULT,Male,Slowing or stopping,Car,Front,680,0
2008,21,3,Rural,Kerb,Central crash barrier,Cleared junction or waiting/parked at junction exit,CITROEN,Male,Going ahead other,Van / Goods ,Front,268,6
2008,37,1,Urban area,Kerb,Entered ditch,Not at or within 20 metres of junction,PEUGEOT,Male,Going ahead other,Car,Front,154,12
2008,70,1,Rural,Kerb,Entered ditch,Not at or within 20 metres of junction,PEUGEOT,Female,Going ahead right-hand bend,Car,Front,568,9
2008,34,5,Urban area,Kerb,Road sign or traffic signal,Not at or within 20 metres of junction,RENAULT,Male,Going ahead other,Car,Front,349,3
2008,49,11,Urban area,Central island of roundabout,Lamp post,Approaching junction or waiting/parked at junction approach,MERCEDES,Male,Overtaking moving vehicle - offside,Car,Front,344,2
2008,34,6,Urban area,Kerb,Entered ditch,Leaving roundabout,PEUGEOT,Male,Going ahead other,Car,Front,634,1
2008,70,5,Rural,Other object,Central crash barrier,Not at or within 20 metres of junction,SUZUKI,Male,Going ahead other,Car,Offside,372,7
2008,76,9,Small town,Any animal (except ridden horse),Other permanent object,Not at or within 20 metres of junction,HONDA,Male,Going ahead left-hand bend,Motorcycle ,Front,598,7
2008,70,2,Urban area,Road works,Near/Offside crash barrier,Not at or within 20 metres of junction,RENAULT,Female,Going ahead other,Car,Front,495,3
2008,43,8,Urban area,Bollard or refuge,Other permanent object,Not at or within 20 metres of junction,BMW,Female,Going ahead other,Car,Front,204,8
2008,75,3,Urban area,Kerb,Other permanent object,Approaching junction or waiting/parked at junction approach,PEUGEOT,Female,Overtaking moving vehicle - offside,Car,Nearside,283,9
2008,42,10,Urban area,Bollard or refuge,Central crash barrier,Not at or within 20 metres of junction,KAWASAKI,Male,Going ahead left-hand bend,Motorcycle ,Front,581,4
2008,20,8,Small town,Kerb,Other permanent object,Not at or within 20 metres of junction,RENAULT,Female,Going ahead left-hand bend,Car,Nearside,561,12
2008,46,6,Rural,Any animal (except ridden horse),Entered ditch,Mid Junction - on roundabout or on main road,RENAULT,Female,Going ahead other,Car,Front,543,4
2008,55,2,Rural,Parked vehicle,Entered ditch,Not at or within 20 metres of junction,TOYOTA,Female,Going ahead right-hand bend,Car,Front,206,9
2008,25,5,Small town,Bollard or refuge,Road sign or traffic signal,Mid Junction - on roundabout or on main road,NISSAN,Male,Going ahead other,Car,Front,198,4
2008,25,1,Urban area,Parked vehicle,Other permanent object,Not at or within 20 metres of junction,FORD,Male,Slowing or stopping,Car,Front,271,9
2008,50,4,Urban area,Bollard or refuge,Road sign or traffic signal,Mid Junction - on roundabout or on main road,FIAT,Male,Going ahead other,Car,Front,711,12
2008,31,2,Rural,Bollard or refuge,Central crash barrier,Not at or within 20 metres of junction,CITROEN,Male,Going ahead other,Car,Front,576,8
2008,59,12,Small town,Any animal (except ridden horse),Tree,Not at or within 20 metres of junction,FORD,Male,Going ahead right-hand bend,Car,Front,429,7
2008,21,2,Small town,Bollard or refuge,Road sign or traffic signal,Mid Junction - on roundabout or on main road,PEUGEOT,Male,Going ahead other,Car,Front,285,5
2008,64,4,Rural,Kerb,Other permanent object,Not at or within 20 metres of junction,NISSAN,Male,Going ahead other,Van / Goods ,Front,390,8
2008,59,3,Small town,Bridge (side),Other permanent object,Not at or within 20 metres of junction,BMW,Female,Going ahead right-hand bend,Car,Front,782,5
2008,37,3,Urban area,Bollard or refuge,Other permanent object,Entering roundabout,FORD,Male,Going ahead other,Car,Front,688,8
2008,31,3,Small town,Kerb,Entered ditch,Not at or within 20 metres of junction,RENAULT,Female,Going ahead right-hand bend,Car,Back,305,6
2008,68,10,Rural,Parked vehicle,Other permanent object,Not at or within 20 metres of junction,HONDA,Male,Overtaking static vehicle - offside,Car,Front,652,4
2008,38,5,Urban area,Kerb,Tree,Not at or within 20 metres of junction,HONDA,Male,Going ahead other,Motorcycle ,Front,345,8
2008,67,9,Urban area,Bollard or refuge,Central crash barrier,Not at or within 20 metres of junction,ROVER,Male,Going ahead other,Car,Offside,668,3
2008,45,3,Small town,Kerb,Tree,Not at or within 20 metres of junction,ROVER,Female,Going ahead other,Car,Front,108,5
2008,24,11,Small town,Kerb,Tree,Mid Junction - on roundabout or on main road,AUDI,Female,Going ahead other,Car,Front,520,1
2008,37,12,Urban area,Central island of roundabout,Lamp post,Entering roundabout,JAGUAR,Male,Going ahead other,Car,Front,385,1
2008,59,4,Urban area,Bollard or refuge,Tree,Mid Junction - on roundabout or on main road,FORD,Male,Going ahead other,Car,Front,523,7
2008,63,20,Rural,Kerb,Tree,Approaching junction or waiting/parked at junction approach,HONDA,Female,Turning left,Car,Front,749,3
2008,68,2,Urban area,Kerb,Tree,Not at or within 20 metres of junction,FIAT,Male,Going ahead left-hand bend,Car,Front,150,2
2008,21,2,Urban area,Bridge (side),Other permanent object,Not at or within 20 metres of junction,FORD,Male,Going ahead other,Car,Front,597,3
2008,60,11,Small town,Kerb,Road sign or traffic signal,Cleared junction or waiting/parked at junction exit,HYUNDAI,Male,Going ahead other,Car,Nearside,186,4
2008,48,1,Urban area,Kerb,Other permanent object,Cleared junction or waiting/parked at junction exit,FORD,Male,Going ahead other,Car,Nearside,139,7
2008,33,4,Urban area,Kerb,Other permanent object,Approaching junction or waiting/parked at junction approach,SUZUKI,Male,Going ahead other,Motorcycle 50cc and under,Offside,419,5
2008,68,6,Small town,Kerb,Entered ditch,Mid Junction - on roundabout or on main road,MAZDA,Female,Turning left,Car,Front,381,2
2008,48,8,Urban area,Kerb,Entered ditch,Not at or within 20 metres of junction,FORD,Female,Going ahead other,Car,Front,515,4
2008,32,1,Urban area,Bollard or refuge,Central crash barrier,Not at or within 20 metres of junction,CITROEN,Male,Changing lane to right,Van / Goods ,Offside,217,3
2008,68,9,Urban area,Bollard or refuge,Road sign or traffic signal,Approaching junction or waiting/parked at junction approach,RENAULT,Male,Going ahead other,Car,Offside,739,3
2008,43,8,Rural,Central island of roundabout,Road sign or traffic signal,Mid Junction - on roundabout or on main road,SKODA,Male,Going ahead other,Car,Front,437,7
2008,56,5,Urban area,Kerb,Lamp post,Leaving roundabout,RENAULT,Male,Turning left,Car,Front,574,12
2008,71,8,Urban area,Bollard or refuge,Lamp post,Approaching junction or waiting/parked at junction approach,FORD,Female,Slowing or stopping,Car,Front,641,11
2008,78,10,Urban area,Bollard or refuge,Other permanent object,Approaching junction or waiting/parked at junction approach,FIAT,Male,Going ahead other,Car,Front,367,9
2008,50,2,Urban area,Kerb,Road sign or traffic signal,Not at or within 20 metres of junction,AUDI,Male,Going ahead right-hand bend,Car,Front,694,9
2008,57,9,Small town,Kerb,Other permanent object,Mid Junction - on roundabout or on main road,AUDI,Male,Going ahead other,Car,Front,181,3
2008,54,3,Small town,Central island of roundabout,Road sign or traffic signal,Entering roundabout,FORD,Female,Moving off,Car,Offside,157,5
2008,47,9,Urban area,Bollard or refuge,Road sign or traffic signal,Approaching junction or waiting/parked at junction approach,HONDA,Male,Going ahead other,Car,Front,779,9
2008,70,3,Urban area,Kerb,Road sign or traffic signal,Approaching junction or waiting/parked at junction approach,TOYOTA,Male,Going ahead other,Car,Front,587,5
2008,73,4,Urban area,Kerb,Other permanent object,Approaching junction or waiting/parked at junction approach,RENAULT,Male,Going ahead other,Car,Front,346,6