Year_N,Age_of_Driver_N,Age_of_Vehicle_N,Accident_Area_Type_C,On_road_object_hit_C,Off_road_object_hit _C,Junction_Location_C,Car_Make_C,Driver_Sex_C,Vehicle_Manoeuvre_C,Vehicle_Type_C,Point_of_Impact_C,Cost_of_Incident_N,Weeks_to_Repair_N
2009,61,14,Urban area,Bollard or refuge,Other permanent object,Leaving roundabout,RENAULT,Male,Going ahead other,Car,Front,119,6
2009,46,4,Urban area,Parked vehicle,Other permanent object,Not at or within 20 metres of junction,LEXUS,Male,Overtaking static vehicle - offside,Car,Front,775,1
2009,59,13,Urban area,Bollard or refuge,Lamp post,Approaching junction or waiting/parked at junction approach,FORD,Male,Going ahead other,Car,Offside,181,11
2009,71,21,Urban area,Kerb,Lamp post,Not at or within 20 metres of junction,BMW,Male,Overtaking moving vehicle - offside,Car,Back,677,6
2009,36,4,Urban area,Kerb,Tree,Not at or within 20 metres of junction,MINI,Female,Going ahead other,Car,Front,618,7
2009,47,4,Small town,Bollard or refuge,Road sign or traffic signal,Approaching junction or waiting/parked at junction approach,PEUGEOT,Male,Slowing or stopping,Car,Front,500,12
2009,79,2,Urban area,Bollard or refuge,Road sign or traffic signal,Mid Junction - on roundabout or on main road,FIAT,Male,Turning right,Car,Front,452,4
2009,49,10,Urban area,Other object,Tree,Not at or within 20 metres of junction,CITROEN,Male,Going ahead left-hand bend,Car,Front,553,1
2009,29,8,Small town,Kerb,Tree,Not at or within 20 metres of junction,RENAULT,Male,Going ahead other,Car,Front,442,10
2009,39,11,Urban area,Bridge (side),Other permanent object,Not at or within 20 metres of junction,MAZDA,Female,Going ahead right-hand bend,Car,Nearside,277,0
2009,29,2,Urban area,Kerb,Entered ditch,Not at or within 20 metres of junction,VOLKSWAGEN,Male,Going ahead right-hand bend,Car,Offside,124,9
2009,75,15,Small town,Bollard or refuge,Lamp post,Not at or within 20 metres of junction,BMW,Male,Going ahead other,Car,Front,226,0
2009,21,2,Urban area,Central island of roundabout,Tree,Mid Junction - on roundabout or on main road,BMW,Male,Going ahead other,Car,Front,630,11
2009,45,5,Urban area,Previous accident,Other permanent object,Not at or within 20 metres of junction,FORD,Male,Going ahead right-hand bend,Car,Front,794,8
2009,78,13,Urban area,Kerb,Lamp post,Entering main road,BMW,Male,Going ahead other,Car,Offside,177,10
2009,34,21,Urban area,Other object,Lamp post,Entering main road,FORD,Male,Going ahead other,Car,Front,422,11
2009,79,9,Urban area,Kerb,Lamp post,Not at or within 20 metres of junction,LEXUS,Male,Going ahead other,Car,Front,752,5
2009,68,13,Urban area,Parked vehicle,Other permanent object,Not at or within 20 metres of junction,HONDA,Male,Going ahead other,Car,Nearside,744,9
2009,32,6,Urban area,Parked vehicle,Lamp post,Not at or within 20 metres of junction,FORD,Female,Going ahead other,Car,Front,265,2
2009,74,13,Urban area,Bollard or refuge,Near/Offside crash barrier,Not at or within 20 metres of junction,HYUNDAI,Male,Going ahead other,Car,Front,501,0
2009,22,1,Small town,Other object,Telegraph or electricity pole,Not at or within 20 metres of junction,MAZDA,Female,Moving off,Car,Front,611,4
2009,72,9,Urban area,Kerb,Tree,Not at or within 20 metres of junction,TOYOTA,Male,Going ahead left-hand bend,Car,Offside,516,1
2009,32,10,Rural,Central island of roundabout,Road sign or traffic signal,Entering roundabout,SKODA,Female,Going ahead other,Car,Front,506,10
2009,75,13,Urban area,Kerb,Lamp post,Not at or within 20 metres of junction,VOLKSWAGEN,Male,Going ahead other,Car,Front,242,9
2009,48,8,Urban area,Parked vehicle,Other permanent object,Not at or within 20 metres of junction,FORD,Male,Going ahead other,Car,Front,392,11
2009,73,9,Small town,Other object,Other permanent object,Not at or within 20 metres of junction,CITROEN,Male,Changing lane to left,Car,Offside,433,5
2009,65,7,Small town,Bridge (side),Central crash barrier,Cleared junction or waiting/parked at junction exit,PEUGEOT,Male,Going ahead other,Car,Front,742,1
2009,68,17,Urban area,Kerb,Other permanent object,Not at or within 20 metres of junction,HONDA,Male,Going ahead left-hand bend,Motorcycle ,Did not impact,377,6
2009,69,3,Urban area,Bollard or refuge,Road sign or traffic signal,Not at or within 20 metres of junction,HONDA,Male,Going ahead right-hand bend,Car,Front,154,8
2009,55,7,Urban area,Bollard or refuge,Road sign or traffic signal,Leaving roundabout,RENAULT,Male,Going ahead left-hand bend,Car,Front,322,12
2009,39,3,Urban area,Any animal (except ridden horse),Near/Offside crash barrier,Not at or within 20 metres of junction,PEUGEOT,Male,Going ahead left-hand bend,Van / Goods ,Front,464,8
2009,51,9,Urban area,Kerb,Entered ditch,Not at or within 20 metres of junction,PEUGEOT,Male,Overtaking moving vehicle - offside,Car,Offside,260,5
2009,69,4,Urban area,Kerb,Lamp post,Approaching junction or waiting/parked at junction approach,CITROEN,Male,Going ahead left-hand bend,Car,Did not impact,752,4
2009,27,4,Urban area,Kerb,Other permanent object,Mid Junction - on roundabout or on main road,FORD,Female,Turning right,Car,Nearside,108,4
2009,59,2,Small town,Kerb,Lamp post,Leaving roundabout,FORD,Male,Going ahead other,Car,Front,290,4
2009,73,3,Urban area,Central island of roundabout,Road sign or traffic signal,Entering roundabout,FORD,Male,Turning left,Car,Front,723,1
2009,60,6,Urban area,Kerb,Road sign or traffic signal,Entering roundabout,FORD,Male,Going ahead other,Car,Front,277,9
2009,24,16,Urban area,Bollard or refuge,Road sign or traffic signal,Leaving roundabout,KAWASAKI,Female,Turning right,Motorcycle ,Nearside,255,6
2009,76,4,Urban area,Other object,Lamp post,Approaching junction or waiting/parked at junction approach,AUDI,Male,Going ahead other,Car,Offside,368,2
2009,63,5,Urban area,Other object,Other permanent object,Not at or within 20 metres of junction,HONDA,Male,Going ahead other,Car,Front,102,10
2009,75,1,Urban area,Other object,Telegraph or electricity pole,Not at or within 20 metres of junction,CHEVROLET,Male,Moving off,Car,Front,114,8
2009,78,9,Urban area,Parked vehicle,Other permanent object,Entering roundabout,FORD,Male,Moving off,Car,Offside,188,7
2009,22,3,Urban area,Parked vehicle,Tree,Not at or within 20 metres of junction,AUDI,Male,Changing lane to left,Car,Front,567,11
2009,79,2,Urban area,Bollard or refuge,Other permanent object,Approaching junction or waiting/parked at junction approach,VOLKSWAGEN,Female,Going ahead other,Car,Nearside,175,2
2009,26,2,Urban area,Bollard or refuge,Near/Offside crash barrier,Leaving main road,CITROEN,Male,Turning left,Taxi/Private hire car,Front,364,6
2009,57,6,Urban area,Kerb,Lamp post,Mid Junction - on roundabout or on main road,FORD,Male,Going ahead other,Car,Front,345,3
2009,53,9,Rural,Kerb,Other permanent object,Approaching junction or waiting/parked at junction approach,BMW,Male,Going ahead left-hand bend,Car,Front,335,4
2009,24,6,Rural,Kerb,Entered ditch,Not at or within 20 metres of junction,SUZUKI,Female,Going ahead right-hand bend,Car,Offside,473,9
2009,77,7,Urban area,Any animal (except ridden horse),Tree,Not at or within 20 metres of junction,CITROEN,Female,Going ahead other,Car,Front,416,1
2009,21,6,Urban area,Other object,Telegraph or electricity pole,Entering main road,FORD,Male,Going ahead other,Car,Offside,485,9
2009,73,7,Urban area,Kerb,Near/Offside crash barrier,Approaching junction or waiting/parked at junction approach,RENAULT,Male,Going ahead right-hand bend,Car,Nearside,163,9
2009,59,6,Urban area,Other object,Central crash barrier,Not at or within 20 metres of junction,CHRYSLER,Female,Going ahead other,Car,Front,528,1
2009,28,7,Small town,Other object,Tree,Not at or within 20 metres of junction,CITROEN,Female,Going ahead other,Car,Nearside,762,2
2009,38,8,Urban area,Bollard or refuge,Other permanent object,Cleared junction or waiting/parked at junction exit,FORD,Male,Turning right,Car,Nearside,584,2
2009,45,10,Urban area,Other object,Road sign or traffic signal,Entering roundabout,NISSAN,Female,Slowing or stopping,Car,Front,186,9
2009,49,4,Urban area,Kerb,Tree,Not at or within 20 metres of junction,CITROEN,Male,Going ahead right-hand bend,Van / Goods ,Front,487,5
2009,43,2,Urban area,Kerb,Entered ditch,Leaving roundabout,MINI,Female,Going ahead other,Car,Nearside,178,7
2009,26,8,Urban area,Kerb,Other permanent object,Not at or within 20 metres of junction,CITROEN,Male,Overtaking moving vehicle - offside,Car,Front,589,9
2009,48,4,Rural,Kerb,Telegraph or electricity pole,Not at or within 20 metres of junction,KIA,Male,Going ahead other,Car,Offside,606,2
2009,33,10,Urban area,Kerb,Entered ditch,Not at or within 20 metres of junction,FORD,Male,Going ahead left-hand bend,Car,Offside,438,1
2009,71,10,Rural,Kerb,Entered ditch,Not at or within 20 metres of junction,RENAULT,Male,Going ahead right-hand bend,Car,Front,460,5
2009,59,3,Urban area,Bollard or refuge,Road sign or traffic signal,Not at or within 20 metres of junction,VOLKSWAGEN,Male,Going ahead right-hand bend,Car,Front,538,8
2009,33,15,Urban area,Kerb,Entered ditch,Not at or within 20 metres of junction,NISSAN,Male,Going ahead left-hand bend,Car,Front,543,4
2009,36,4,Urban area,Kerb,Lamp post,Not at or within 20 metres of junction,PEUGEOT,Male,Going ahead left-hand bend,Car,Offside,234,1
2009,32,10,Urban area,Kerb,Tree,Not at or within 20 metres of junction,FORD,Female,Going ahead other,Car,Front,120,3
2009,21,8,Urban area,Bollard or refuge,Road sign or traffic signal,Approaching junction or waiting/parked at junction approach,PEUGEOT,Male,Going ahead other,Car,Front,386,8
2009,50,5,Urban area,Kerb,Road sign or traffic signal,Approaching junction or waiting/parked at junction approach,HONDA,Male,Going ahead left-hand bend,Motorcycle ,Nearside,690,7
2009,25,5,Small town,Kerb,Other permanent object,Mid Junction - on roundabout or on main road,FIAT,Male,Going ahead other,Car,Front,799,3
2009,62,1,Urban area,Kerb,Tree,Not at or within 20 metres of junction,MITSUBISHI,Female,Going ahead other,Car,Nearside,762,8
2009,67,2,Rural,Kerb,Road sign or traffic signal,Not at or within 20 metres of junction,HONDA,Male,Overtaking moving vehicle - offside,Car,Front,681,11
2009,67,22,Small town,Parked vehicle,Lamp post,Not at or within 20 metres of junction,NISSAN,Male,Going ahead left-hand bend,Car,Offside,541,9
2009,19,6,Urban area,Bollard or refuge,Road sign or traffic signal,Not at or within 20 metres of junction,SKODA,Male,Going ahead other,Car,Front,562,5
2009,31,9,Urban area,Kerb,Tree,Not at or within 20 metres of junction,MERCEDES,Female,Going ahead other,Van / Goods ,Offside,739,10
2009,57,7,Urban area,Kerb,Near/Offside crash barrier,Not at or within 20 metres of junction,HONDA,Male,Going ahead right-hand bend,Motorcycle ,Nearside,412,4
2009,24,2,Rural,Kerb,Other permanent object,Not at or within 20 metres of junction,LAND ROVER,Male,Going ahead right-hand bend,Car,Front,353,5
2009,50,5,Rural,Central island of roundabout,Tree,Mid Junction - on roundabout or on main road,BMW,Male,Turning right,Car,Nearside,161,3
2009,59,8,Urban area,Bollard or refuge,Lamp post,Not at or within 20 metres of junction,FORD,Male,Going ahead other,Van / Goods ,Front,237,1
2009,54,14,Small town,Kerb,Entered ditch,Not at or within 20 metres of junction,PEUGEOT,Female,Going ahead other,Car,Nearside,597,4
2009,59,8,Rural,Kerb,Other permanent object,Not at or within 20 metres of junction,PEUGEOT,Male,Going ahead left-hand bend,Car,Front,701,0
2009,58,6,Rural,Kerb,Other permanent object,Cleared junction or waiting/parked at junction exit,HONDA,Male,Going ahead other,Car,Nearside,490,0
2009,47,3,Rural,Parked vehicle,Lamp post,Not at or within 20 metres of junction,HONDA,Female,Going ahead other,Car,Front,797,0
2009,27,3,Rural,Kerb,Other permanent object,Not at or within 20 metres of junction,FORD,Female,Going ahead other,Car,Offside,184,0
2009,21,7,Urban area,Central island of roundabout,Road sign or traffic signal,Entering roundabout,YAMAHA,Male,Going ahead other,Motorcycle ,Front,271,1
2009,75,7,Urban area,Kerb,Other permanent object,Mid Junction - on roundabout or on main road,VOLKSWAGEN,Male,Turning left,Car,Front,305,11
2009,21,10,Urban area,Kerb,Other permanent object,Approaching junction or waiting/parked at junction approach,CITROEN,Male,Going ahead other,Car,Front,225,7
2009,60,5,Urban area,Kerb,Central crash barrier,Not at or within 20 metres of junction,ROVER,Male,Going ahead other,Car,Front,286,12
2009,75,10,Rural,Any animal (except ridden horse),Road sign or traffic signal,Not at or within 20 metres of junction,TOYOTA,Male,Going ahead other,Car,Front,370,2
2009,68,2,Small town,Kerb,Other permanent object,Cleared junction or waiting/parked at junction exit,MITSUBISHI,Female,Going ahead other,Car,Front,228,11
2009,27,3,Rural,Kerb,Entered ditch,Not at or within 20 metres of junction,TOYOTA,Male,Going ahead other,Car,Front,372,9
2009,72,12,Urban area,Kerb,Other permanent object,Not at or within 20 metres of junction,CITROEN,Male,Going ahead other,Car,Front,544,2
2009,25,8,Small town,Bridge (side),Other permanent object,Not at or within 20 metres of junction,PEUGEOT,Female,Going ahead left-hand bend,Car,Front,746,6
2009,41,11,Urban area,Kerb,Other permanent object,Not at or within 20 metres of junction,PEUGEOT,Male,Going ahead other,Car,Nearside,264,4
2009,67,8,Urban area,Kerb,Other permanent object,Leaving roundabout,BMW,Male,Going ahead left-hand bend,Car,Front,131,3
2009,71,16,Urban area,Parked vehicle,Other permanent object,Entering main road,RENAULT,Male,Going ahead other,Car,Front,791,11
2009,54,14,Small town,Central island of roundabout,Road sign or traffic signal,Entering roundabout,PEUGEOT,Male,Slowing or stopping,Car,Front,728,0
2009,79,14,Urban area,Kerb,Road sign or traffic signal,Approaching junction or waiting/parked at junction approach,TOYOTA,Female,Turning right,Car,Front,606,10
2009,36,5,Urban area,Central island of roundabout,Road sign or traffic signal,Entering roundabout,VOLKSWAGEN,Male,Going ahead other,Van / Goods ,Front,309,10
2009,35,7,Urban area,Kerb,Other permanent object,Not at or within 20 metres of junction,PEUGEOT,Female,Going ahead other,Car,Front,601,9
2009,17,14,Urban area,Bollard or refuge,Tree,Cleared junction or waiting/parked at junction exit,ROVER,Female,Going ahead other,Car,Front,336,0
2009,71,13,Urban area,Central island of roundabout,Central crash barrier,Cleared junction or waiting/parked at junction exit,BMW,Male,Going ahead left-hand bend,Car,Offside,148,0
2009,36,7,Urban area,Kerb,Tree,Not at or within 20 metres of junction,SAAB,Male,Going ahead right-hand bend,Car,Front,583,10
2009,42,4,Urban area,Kerb,Tree,Entering roundabout,BMW,Male,Going ahead left-hand bend,Car,Offside,155,3
2009,53,15,Urban area,Bollard or refuge,Road sign or traffic signal,Not at or within 20 metres of junction,ROVER,Female,Going ahead other,Car,Front,698,10
2009,73,8,Urban area,Bollard or refuge,Other permanent object,Leaving roundabout,BMW,Male,Going ahead other,Car,Nearside,251,2
2009,77,4,Urban area,Road works,Road sign or traffic signal,Mid Junction - on roundabout or on main road,SUZUKI,Male,Going ahead other,Car,Offside,464,7
2009,44,3,Small town,Kerb,Road sign or traffic signal,Approaching junction or waiting/parked at junction approach,HONDA,Female,Going ahead other,Car,Front,406,3
2009,55,6,Urban area,Central island of roundabout,Road sign or traffic signal,Mid Junction - on roundabout or on main road,BMW,Male,Going ahead other,Car,Front,402,10
2009,22,8,Urban area,Kerb,Road sign or traffic signal,Approaching junction or waiting/parked at junction approach,VOLKSWAGEN,Male,Going ahead other,Car,Front,206,11
2009,42,2,Urban area,Central island of roundabout,Other permanent object,Entering roundabout,AUDI,Male,Going ahead other,Car,Offside,589,5
2009,68,3,Urban area,Kerb,Lamp post,Mid Junction - on roundabout or on main road,NISSAN,Male,Going ahead other,Car,Front,562,6
2009,22,11,Urban area,Bollard or refuge,Near/Offside crash barrier,Not at or within 20 metres of junction,FORD,Female,Going ahead other,Car,Front,270,3
2009,27,7,Urban area,Kerb,Other permanent object,Mid Junction - on roundabout or on main road,FIAT,Male,Going ahead other,Car,Front,741,6
2009,48,15,Urban area,Central island of roundabout,Tree,Mid Junction - on roundabout or on main road,NISSAN,Female,Turning right,Car,Nearside,411,5
2009,49,3,Small town,Bollard or refuge,Central crash barrier,Not at or within 20 metres of junction,MINI,Female,Going ahead other,Car,Offside,398,5
2009,17,4,Urban area,Kerb,Other permanent object,Not at or within 20 metres of junction,SUZUKI,Male,Going ahead other,Motorcycle ,Front,685,7
2009,60,7,Urban area,Bollard or refuge,Road sign or traffic signal,Entering main road,PEUGEOT,Female,Turning right,Car,Offside,652,12
2009,68,11,Urban area,Kerb,Road sign or traffic signal,Not at or within 20 metres of junction,MAZDA,Male,Going ahead other,Car,Front,215,5
2009,57,2,Urban area,Bollard or refuge,Central crash barrier,Not at or within 20 metres of junction,PEUGEOT,Female,Going ahead other,Car,Offside,717,4
2009,29,11,Urban area,Kerb,Near/Offside crash barrier,Not at or within 20 metres of junction,PEUGEOT,Male,Going ahead other,Car,Front,394,12
2009,66,2,Urban area,Bollard or refuge,Lamp post,Not at or within 20 metres of junction,LAND ROVER,Male,Going ahead other,Car,Front,266,10
2009,62,5,Urban area,Kerb,Lamp post,Entering roundabout,NISSAN,Male,Going ahead other,Car,Front,484,3
2009,17,11,Urban area,Kerb,Lamp post,Approaching junction or waiting/parked at junction approach,PEUGEOT,Male,Going ahead other,Car,Offside,451,12
2009,18,1,Urban area,Kerb,Other permanent object,Not at or within 20 metres of junction,FORD,Male,Going ahead other,Car,Nearside,481,2
2009,77,12,Urban area,Kerb,Road sign or traffic signal,Not at or within 20 metres of junction,ROVER,Male,Overtaking - nearside,Car,Front,394,0
2009,68,1,Urban area,Kerb,Road sign or traffic signal,Mid Junction - on roundabout or on main road,SKODA,Male,Going ahead other,Car,Front,133,1
2009,69,7,Rural,Other object,Tree,Not at or within 20 metres of junction,FORD,Male,Going ahead other,Car,Offside,105,10
2009,46,12,Urban area,Kerb,Tree,Not at or within 20 metres of junction,ROVER,Male,Going ahead other,Car,Front,666,5
2009,18,1,Urban area,Kerb,Other permanent object,Not at or within 20 metres of junction,VOLKSWAGEN,Male,Going ahead right-hand bend,Car,Front,573,9
2009,66,12,Urban area,Kerb,Tree,Not at or within 20 metres of junction,FORD,Male,Going ahead other,Car,Offside,209,5
2009,43,4,Urban area,Bollard or refuge,Central crash barrier,Not at or within 20 metres of junction,PORSCHE,Female,Going ahead other,Car,Front,393,7
2009,77,5,Urban area,Bridge (side),Other permanent object,Cleared junction or waiting/parked at junction exit,VOLKSWAGEN,Male,Going ahead right-hand bend,Van / Goods ,Front,181,9
2009,40,9,Urban area,Kerb,Other permanent object,Approaching junction or waiting/parked at junction approach,TOYOTA,Male,Going ahead other,Car,Front,711,3
2009,67,7,Urban area,Kerb,Road sign or traffic signal,Entering main road,FORD,Female,Overtaking static vehicle - offside,Car,Nearside,247,10
2009,19,8,Urban area,Road works,Near/Offside crash barrier,Cleared junction or waiting/parked at junction exit,FORD,Male,Going ahead other,Car,Back,132,8
2009,61,3,Urban area,Road works,Central crash barrier,Entering from slip road,SAAB,Male,Overtaking moving vehicle - offside,Car,Front,214,8
2009,70,5,Urban area,Bollard or refuge,Near/Offside crash barrier,Not at or within 20 metres of junction,MINI,Female,Going ahead other,Car,Front,335,4
2009,73,12,Urban area,Kerb,Tree,Not at or within 20 metres of junction,FORD,Female,Going ahead left-hand bend,Car,Front,708,0
2009,64,4,Urban area,Bollard or refuge,Other permanent object,Approaching junction or waiting/parked at junction approach,SKODA,Female,Going ahead other,Car,Back,565,0
2009,22,7,Small town,Parked vehicle,Tree,Mid Junction - on roundabout or on main road,PEUGEOT,Female,Slowing or stopping,Car,Front,195,4
2009,52,5,Urban area,Kerb,Telegraph or electricity pole,Not at or within 20 metres of junction,PEUGEOT,Male,Going ahead left-hand bend,Car,Offside,570,12
2009,63,17,Urban area,Kerb,Other permanent object,Not at or within 20 metres of junction,MAZDA,Male,Going ahead left-hand bend,Van / Goods ,Front,313,2
2009,42,5,Rural,Any animal (except ridden horse),Entered ditch,Cleared junction or waiting/parked at junction exit,BMW,Male,Going ahead other,Car,Front,514,0
2009,61,2,Rural,Bridge (side),Near/Offside crash barrier,Not at or within 20 metres of junction,RENAULT,Female,Moving off,Car,Front,588,3
2009,80,15,Small town,Kerb,Lamp post,Leaving roundabout,VOLVO,Female,Going ahead other,Car,Back,795,9
2009,41,8,Small town,Any animal (except ridden horse),Tree,Not at or within 20 metres of junction,RENAULT,Male,Going ahead other,Car,Front,645,4
2009,52,11,Urban area,Kerb,Lamp post,Mid Junction - on roundabout or on main road,TOYOTA,Male,Going ahead other,Car,Back,660,1
2009,21,3,Urban area,Bollard or refuge,Road sign or traffic signal,Approaching junction or waiting/parked at junction approach,PEUGEOT,Male,Going ahead other,Car,Nearside,779,2
2009,75,9,Urban area,Kerb,Road sign or traffic signal,Mid Junction - on roundabout or on main road,ROVER,Male,Going ahead left-hand bend,Car,Front,256,10
2009,50,14,Urban area,Kerb,Tree,Not at or within 20 metres of junction,FORD,Female,Going ahead other,Car,Nearside,648,8
2009,73,13,Urban area,Kerb,Near/Offside crash barrier,Not at or within 20 metres of junction,VOLKSWAGEN,Female,Going ahead other,Car,Nearside,354,5
2009,45,4,Urban area,Parked vehicle,Lamp post,Approaching junction or waiting/parked at junction approach,FORD,Male,Going ahead other,Car,Front,584,7
2009,80,23,Urban area,Bollard or refuge,Near/Offside crash barrier,Not at or within 20 metres of junction,VOLKSWAGEN,Male,Slowing or stopping,Van / Goods ,Back,624,6
2009,49,2,Rural,Kerb,Tree,Not at or within 20 metres of junction,FIAT,Male,Overtaking moving vehicle - offside,Car,Offside,429,6
2009,40,9,Urban area,Kerb,Tree,Not at or within 20 metres of junction,TOYOTA,Male,Overtaking moving vehicle - offside,Car,Nearside,130,11
2009,80,8,Urban area,Kerb,Near/Offside crash barrier,Not at or within 20 metres of junction,KAWASAKI,Male,Going ahead left-hand bend,Motorcycle ,Nearside,206,9
2009,68,15,Urban area,Kerb,Lamp post,Not at or within 20 metres of junction,PEUGEOT,Male,Going ahead right-hand bend,Car,Front,157,6
2009,27,3,Rural,Kerb,Other permanent object,Cleared junction or waiting/parked at junction exit,TOYOTA,Male,Going ahead left-hand bend,Car,Front,192,3
2009,59,1,Urban area,Bollard or refuge,Road sign or traffic signal,Not at or within 20 metres of junction,CITROEN,Female,Going ahead other,Car,Did not impact,691,8
2009,41,12,Urban area,Central island of roundabout,Other permanent object,Entering roundabout,MERCEDES,Male,Going ahead other,Car,Front,169,5
2009,48,8,Urban area,Kerb,Road sign or traffic signal,Not at or within 20 metres of junction,FORD,Female,Going ahead other,Car,Front,389,3
2009,24,15,Rural,Other object,Other permanent object,Not at or within 20 metres of junction,LAND ROVER,Male,Going ahead other,Car,Front,678,7
2009,19,1,Urban area,Kerb,Entered ditch,Not at or within 20 metres of junction,FORD,Female,Going ahead right-hand bend,Car,Nearside,347,1
2009,79,15,Urban area,Bollard or refuge,Other permanent object,Cleared junction or waiting/parked at junction exit,SUZUKI,Male,Turning right,Car,Front,725,2
2009,63,7,Urban area,Kerb,Road sign or traffic signal,Entering roundabout,HONDA,Female,Going ahead other,Car,Front,727,7
2009,79,6,Urban area,Kerb,Near/Offside crash barrier,Not at or within 20 metres of junction,TOYOTA,Male,Changing lane to left,Car,Front,462,10
2009,24,3,Small town,Kerb,Tree,Not at or within 20 metres of junction,YAMAHA,Male,Going ahead right-hand bend,Motorcycle ,Front,525,0
2009,38,5,Urban area,Kerb,Lamp post,Leaving roundabout,NISSAN,Female,Changing lane to left,Car,Front,427,2
2009,39,20,Urban area,Kerb,Lamp post,Not at or within 20 metres of junction,NISSAN,Male,Going ahead other,Car,Nearside,474,4
2009,59,4,Urban area,Bollard or refuge,Road sign or traffic signal,Leaving roundabout,FORD,Female,Going ahead other,Car,Front,381,12
2009,77,14,Urban area,Kerb,Road sign or traffic signal,Cleared junction or waiting/parked at junction exit,NISSAN,Female,Going ahead other,Car,Front,689,4
2009,29,10,Rural,Kerb,Tree,Not at or within 20 metres of junction,YAMAHA,Male,Going ahead right-hand bend,Motorcycle ,Front,186,9
2009,66,3,Urban area,Parked vehicle,Other permanent object,Not at or within 20 metres of junction,MERCEDES,Male,Going ahead other,Van / Goods ,Front,218,8
2009,33,7,Urban area,Bridge (side),Other permanent object,Not at or within 20 metres of junction,ROVER,Male,Going ahead right-hand bend,Car,Front,236,8
2009,20,7,Urban area,Kerb,Road sign or traffic signal,Not at or within 20 metres of junction,CITROEN,Male,Going ahead left-hand bend,Car,Front,499,4
2009,73,10,Urban area,Kerb,Tree,Entering from slip road,PEUGEOT,Male,Going ahead other,Car,Front,265,2
2009,61,11,Urban area,Kerb,Near/Offside crash barrier,Not at or within 20 metres of junction,FORD,Male,Going ahead left-hand bend,Car,Front,748,1
2009,47,5,Urban area,Bridge (side),Near/Offside crash barrier,Not at or within 20 metres of junction,PEUGEOT,Male,Going ahead other,Car,Nearside,768,4
2009,78,8,Rural,Kerb,Road sign or traffic signal,Not at or within 20 metres of junction,HONDA,Male,Going ahead other,Car,Front,454,6
2009,57,8,Urban area,Kerb,Lamp post,Approaching junction or waiting/parked at junction approach,HONDA,Male,Going ahead right-hand bend,Car,Did not impact,350,2
2009,63,5,Small town,Kerb,Lamp post,Approaching junction or waiting/parked at junction approach,HONDA,Female,Going ahead other,Car,Did not impact,544,4
2009,62,5,Rural,Kerb,Tree,Not at or within 20 metres of junction,KIA,Male,Going ahead left-hand bend,Car,Front,157,1
2009,28,12,Rural,Bollard or refuge,Road sign or traffic signal,Approaching junction or waiting/parked at junction approach,MERCEDES,Male,Going ahead other,Car,Front,481,11
2009,70,1,Rural,Previous accident,Central crash barrier,Entering from slip road,RENAULT,Female,Going ahead right-hand bend,Car,Front,428,0
2009,39,2,Urban area,Kerb,Lamp post,Cleared junction or waiting/parked at junction exit,PEUGEOT,Female,Going ahead other,Car,Front,305,1
2009,23,7,Urban area,Kerb,Other permanent object,Not at or within 20 metres of junction,CHRYSLER,Male,Going ahead other,Car,Front,498,8
2009,35,14,Urban area,Bollard or refuge,Tree,Cleared junction or waiting/parked at junction exit,NISSAN,Female,Going ahead other,Car,Front,749,11
2009,34,5,Urban area,Kerb,Near/Offside crash barrier,Entering roundabout,LAND ROVER,Female,Going ahead other,Car,Front,657,4
2009,23,12,Urban area,Bollard or refuge,Central crash barrier,Approaching junction or waiting/parked at junction approach,CITROEN,Female,Going ahead other,Car,Front,568,2
2009,61,17,Urban area,Kerb,Tree,Leaving roundabout,RENAULT,Male,Going ahead other,Car,Nearside,423,12
2009,68,13,Urban area,Kerb,Road sign or traffic signal,Entering roundabout,CITROEN,Male,Going ahead other,Car,Front,497,0
2009,63,6,Urban area,Kerb,Other permanent object,Cleared junction or waiting/parked at junction exit,VOLKSWAGEN,Female,Turning right,Car,Front,316,8
2009,18,3,Small town,Other object,Entered ditch,Not at or within 20 metres of junction,TOYOTA,Female,Going ahead other,Car,Front,285,8
2009,77,3,Urban area,Bollard or refuge,Other permanent object,Mid Junction - on roundabout or on main road,HYUNDAI,Female,Going ahead other,Car,Offside,221,11
2009,46,14,Urban area,Kerb,Road sign or traffic signal,Mid Junction - on roundabout or on main road,CITROEN,Male,Going ahead left-hand bend,Car,Back,352,0
2009,72,5,Urban area,Kerb,Lamp post,Not at or within 20 metres of junction,BMW,Male,Going ahead other,Car,Front,139,12
2009,27,4,Small town,Kerb,Other permanent object,Not at or within 20 metres of junction,MERCEDES,Male,Going ahead left-hand bend,Van / Goods ,Offside,489,4
2009,43,3,Urban area,Kerb,Lamp post,Approaching junction or waiting/parked at junction approach,HONDA,Male,Overtaking moving vehicle - offside,Motorcycle ,Front,719,1
2009,40,6,Urban area,Central island of roundabout,Other permanent object,Entering roundabout,VOLKSWAGEN,Male,Turning right,Car,Front,540,4
2009,71,5,Urban area,Kerb,Other permanent object,Not at or within 20 metres of junction,MERCEDES,Female,Turning left,Car,Back,167,5