Year_N,Age_of_Driver_N,Age_of_Vehicle_N,Accident_Area_Type_C,On_road_object_hit_C,Off_road_object_hit _C,Junction_Location_C,Car_Make_C,Driver_Sex_C,Vehicle_Manoeuvre_C,Vehicle_Type_C,Point_of_Impact_C,Cost_of_Incident_N,Weeks_to_Repair_N
2009,50,1,Small town,Kerb,Entered ditch,Not at or within 20 metres of junction,SUZUKI,Male,Overtaking moving vehicle - offside,Motorcycle ,Offside,118,0
2009,46,13,Urban area,Kerb,Road sign or traffic signal,Mid Junction - on roundabout or on main road,VOLKSWAGEN,Male,Going ahead left-hand bend,Car,Front,517,3
2009,31,5,Urban area,Other object,Central crash barrier,Not at or within 20 metres of junction,BMW,Male,Going ahead other,Car,Front,542,0
2009,23,16,Urban area,Kerb,Tree,Not at or within 20 metres of junction,BMW,Male,Going ahead other,Car,Front,726,3
2009,22,10,Urban area,Kerb,Tree,Leaving main road,ROVER,Male,Going ahead other,Car,Front,633,2
2009,28,5,Urban area,Bollard or refuge,Other permanent object,Mid Junction - on roundabout or on main road,MAZDA,Male,Turning left,Car,Offside,241,3
2009,26,7,Urban area,Bollard or refuge,Tree,Not at or within 20 metres of junction,HONDA,Male,Going ahead other,Car,Front,737,4
2009,57,1,Urban area,Kerb,Other permanent object,Not at or within 20 metres of junction,NISSAN,Male,Going ahead other,Car,Front,424,8
2009,39,11,Rural,Kerb,Other permanent object,Not at or within 20 metres of junction,CITROEN,Female,Going ahead left-hand bend,Car,Front,775,1
2009,67,16,Urban area,Kerb,Tree,Leaving main road,FORD,Female,Turning right,Car,Front,180,3
2009,32,11,Small town,Bollard or refuge,Other permanent object,Mid Junction - on roundabout or on main road,PEUGEOT,Male,Turning left,Car,Nearside,106,6
2009,48,17,Urban area,Kerb,Tree,Not at or within 20 metres of junction,ROVER,Male,Going ahead other,Car,Front,797,5
2009,39,11,Rural,Kerb,Road sign or traffic signal,Approaching junction or waiting/parked at junction approach,FORD,Male,Turning left,Car,Front,595,6
2009,55,7,Urban area,Kerb,Lamp post,Mid Junction - on roundabout or on main road,VOLVO,Female,Going ahead other,Car,Nearside,327,10
2009,54,14,Urban area,Kerb,Other permanent object,Approaching junction or waiting/parked at junction approach,ROVER,Male,Turning right,Car,Front,527,11
2009,58,9,Urban area,Kerb,Lamp post,Entering roundabout,PEUGEOT,Female,Going ahead other,Car,Front,302,1
2009,50,1,Urban area,Bollard or refuge,Other permanent object,Cleared junction or waiting/parked at junction exit,VOLKSWAGEN,Female,Going ahead other,Car,Front,163,4
2009,80,13,Urban area,Bollard or refuge,Other permanent object,Cleared junction or waiting/parked at junction exit,ROVER,Male,Going ahead other,Car,Front,492,9
2009,57,10,Urban area,Parked vehicle,Other permanent object,Not at or within 20 metres of junction,PEUGEOT,Male,Going ahead other,Car,Front,396,6
2009,70,10,Urban area,Parked vehicle,Tree,Not at or within 20 metres of junction,FIAT,Female,Going ahead other,Car,Back,146,5
2009,17,3,Urban area,Road works,Other permanent object,Not at or within 20 metres of junction,VOLKSWAGEN,Male,Going ahead other,Van / Goods ,Front,194,3
2009,35,9,Urban area,Kerb,Other permanent object,Not at or within 20 metres of junction,CHRYSLER,Female,Going ahead left-hand bend,Car,Front,612,10
2009,49,3,Urban area,Bollard or refuge,Lamp post,Mid Junction - on roundabout or on main road,MERCEDES,Male,Going ahead other,Car,Offside,378,9
2009,17,19,Urban area,Kerb,Tree,Approaching junction or waiting/parked at junction approach,TOYOTA,Male,Going ahead other,Car,Offside,440,7
2009,62,10,Urban area,Kerb,Telegraph or electricity pole,Not at or within 20 metres of junction,PEUGEOT,Female,Going ahead other,Car,Front,240,3
2009,52,9,Urban area,Kerb,Entered ditch,Not at or within 20 metres of junction,HONDA,Male,Going ahead left-hand bend,Car,Nearside,373,10
2009,19,12,Urban area,Any animal (except ridden horse),Other permanent object,Approaching junction or waiting/parked at junction approach,FIAT,Male,Going ahead other,Car,Nearside,328,12
2009,54,9,Urban area,Previous accident,Central crash barrier,Entering from slip road,PEUGEOT,Female,Going ahead other,Car,Front,648,6
2009,76,13,Small town,Other object,Telegraph or electricity pole,Not at or within 20 metres of junction,VOLKSWAGEN,Male,Going ahead left-hand bend,Car,Front,264,2
2009,23,3,Rural,Other object,Central crash barrier,Not at or within 20 metres of junction,PORSCHE,Male,Overtaking moving vehicle - offside,Car,Front,500,1
2009,58,8,Urban area,Other object,Central crash barrier,Not at or within 20 metres of junction,FORD,Female,Going ahead other,Car,Offside,148,10
2009,19,3,Small town,Bollard or refuge,Other permanent object,Not at or within 20 metres of junction,TOYOTA,Male,Going ahead left-hand bend,Car,Front,241,11
2009,79,5,Urban area,Kerb,Other permanent object,Not at or within 20 metres of junction,PEUGEOT,Male,Going ahead left-hand bend,Car,Nearside,295,2
2009,35,4,Small town,Bollard or refuge,Central crash barrier,Not at or within 20 metres of junction,PEUGEOT,Male,Going ahead other,Car,Offside,197,1
2009,64,4,Urban area,Other object,Entered ditch,Not at or within 20 metres of junction,AUDI,Male,Going ahead other,Car,Front,252,8
2009,80,1,Urban area,Kerb,Tree,Not at or within 20 metres of junction,RENAULT,Male,Going ahead other,Car,Front,320,9
2009,46,3,Rural,Road works,Tree,Not at or within 20 metres of junction,SAAB,Male,Going ahead other,Car,Front,648,11
2009,60,14,Small town,Parked vehicle,Other permanent object,Not at or within 20 metres of junction,RENAULT,Female,Turning right,Car,Front,296,1
2009,41,8,Rural,Kerb,Road sign or traffic signal,Mid Junction - on roundabout or on main road,VOLVO,Female,Going ahead other,Car,Offside,597,7
2009,22,11,Small town,Parked vehicle,Other permanent object,Mid Junction - on roundabout or on main road,BMW,Male,Going ahead other,Car,Front,159,1
2009,41,2,Small town,Parked vehicle,Other permanent object,Cleared junction or waiting/parked at junction exit,MERCEDES,Female,Parked,Car,Front,332,8
2009,64,2,Urban area,Kerb,Entered ditch,Leaving roundabout,FIAT,Male,Slowing or stopping,Car,Front,320,11
2009,27,1,Urban area,Other object,Other permanent object,Not at or within 20 metres of junction,SUZUKI,Male,Going ahead other,Motorcycle ,Front,655,10
2009,26,11,Urban area,Kerb,Lamp post,Cleared junction or waiting/parked at junction exit,FORD,Female,Turning left,Car,Front,199,6
2009,62,2,Urban area,Bollard or refuge,Other permanent object,Mid Junction - on roundabout or on main road,HONDA,Male,Going ahead other,Car,Front,495,9
2009,39,9,Rural,Bridge (side),Other permanent object,Not at or within 20 metres of junction,ROVER,Female,Slowing or stopping,Car,Front,466,4
2009,73,6,Urban area,Bollard or refuge,Near/Offside crash barrier,Mid Junction - on roundabout or on main road,CITROEN,Male,Going ahead other,Car,Front,486,4
2009,77,12,Urban area,Kerb,Lamp post,Not at or within 20 metres of junction,CITROEN,Male,Going ahead right-hand bend,Car,Offside,574,12
2009,64,14,Small town,Previous accident,Other permanent object,Approaching junction or waiting/parked at junction approach,HONDA,Male,Going ahead other,Car,Offside,499,11
2009,71,4,Rural,Kerb,Other permanent object,Mid Junction - on roundabout or on main road,MINI,Male,Going ahead other,Car,Front,451,5
2009,75,12,Urban area,Kerb,Tree,Not at or within 20 metres of junction,SAAB,Male,Going ahead right-hand bend,Car,Front,273,7
2009,43,14,Rural,Parked vehicle,Other permanent object,Not at or within 20 metres of junction,AUDI,Male,Going ahead other,Car,Front,432,8
2009,48,5,Urban area,Kerb,Road sign or traffic signal,Approaching junction or waiting/parked at junction approach,SKODA,Female,Slowing or stopping,Car,Front,383,1
2009,36,13,Urban area,Parked vehicle,Other permanent object,Not at or within 20 metres of junction,FORD,Female,Going ahead other,Car,Front,216,12
2009,18,9,Urban area,Kerb,Road sign or traffic signal,Leaving main road,PEUGEOT,Male,Going ahead left-hand bend,Car,Front,655,12
2009,29,1,Urban area,Kerb,Tree,Not at or within 20 metres of junction,PEUGEOT,Female,Going ahead other,Car,Front,229,4
2009,44,2,Urban area,Kerb,Other permanent object,Approaching junction or waiting/parked at junction approach,VOLKSWAGEN,Female,Going ahead other,Car,Front,309,10
2009,68,14,Urban area,Bollard or refuge,Near/Offside crash barrier,Entering roundabout,FORD,Male,Going ahead other,Car,Nearside,223,0
2009,50,7,Rural,Kerb,Other permanent object,Not at or within 20 metres of junction,HONDA,Male,Going ahead other,Car,Front,127,10
2009,35,3,Urban area,Kerb,Tree,Not at or within 20 metres of junction,SUZUKI,Male,Going ahead left-hand bend,Motorcycle ,Front,433,4
2009,71,7,Urban area,Kerb,Other permanent object,Leaving main road,MITSUBISHI,Male,Reversing,Goods ,Back,454,7
2009,75,14,Urban area,Kerb,Other permanent object,Entering roundabout,BMW,Male,Going ahead other,Car,Front,799,0
2009,71,9,Small town,Kerb,Other permanent object,Cleared junction or waiting/parked at junction exit,SUZUKI,Male,Going ahead left-hand bend,Car,Nearside,580,5
2009,29,7,Urban area,Kerb,Tree,Not at or within 20 metres of junction,LEXUS,Male,Going ahead left-hand bend,Car,Nearside,518,7
2009,80,4,Urban area,Previous accident,Central crash barrier,Approaching junction or waiting/parked at junction approach,MERCEDES,Male,Going ahead other,Van / Goods ,Front,672,9
2009,29,10,Urban area,Kerb,Road sign or traffic signal,Entering roundabout,HONDA,Male,Going ahead other,Car,Front,417,1
2009,37,6,Urban area,Kerb,Other permanent object,Approaching junction or waiting/parked at junction approach,HYUNDAI,Male,Going ahead other,Car,Offside,653,1
2009,77,4,Urban area,Other object,Telegraph or electricity pole,Not at or within 20 metres of junction,CITROEN,Female,Going ahead left-hand bend,Car,Offside,154,8
2009,72,5,Rural,Kerb,Other permanent object,Approaching junction or waiting/parked at junction approach,BMW,Male,Going ahead right-hand bend,Car,Front,316,5
2009,58,7,Urban area,Kerb,Tree,Not at or within 20 metres of junction,CITROEN,Male,Going ahead other,Car,Offside,566,8
2009,36,3,Urban area,Kerb,Near/Offside crash barrier,Mid Junction - on roundabout or on main road,RENAULT,Male,Turning right,Car,Front,199,12
2009,69,7,Urban area,Parked vehicle,Other permanent object,Not at or within 20 metres of junction,FORD,Male,Going ahead left-hand bend,Car,Offside,210,11
2009,39,6,Urban area,Kerb,Tree,Not at or within 20 metres of junction,FORD,Male,Going ahead other,Car,Nearside,587,10
2009,63,13,Urban area,Kerb,Lamp post,Not at or within 20 metres of junction,FIAT,Male,Going ahead other,Car,Front,354,11
2009,70,12,Urban area,Bollard or refuge,Central crash barrier,Not at or within 20 metres of junction,NISSAN,Female,Going ahead other,Car,Front,113,10
2009,38,9,Urban area,Bridge (side),Near/Offside crash barrier,Approaching junction or waiting/parked at junction approach,JAGUAR,Male,Overtaking moving vehicle - offside,Car,Front,574,12
2009,55,6,Urban area,Bollard or refuge,Road sign or traffic signal,Not at or within 20 metres of junction,NISSAN,Male,Going ahead other,Car,Front,755,2
2009,76,19,Urban area,Kerb,Tree,Not at or within 20 metres of junction,PORSCHE,Male,Going ahead other,Car,Nearside,177,12
2009,49,8,Urban area,Bollard or refuge,Entered ditch,Not at or within 20 metres of junction,BMW,Female,Going ahead other,Car,Did not impact,562,2
2009,75,7,Urban area,Any animal (except ridden horse),Entered ditch,Not at or within 20 metres of junction,RENAULT,Female,Going ahead other,Car,Nearside,178,7
2009,73,15,Urban area,Bollard or refuge,Other permanent object,Approaching junction or waiting/parked at junction approach,VOLVO,Male,Going ahead other,Car,Front,610,9
2009,70,8,Urban area,Kerb,Other permanent object,Approaching junction or waiting/parked at junction approach,RENAULT,Female,Going ahead other,Car,Front,309,7
2009,55,14,Urban area,Kerb,Other permanent object,Not at or within 20 metres of junction,PEUGEOT,Male,Going ahead left-hand bend,Car,Front,347,9
2009,41,13,Urban area,Central island of roundabout,Near/Offside crash barrier,Mid Junction - on roundabout or on main road,HONDA,Male,Going ahead left-hand bend,Car,Nearside,176,9
2009,31,12,Urban area,Road works,Road sign or traffic signal,Not at or within 20 metres of junction,YAMAHA,Male,Going ahead other,Motorcycle ,Front,748,5
2009,73,9,Urban area,Any animal (except ridden horse),Entered ditch,Not at or within 20 metres of junction,CITROEN,Male,Going ahead other,Car,Nearside,693,4
2009,55,8,Urban area,Parked vehicle,Tree,Not at or within 20 metres of junction,VOLKSWAGEN,Female,Going ahead other,Car,Front,652,12
2009,39,2,Urban area,Parked vehicle,Other permanent object,Not at or within 20 metres of junction,TOYOTA,Male,Going ahead other,Van / Goods ,Front,685,12
2009,57,2,Urban area,Bollard or refuge,Tree,Not at or within 20 metres of junction,YAMAHA,Male,Going ahead other,Motorcycle ,Front,368,3
2009,52,8,Urban area,Kerb,Tree,Not at or within 20 metres of junction,PEUGEOT,Female,Going ahead right-hand bend,Car,Front,367,10
2009,44,3,Urban area,Bollard or refuge,Other permanent object,Not at or within 20 metres of junction,HONDA,Female,Going ahead other,Car,Front,387,9
2009,80,6,Urban area,Other object,Telegraph or electricity pole,Mid Junction - on roundabout or on main road,PEUGEOT,Male,Parked,Taxi/Private hire car,Back,135,8
2009,49,2,Urban area,Parked vehicle,Other permanent object,Not at or within 20 metres of junction,CHRYSLER,Male,Going ahead other,Car,Front,300,2
2009,66,12,Small town,Any animal (except ridden horse),Near/Offside crash barrier,Not at or within 20 metres of junction,RENAULT,Male,Going ahead other,Car,Front,617,5
2009,61,14,Urban area,Kerb,Tree,Mid Junction - on roundabout or on main road,SAAB,Male,Turning right,Car,Offside,800,10
2009,44,5,Small town,Bollard or refuge,Lamp post,Cleared junction or waiting/parked at junction exit,MERCEDES,Male,Going ahead other,Car,Offside,250,10
2009,32,6,Urban area,Bollard or refuge,Other permanent object,Not at or within 20 metres of junction,TOYOTA,Male,Going ahead left-hand bend,Car,Offside,169,6
2009,25,9,Urban area,Kerb,Other permanent object,Not at or within 20 metres of junction,ROVER,Male,Going ahead other,Car,Nearside,356,8
2009,54,3,Urban area,Kerb,Lamp post,Entering roundabout,RENAULT,Female,Going ahead other,Car,Front,250,2
2009,28,10,Urban area,Kerb,Road sign or traffic signal,Mid Junction - on roundabout or on main road,FORD,Female,Overtaking - nearside,Car,Offside,732,0
2009,54,4,Urban area,Any animal (except ridden horse),Tree,Not at or within 20 metres of junction,VOLKSWAGEN,Female,Going ahead other,Car,Front,208,8
2009,49,9,Urban area,Kerb,Other permanent object,Not at or within 20 metres of junction,MERCEDES,Male,Going ahead right-hand bend,Van / Goods ,Did not impact,381,6
2009,24,21,Small town,Kerb,Lamp post,Leaving roundabout,BMW,Female,Going ahead other,Car,Nearside,641,12
2009,33,3,Small town,Kerb,Other permanent object,Not at or within 20 metres of junction,RENAULT,Male,Going ahead right-hand bend,Van / Goods ,Front,249,12
2009,38,6,Urban area,Bollard or refuge,Road sign or traffic signal,Cleared junction or waiting/parked at junction exit,ROVER,Male,Going ahead other,Car,Front,372,9
2009,66,4,Urban area,Bollard or refuge,Road sign or traffic signal,Mid Junction - on roundabout or on main road,SUBARU,Male,Going ahead other,Car,Front,170,3
2009,51,11,Urban area,Previous accident,Central crash barrier,Not at or within 20 metres of junction,ROVER,Male,Going ahead other,Car,Offside,247,7
2009,26,4,Urban area,Other object,Entered ditch,Not at or within 20 metres of junction,HONDA,Male,Going ahead other,Car,Front,649,5
2009,76,9,Urban area,Other object,Other permanent object,Mid Junction - on roundabout or on main road,FORD,Male,Turning right,Car,Nearside,546,8
2009,36,4,Rural,Other object,Other permanent object,Not at or within 20 metres of junction,VOLKSWAGEN,Male,Going ahead other,Van / Goods ,Front,365,5
2009,67,11,Small town,Bollard or refuge,Central crash barrier,Not at or within 20 metres of junction,BMW,Male,Going ahead other,Car,Offside,244,4
2009,37,2,Urban area,Bollard or refuge,Bus stop or bus shelter,Not at or within 20 metres of junction,PEUGEOT,Male,Going ahead other,Car,Front,210,12
2009,22,14,Urban area,Bridge (side),Other permanent object,Not at or within 20 metres of junction,RENAULT,Male,Slowing or stopping,Car,Nearside,669,11
2009,51,10,Urban area,Kerb,Other permanent object,Approaching junction or waiting/parked at junction approach,FIAT,Male,Going ahead other,Car,Offside,241,11
2009,65,7,Rural,Kerb,Other permanent object,Mid Junction - on roundabout or on main road,SUBARU,Female,Going ahead left-hand bend,Car,Nearside,655,4
2009,50,13,Small town,Other object,Road sign or traffic signal,Entering roundabout,PEUGEOT,Male,Going ahead other,Car,Front,734,8
2009,52,9,Urban area,Kerb,Other permanent object,Not at or within 20 metres of junction,ROVER,Female,Going ahead other,Car,Front,727,6
2009,49,15,Rural,Kerb,Other permanent object,Not at or within 20 metres of junction,FORD,Male,Going ahead other,Car,Nearside,377,5
2009,57,8,Urban area,Kerb,Road sign or traffic signal,Not at or within 20 metres of junction,PEUGEOT,Male,Going ahead right-hand bend,Car,Back,520,8
2009,48,1,Rural,Other object,Other permanent object,Not at or within 20 metres of junction,VOLKSWAGEN,Female,Going ahead other,Car,Front,527,12
2009,58,2,Rural,Other object,Near/Offside crash barrier,Not at or within 20 metres of junction,PEUGEOT,Female,Going ahead other,Car,Front,756,2
2009,22,10,Rural,Kerb,Other permanent object,Not at or within 20 metres of junction,LAND ROVER,Male,Going ahead other,Car,Nearside,402,4
2009,67,9,Urban area,Bollard or refuge,Road sign or traffic signal,Mid Junction - on roundabout or on main road,FORD,Female,Going ahead other,Car,Front,313,1
2009,20,11,Urban area,Parked vehicle,Other permanent object,Not at or within 20 metres of junction,TOYOTA,Male,Going ahead other,Car,Front,641,10
2009,60,16,Urban area,Parked vehicle,Other permanent object,Approaching junction or waiting/parked at junction approach,FORD,Female,Parked,Car,Back,673,5
2009,32,12,Urban area,Kerb,Central crash barrier,Approaching junction or waiting/parked at junction approach,HONDA,Male,Going ahead other,Car,Offside,688,9
2009,55,6,Urban area,Kerb,Other permanent object,Not at or within 20 metres of junction,FORD,Male,Going ahead right-hand bend,Car,Front,223,12
2009,21,11,Urban area,Kerb,Lamp post,Entering roundabout,FORD,Male,Going ahead left-hand bend,Car,Nearside,499,8
2009,34,16,Urban area,Kerb,Lamp post,Leaving roundabout,MITSUBISHI,Male,Going ahead other,Car,Offside,619,4
2009,71,6,Urban area,Kerb,Other permanent object,Approaching junction or waiting/parked at junction approach,PEUGEOT,Male,Going ahead other,Car,Nearside,379,3
2009,20,12,Urban area,Other object,Other permanent object,Not at or within 20 metres of junction,VOLKSWAGEN,Female,Going ahead right-hand bend,Car,Front,142,11
2009,73,5,Rural,Kerb,Other permanent object,Approaching junction or waiting/parked at junction approach,KIA,Male,Going ahead other,Car,Nearside,390,0
2009,36,7,Urban area,Kerb,Other permanent object,Mid Junction - on roundabout or on main road,LEXUS,Male,Turning right,Car,Front,772,7
2009,36,20,Urban area,Kerb,Tree,Not at or within 20 metres of junction,HONDA,Male,Going ahead left-hand bend,Car,Nearside,620,1
2009,50,3,Rural,Kerb,Other permanent object,Mid Junction - on roundabout or on main road,PEUGEOT,Female,Going ahead other,Car,Nearside,800,11
2009,60,10,Urban area,Kerb,Other permanent object,Leaving roundabout,PEUGEOT,Male,Going ahead other,Car,Front,286,7
2009,56,7,Rural,Kerb,Road sign or traffic signal,Approaching junction or waiting/parked at junction approach,BMW,Male,Going ahead other,Car,Front,400,8
2009,50,10,Urban area,Kerb,Other permanent object,Not at or within 20 metres of junction,LAND ROVER,Male,Going ahead right-hand bend,Car,Front,203,4
2009,59,14,Rural,Any animal (except ridden horse),Central crash barrier,Not at or within 20 metres of junction,BMW,Male,Going ahead other,Motorcycle ,Front,693,7
2009,36,13,Urban area,Bridge (side),Other permanent object,Not at or within 20 metres of junction,PEUGEOT,Male,Going ahead other,Car,Nearside,581,6
2009,52,6,Urban area,Kerb,Lamp post,Leaving roundabout,TOYOTA,Male,Going ahead right-hand bend,Car,Front,233,11
2009,30,6,Urban area,Any animal (except ridden horse),Entered ditch,Not at or within 20 metres of junction,SUZUKI,Male,Going ahead other,Motorcycle ,Front,140,9
2009,71,13,Rural,Bollard or refuge,Bus stop or bus shelter,Approaching junction or waiting/parked at junction approach,CITROEN,Female,Going ahead other,Car,Front,436,12
2009,33,7,Urban area,Bollard or refuge,Road sign or traffic signal,Approaching junction or waiting/parked at junction approach,HONDA,Female,Going ahead other,Car,Front,483,3
2009,51,5,Urban area,Kerb,Tree,Not at or within 20 metres of junction,MITSUBISHI,Female,Going ahead other,Car,Front,745,2
2009,43,11,Rural,Kerb,Other permanent object,Not at or within 20 metres of junction,PEUGEOT,Male,Going ahead right-hand bend,Car,Front,175,4
2009,32,6,Urban area,Kerb,Other permanent object,Not at or within 20 metres of junction,RENAULT,Male,Going ahead other,Car,Front,589,1
2009,69,8,Rural,Kerb,Other permanent object,Not at or within 20 metres of junction,BMW,Male,Going ahead other,Car,Front,567,11
2009,56,4,Small town,Any animal (except ridden horse),Entered ditch,Not at or within 20 metres of junction,KIA,Female,Going ahead other,Car,Front,554,12
2009,24,9,Urban area,Bollard or refuge,Other permanent object,Approaching junction or waiting/parked at junction approach,NISSAN,Female,Going ahead other,Car,Front,538,2
2009,43,3,Urban area,Bollard or refuge,Road sign or traffic signal,Mid Junction - on roundabout or on main road,RENAULT,Female,Going ahead other,Car,Front,603,4
2009,58,2,Urban area,Kerb,Other permanent object,Approaching junction or waiting/parked at junction approach,FORD,Male,Going ahead left-hand bend,Van / Goods ,Front,499,7
2009,54,2,Urban area,Kerb,Lamp post,Not at or within 20 metres of junction,AUDI,Male,Going ahead other,Car,Front,567,1
2009,27,8,Urban area,Kerb,Lamp post,Approaching junction or waiting/parked at junction approach,LEXUS,Male,Going ahead right-hand bend,Car,Front,290,2
2009,19,11,Urban area,Kerb,Other permanent object,Not at or within 20 metres of junction,FORD,Female,Slowing or stopping,Car,Nearside,214,6
2009,33,8,Urban area,Kerb,Other permanent object,Cleared junction or waiting/parked at junction exit,LAND ROVER,Female,Going ahead right-hand bend,Car,Nearside,783,3
2009,38,13,Urban area,Parked vehicle,Lamp post,Mid Junction - on roundabout or on main road,VOLKSWAGEN,Male,Moving off,Car,Front,199,0
2009,66,14,Urban area,Bollard or refuge,Other permanent object,Not at or within 20 metres of junction,HONDA,Male,Going ahead right-hand bend,Car,Front,101,11
2009,79,6,Urban area,Kerb,Other permanent object,Entering main road,FORD,Male,Turning right,Car,Front,282,10
2009,29,1,Urban area,Kerb,Tree,Not at or within 20 metres of junction,FORD,Female,Moving off,Car,Back,453,2
2009,68,8,Urban area,Kerb,Lamp post,Not at or within 20 metres of junction,BMW,Male,Going ahead right-hand bend,Car,Offside,254,9
2009,76,14,Rural,Parked vehicle,Other permanent object,Not at or within 20 metres of junction,VOLKSWAGEN,Female,Slowing or stopping,Car,Front,192,3
2009,52,7,Urban area,Kerb,Lamp post,Leaving roundabout,FIAT,Male,Going ahead other,Car,Nearside,357,8
2009,24,8,Small town,Kerb,Tree,Not at or within 20 metres of junction,CITROEN,Male,Slowing or stopping,Car,Front,190,12
2009,18,11,Small town,Kerb,Other permanent object,Approaching junction or waiting/parked at junction approach,PEUGEOT,Male,Going ahead other,Car,Nearside,760,1
2009,44,9,Urban area,Kerb,Other permanent object,Not at or within 20 metres of junction,VOLVO,Male,Overtaking - nearside,Car,Front,217,2
2009,53,13,Urban area,Kerb,Other permanent object,Not at or within 20 metres of junction,ROVER,Male,Going ahead other,Car,Front,781,4
2009,30,5,Urban area,Kerb,Tree,Not at or within 20 metres of junction,MERCEDES,Female,Going ahead left-hand bend,Car,Front,399,0
2009,17,6,Urban area,Bollard or refuge,Road sign or traffic signal,Mid Junction - on roundabout or on main road,AUDI,Male,Going ahead other,Car,Front,520,2
2009,52,12,Urban area,Kerb,Near/Offside crash barrier,Not at or within 20 metres of junction,HONDA,Male,Going ahead other,Car,Front,518,8
2009,18,14,Urban area,Central island of roundabout,Tree,Mid Junction - on roundabout or on main road,NISSAN,Male,Going ahead other,Car,Front,488,11
2009,58,8,Urban area,Bollard or refuge,Other permanent object,Entering roundabout,CITROEN,Male,Turning left,Car,Back,480,3
2009,69,5,Rural,Any animal (except ridden horse),Other permanent object,Not at or within 20 metres of junction,LAND ROVER,Male,Going ahead other,Car,Front,290,9
2009,20,3,Urban area,Other object,Near/Offside crash barrier,Not at or within 20 metres of junction,RENAULT,Female,Going ahead other,Car,Front,179,0
2009,63,3,Urban area,Bollard or refuge,Lamp post,Approaching junction or waiting/parked at junction approach,MITSUBISHI,Male,Going ahead other,Car,Front,580,5
2009,33,5,Urban area,Kerb,Entered ditch,Not at or within 20 metres of junction,CITROEN,Male,Going ahead left-hand bend,Car,Front,309,8
2009,41,9,Small town,Kerb,Entered ditch,Not at or within 20 metres of junction,HONDA,Male,Going ahead other,Car,Front,699,7
2009,21,9,Urban area,Kerb,Entered ditch,Not at or within 20 metres of junction,MAZDA,Male,Going ahead right-hand bend,Car,Front,674,3
2009,46,10,Urban area,Kerb,Other permanent object,Approaching junction or waiting/parked at junction approach,FORD,Male,Going ahead left-hand bend,Car,Offside,711,1
2009,52,8,Urban area,Any animal (except ridden horse),Other permanent object,Not at or within 20 metres of junction,CITROEN,Male,Going ahead other,Car,Nearside,713,8
2009,33,6,Urban area,Bollard or refuge,Road sign or traffic signal,Mid Junction - on roundabout or on main road,SKODA,Male,Going ahead other,Car,Front,338,2
2009,43,8,Rural,Kerb,Other permanent object,Mid Junction - on roundabout or on main road,FIAT,Male,Going ahead other,Car,Front,234,7
2009,27,12,Rural,Other object,Road sign or traffic signal,Not at or within 20 metres of junction,FORD,Male,Going ahead other,Car,Front,178,10
2009,74,1,Urban area,Parked vehicle,Other permanent object,Not at or within 20 metres of junction,AUDI,Male,Parked,Car,Nearside,399,9
2009,20,11,Rural,Kerb,Other permanent object,Not at or within 20 metres of junction,PEUGEOT,Male,Going ahead right-hand bend,Car,Offside,770,11
2009,23,5,Small town,Kerb,Other permanent object,Not at or within 20 metres of junction,MERCEDES,Male,Going ahead left-hand bend,Van / Goods ,Front,670,9
2009,32,10,Urban area,Bollard or refuge,Other permanent object,Approaching junction or waiting/parked at junction approach,YAMAHA,Male,Going ahead other,Motorcycle ,Front,460,10
2009,29,8,Urban area,Kerb,Other permanent object,Mid Junction - on roundabout or on main road,PEUGEOT,Male,Turning left,Car,Offside,229,0
2009,43,15,Urban area,Parked vehicle,Other permanent object,Not at or within 20 metres of junction,CITROEN,Male,Going ahead other,Car,Front,177,4
2009,28,12,Urban area,Kerb,Other permanent object,Approaching junction or waiting/parked at junction approach,HONDA,Female,Going ahead other,Car,Back,232,5
2009,63,4,Urban area,Kerb,Other permanent object,Approaching junction or waiting/parked at junction approach,RENAULT,Male,Going ahead other,Car,Front,598,10
2009,44,5,Urban area,Kerb,Other permanent object,Approaching junction or waiting/parked at junction approach,HONDA,Male,Going ahead other,Car,Front,602,8
2009,20,12,Urban area,Road works,Lamp post,Approaching junction or waiting/parked at junction approach,PEUGEOT,Male,Going ahead other,Car,Front,505,10
2009,79,18,Urban area,Kerb,Road sign or traffic signal,Mid Junction - on roundabout or on main road,TOYOTA,Male,Going ahead other,Car,Offside,630,11
2009,74,13,Urban area,Kerb,Other permanent object,Approaching junction or waiting/parked at junction approach,SUZUKI,Female,Going ahead left-hand bend,Car,Front,278,12
2009,57,1,Rural,Bollard or refuge,Road sign or traffic signal,Entering roundabout,VOLKSWAGEN,Female,Slowing or stopping,Car,Front,505,1