Year_N,Age_of_Driver_N,Age_of_Vehicle_N,Accident_Area_Type_C,On_road_object_hit_C,Off_road_object_hit _C,Junction_Location_C,Car_Make_C,Driver_Sex_C,Vehicle_Manoeuvre_C,Vehicle_Type_C,Point_of_Impact_C,Cost_of_Incident_N,Weeks_to_Repair_N
2010,70,3,Urban area,Kerb,Central crash barrier,Not at or within 20 metres of junction,FIAT,Female,Going ahead other,Car,Offside,493,11
2010,42,6,Urban area,Kerb,Entered ditch,Not at or within 20 metres of junction,RENAULT,Female,Going ahead other,Car,Nearside,428,11
2010,20,6,Rural,Bridge (side),Other permanent object,Approaching junction or waiting/parked at junction approach,SUZUKI,Male,Going ahead right-hand bend,Car,Front,349,9
2010,76,2,Rural,Kerb,Other permanent object,Not at or within 20 metres of junction,CITROEN,Male,Going ahead other,Van / Goods ,Nearside,516,2
2010,43,2,Urban area,Kerb,Road sign or traffic signal,Mid Junction - on roundabout or on main road,FIAT,Male,Going ahead other,Taxi/Private hire car,Front,374,2
2010,52,6,Small town,Bollard or refuge,Other permanent object,Approaching junction or waiting/parked at junction approach,FIAT,Female,Going ahead other,Taxi/Private hire car,Nearside,594,8
2010,27,5,Urban area,Bridge (side),Other permanent object,Not at or within 20 metres of junction,FORD,Male,Overtaking moving vehicle - offside,Car,Front,117,0
2010,52,11,Urban area,Parked vehicle,Near/Offside crash barrier,Not at or within 20 metres of junction,BMW,Male,Going ahead left-hand bend,Car,Front,209,11
2010,24,7,Urban area,Parked vehicle,Other permanent object,Approaching junction or waiting/parked at junction approach,VOLKSWAGEN,Male,Going ahead other,Van / Goods ,Front,244,10
2010,66,7,Urban area,Kerb,Other permanent object,Not at or within 20 metres of junction,KIA,Female,Going ahead other,Car,Front,202,8
2010,27,1,Urban area,Parked vehicle,Other permanent object,Approaching junction or waiting/parked at junction approach,NISSAN,Male,Moving off,Car,Front,445,2
2010,38,6,Urban area,Kerb,Other permanent object,Approaching junction or waiting/parked at junction approach,SUZUKI,Male,Going ahead left-hand bend,Motorcycle ,Offside,329,9
2010,53,8,Rural,Kerb,Central crash barrier,Cleared junction or waiting/parked at junction exit,HYUNDAI,Male,Going ahead other,Car,Offside,338,11
2010,39,14,Urban area,Kerb,Other permanent object,Approaching junction or waiting/parked at junction approach,VOLKSWAGEN,Male,Going ahead left-hand bend,Car,Front,701,6
2010,53,7,Small town,Kerb,Other permanent object,Approaching junction or waiting/parked at junction approach,HONDA,Male,Going ahead other,Motorcycle ,Front,649,3
2010,28,7,Rural,Kerb,Tree,Not at or within 20 metres of junction,MITSUBISHI,Female,Going ahead right-hand bend,Car,Front,447,11
2010,43,10,Rural,Bridge (side),Other permanent object,Not at or within 20 metres of junction,VOLKSWAGEN,Male,Going ahead other,Car,Front,513,10
2010,66,9,Urban area,Kerb,Other permanent object,Not at or within 20 metres of junction,FORD,Female,Going ahead right-hand bend,Car,Nearside,783,4
2010,58,5,Rural,Kerb,Other permanent object,Mid Junction - on roundabout or on main road,NISSAN,Male,Going ahead right-hand bend,Car,Front,331,12
2010,25,16,Rural,Bridge (side),Other permanent object,Not at or within 20 metres of junction,MAZDA,Female,Going ahead left-hand bend,Car,Front,298,3
2010,46,6,Rural,Kerb,Other permanent object,Not at or within 20 metres of junction,FIAT,Female,Going ahead other,Car,Nearside,743,4
2010,64,2,Rural,Kerb,Other permanent object,Not at or within 20 metres of junction,TOYOTA,Male,Slowing or stopping,Car,Front,642,12
2010,66,9,Urban area,Bollard or refuge,Other permanent object,Approaching junction or waiting/parked at junction approach,HYUNDAI,Female,U-turn,Car,Offside,198,9
2010,22,8,Rural,Kerb,Entered ditch,Not at or within 20 metres of junction,FORD,Male,Going ahead right-hand bend,Van / Goods ,Front,437,1
2010,56,9,Small town,Parked vehicle,Lamp post,Approaching junction or waiting/parked at junction approach,NISSAN,Female,Going ahead other,Car,Front,108,12
2010,62,11,Rural,Kerb,Tree,Not at or within 20 metres of junction,PEUGEOT,Male,Going ahead other,Car,Offside,532,0
2010,43,10,Urban area,Kerb,Other permanent object,Cleared junction or waiting/parked at junction exit,LAND ROVER,Male,Turning left,Car,Front,411,3
2010,51,12,Small town,Kerb,Other permanent object,Not at or within 20 metres of junction,CITROEN,Male,Going ahead left-hand bend,Car,Nearside,228,9
2010,59,5,Urban area,Kerb,Lamp post,Approaching junction or waiting/parked at junction approach,RENAULT,Female,Going ahead other,Car,Nearside,563,11
2010,26,13,Urban area,Kerb,Near/Offside crash barrier,Not at or within 20 metres of junction,ROVER,Male,Going ahead other,Car,Front,177,1
2010,21,8,Urban area,Kerb,Lamp post,Not at or within 20 metres of junction,FORD,Male,Going ahead left-hand bend,Car,Front,395,4
2010,70,11,Urban area,Bollard or refuge,Other permanent object,Not at or within 20 metres of junction,PEUGEOT,Male,Going ahead other,Car,Front,585,1
2010,40,9,Urban area,Bollard or refuge,Lamp post,Approaching junction or waiting/parked at junction approach,SKODA,Female,Going ahead other,Car,Front,664,1
2010,75,8,Urban area,Other object,Central crash barrier,Not at or within 20 metres of junction,HONDA,Male,Going ahead other,Car,Offside,720,2
2010,23,2,Rural,Kerb,Other permanent object,Approaching junction or waiting/parked at junction approach,FORD,Male,Going ahead other,Van / Goods ,Front,293,0
2010,27,4,Rural,Bollard or refuge,Road sign or traffic signal,Entering roundabout,BMW,Male,Going ahead other,Car,Front,288,12
2010,30,1,Urban area,Central island of roundabout,Road sign or traffic signal,Entering roundabout,MERCEDES,Male,Going ahead other,Van / Goods ,Front,469,2
2010,54,1,Urban area,Central island of roundabout,Road sign or traffic signal,Mid Junction - on roundabout or on main road,FORD,Male,Going ahead other,Car,Front,443,8
2010,73,3,Urban area,Kerb,Lamp post,Mid Junction - on roundabout or on main road,FORD,Female,Going ahead other,Car,Nearside,605,6
2010,29,2,Urban area,Parked vehicle,Telegraph or electricity pole,Not at or within 20 metres of junction,FIAT,Female,Going ahead other,Car,Front,166,1
2010,73,9,Urban area,Kerb,Entered ditch,Not at or within 20 metres of junction,FIAT,Female,Going ahead other,Car,Front,766,5
2010,20,1,Urban area,Kerb,Other permanent object,Approaching junction or waiting/parked at junction approach,BMW,Male,Going ahead other,Car,Nearside,527,1
2010,39,10,Rural,Kerb,Near/Offside crash barrier,Not at or within 20 metres of junction,LAND ROVER,Male,Going ahead left-hand bend,Car,Back,152,3
2010,27,5,Rural,Kerb,Other permanent object,Not at or within 20 metres of junction,HONDA,Male,Going ahead left-hand bend,Car,Offside,645,2
2010,65,10,Urban area,Other object,Other permanent object,Leaving roundabout,RENAULT,Male,Overtaking moving vehicle - offside,Car,Front,130,3
2010,21,8,Urban area,Kerb,Road sign or traffic signal,Leaving main road,SUZUKI,Female,Going ahead left-hand bend,Car,Offside,618,2
2010,45,1,Urban area,Bridge (side),Central crash barrier,Not at or within 20 metres of junction,VOLKSWAGEN,Male,Changing lane to left,Van / Goods ,Front,425,12
2010,20,11,Urban area,Previous accident,Entered ditch,Entering from slip road,RENAULT,Male,Going ahead left-hand bend,Car,Nearside,299,9
2010,29,9,Small town,Previous accident,Entered ditch,Entering from slip road,ROVER,Male,Going ahead left-hand bend,Car,Front,798,12
2010,64,2,Urban area,Bollard or refuge,Other permanent object,Leaving main road,VOLKSWAGEN,Male,Going ahead other,Car,Front,400,12
2010,21,4,Urban area,Other object,Submerged in water,Not at or within 20 metres of junction,FORD,Male,Going ahead left-hand bend,Car,Front,710,4
2010,68,10,Rural,Kerb,Entered ditch,Not at or within 20 metres of junction,CITROEN,Female,Turning left,Car,Front,504,10
2010,25,2,Urban area,Kerb,Tree,Approaching junction or waiting/parked at junction approach,CHEVROLET,Male,Going ahead left-hand bend,Car,Front,742,9
2010,25,7,Urban area,Parked vehicle,Lamp post,Approaching junction or waiting/parked at junction approach,AUDI,Male,Going ahead other,Car,Front,624,9
2010,22,10,Urban area,Bollard or refuge,Road sign or traffic signal,Approaching junction or waiting/parked at junction approach,ROVER,Male,Overtaking - nearside,Car,Front,497,1
2010,36,9,Urban area,Kerb,Other permanent object,Entering roundabout,NISSAN,Male,Turning left,Car,Front,421,4
2010,49,3,Urban area,Kerb,Other permanent object,Mid Junction - on roundabout or on main road,MERCEDES,Male,Going ahead other,Car,Front,583,2
2010,18,4,Rural,Kerb,Other permanent object,Mid Junction - on roundabout or on main road,BMW,Female,Turning left,Car,Front,650,10
2010,74,6,Urban area,Kerb,Road sign or traffic signal,Mid Junction - on roundabout or on main road,VOLKSWAGEN,Female,Going ahead right-hand bend,Car,Front,191,5
2010,53,4,Urban area,Kerb,Other permanent object,Cleared junction or waiting/parked at junction exit,CHEVROLET,Female,Going ahead other,Car,Front,381,0
2010,29,4,Urban area,Bollard or refuge,Near/Offside crash barrier,Not at or within 20 metres of junction,VOLKSWAGEN,Male,Going ahead left-hand bend,Car,Front,461,12
2010,47,7,Rural,Kerb,Other permanent object,Not at or within 20 metres of junction,FORD,Male,Going ahead other,Car,Front,691,9
2010,26,8,Urban area,Kerb,Tree,Not at or within 20 metres of junction,MAZDA,Female,Going ahead other,Car,Offside,572,9
2010,78,9,Urban area,Kerb,Other permanent object,Leaving main road,HYUNDAI,Male,Going ahead other,Car,Offside,423,10
2010,45,3,Urban area,Bridge (side),Other permanent object,Not at or within 20 metres of junction,RENAULT,Male,Overtaking moving vehicle - offside,Car,Front,280,1
2010,75,3,Urban area,Kerb,Central crash barrier,Not at or within 20 metres of junction,VOLKSWAGEN,Male,Going ahead other,Car,Offside,667,3
2010,74,4,Urban area,Road works,Central crash barrier,Approaching junction or waiting/parked at junction approach,HONDA,Male,Going ahead other,Car,Nearside,677,10
2010,59,9,Urban area,Bollard or refuge,Other permanent object,Approaching junction or waiting/parked at junction approach,CITROEN,Male,Going ahead other,Car,Front,387,7
2010,22,4,Rural,Kerb,Central crash barrier,Not at or within 20 metres of junction,MERCEDES,Female,Going ahead other,Car,Offside,341,4
2010,27,7,Urban area,Bridge (side),Near/Offside crash barrier,Not at or within 20 metres of junction,RENAULT,Male,Going ahead right-hand bend,Car,Front,347,6
2010,74,8,Urban area,Central island of roundabout,Road sign or traffic signal,Entering roundabout,HONDA,Female,Going ahead other,Car,Front,564,3
2010,43,10,Urban area,Kerb,Other permanent object,Not at or within 20 metres of junction,HYUNDAI,Male,Going ahead left-hand bend,Car,Nearside,310,10
2010,64,3,Urban area,Kerb,Tree,Not at or within 20 metres of junction,SUZUKI,Male,Going ahead right-hand bend,Car,Offside,196,10
2010,71,4,Urban area,Kerb,Lamp post,Leaving roundabout,FORD,Male,Going ahead other,Car,Front,730,0
2010,31,5,Urban area,Kerb,Other permanent object,Not at or within 20 metres of junction,HONDA,Male,Going ahead right-hand bend,Car,Nearside,169,4
2010,20,8,Urban area,Kerb,Lamp post,Not at or within 20 metres of junction,PEUGEOT,Male,Going ahead other,Car,Offside,719,7
2010,60,7,Urban area,Kerb,Other permanent object,Not at or within 20 metres of junction,RENAULT,Female,Going ahead other,Car,Nearside,146,8
2010,48,9,Urban area,Bollard or refuge,Central crash barrier,Mid Junction - on roundabout or on main road,VOLKSWAGEN,Female,Going ahead other,Car,Offside,193,11
2010,46,3,Urban area,Bollard or refuge,Other permanent object,Not at or within 20 metres of junction,RENAULT,Female,Moving off,Car,Front,798,2
2010,21,5,Urban area,Kerb,Near/Offside crash barrier,Not at or within 20 metres of junction,NISSAN,Female,Going ahead left-hand bend,Car,Front,353,11
2010,56,4,Urban area,Bollard or refuge,Other permanent object,Not at or within 20 metres of junction,RENAULT,Male,Going ahead right-hand bend,Car,Front,103,0
2010,26,6,Small town,Kerb,Near/Offside crash barrier,Not at or within 20 metres of junction,CITROEN,Female,Going ahead other,Car,Front,495,0
2010,76,4,Urban area,Bollard or refuge,Central crash barrier,Not at or within 20 metres of junction,PEUGEOT,Male,Going ahead other,Car,Offside,172,8
2010,43,3,Rural,Kerb,Other permanent object,Approaching junction or waiting/parked at junction approach,NISSAN,Female,Going ahead other,Car,Nearside,222,8
2010,34,2,Small town,Bollard or refuge,Other permanent object,Not at or within 20 metres of junction,VOLKSWAGEN,Female,Going ahead other,Car,Back,202,2
2010,43,10,Rural,Kerb,Other permanent object,Not at or within 20 metres of junction,PEUGEOT,Female,Going ahead right-hand bend,Car,Front,795,10
2010,74,5,Urban area,Parked vehicle,Central crash barrier,Not at or within 20 metres of junction,RENAULT,Male,Changing lane to right,Car,Front,264,4
2010,79,5,Urban area,Kerb,Lamp post,Approaching junction or waiting/parked at junction approach,VOLKSWAGEN,Male,Going ahead other,Car,Front,638,0
2010,62,8,Urban area,Kerb,Other permanent object,Not at or within 20 metres of junction,VOLKSWAGEN,Male,Going ahead other,Car,Nearside,513,0
2010,53,5,Small town,Bollard or refuge,Tree,Not at or within 20 metres of junction,CHRYSLER,Female,Going ahead right-hand bend,Car,Front,430,11
2010,29,6,Rural,Bridge (side),Entered ditch,Not at or within 20 metres of junction,PEUGEOT,Male,Going ahead left-hand bend,Car,Front,191,3
2010,19,12,Urban area,Any animal (except ridden horse),Other permanent object,Not at or within 20 metres of junction,BMW,Male,Going ahead other,Car,Front,712,9
2010,28,10,Rural,Bridge (side),Other permanent object,Not at or within 20 metres of junction,TOYOTA,Male,Going ahead other,Car,Front,734,5
2010,35,3,Urban area,Kerb,Road sign or traffic signal,Mid Junction - on roundabout or on main road,BMW,Male,Going ahead other,Car,Front,605,7
2010,22,9,Urban area,Kerb,Other permanent object,Mid Junction - on roundabout or on main road,PEUGEOT,Female,Reversing,Car,Back,214,3
2010,26,1,Urban area,Kerb,Other permanent object,Mid Junction - on roundabout or on main road,DUCATI,Male,Going ahead other,Motorcycle ,Front,245,0
2010,42,6,Urban area,Bollard or refuge,Lamp post,Mid Junction - on roundabout or on main road,FORD,Male,Going ahead other,Van / Goods ,Front,612,8
2010,39,8,Urban area,Kerb,Other permanent object,Cleared junction or waiting/parked at junction exit,SUZUKI,Male,Going ahead other,Motorcycle ,Front,765,1
2010,37,7,Urban area,Kerb,Tree,Not at or within 20 metres of junction,FIAT,Female,Reversing,Car,Back,680,1
2010,67,9,Urban area,Kerb,Entered ditch,Mid Junction - on roundabout or on main road,FIAT,Male,Going ahead other,Car,Front,659,8
2010,51,11,Urban area,Kerb,Lamp post,Mid Junction - on roundabout or on main road,PEUGEOT,Male,Turning left,Car,Front,665,12
2010,22,10,Urban area,Kerb,Lamp post,Not at or within 20 metres of junction,FORD,Female,Going ahead other,Car,Front,796,5
2010,59,4,Urban area,Parked vehicle,Tree,Mid Junction - on roundabout or on main road,MERCEDES,Male,Going ahead other,Van / Goods ,Front,786,5
2010,59,2,Urban area,Kerb,Other permanent object,Cleared junction or waiting/parked at junction exit,SKODA,Male,Moving off,Car,Front,298,6
2010,31,11,Urban area,Kerb,Other permanent object,Not at or within 20 metres of junction,FORD,Male,Going ahead other,Van / Goods ,Front,218,1
2010,78,7,Urban area,Kerb,Lamp post,Mid Junction - on roundabout or on main road,SUBARU,Male,Going ahead other,Car,Front,304,9
2010,75,4,Urban area,Kerb,Other permanent object,Cleared junction or waiting/parked at junction exit,VOLKSWAGEN,Male,Going ahead other,Car,Front,587,7
2010,73,14,Urban area,Kerb,Near/Offside crash barrier,Mid Junction - on roundabout or on main road,SUZUKI,Male,Going ahead other,Car,Front,686,5
2010,23,17,Urban area,Kerb,Lamp post,Cleared junction or waiting/parked at junction exit,BMW,Male,Going ahead other,Motorcycle ,Front,690,1
2010,80,8,Urban area,Bollard or refuge,Near/Offside crash barrier,Approaching junction or waiting/parked at junction approach,VOLKSWAGEN,Male,Going ahead other,Car,Offside,528,8
2010,69,6,Urban area,Kerb,Road sign or traffic signal,Mid Junction - on roundabout or on main road,VOLKSWAGEN,Male,Overtaking - nearside,Car,Offside,107,8
2010,56,3,Urban area,Kerb,Other permanent object,Mid Junction - on roundabout or on main road,HONDA,Male,Going ahead left-hand bend,Motorcycle 125cc and under,Offside,686,10
2010,45,6,Urban area,Kerb,Other permanent object,Cleared junction or waiting/parked at junction exit,RENAULT,Female,Turning right,Car,Front,124,0
2010,32,1,Urban area,Kerb,Central crash barrier,Mid Junction - on roundabout or on main road,VOLKSWAGEN,Male,Going ahead other,Car,Front,778,1
2010,31,4,Urban area,Kerb,Lamp post,Mid Junction - on roundabout or on main road,FIAT,Female,Moving off,Car,Front,429,2
2010,52,12,Urban area,Kerb,Lamp post,Mid Junction - on roundabout or on main road,FORD,Female,Turning right,Car,Nearside,171,12
2010,40,4,Urban area,Kerb,Bus stop or bus shelter,Not at or within 20 metres of junction,BMW,Male,Going ahead other,Car,Front,708,7
2010,48,5,Urban area,Road works,Road sign or traffic signal,Mid Junction - on roundabout or on main road,AUDI,Male,Slowing or stopping,Car,Front,141,8
2010,40,7,Urban area,Kerb,Lamp post,Mid Junction - on roundabout or on main road,FORD,Male,Slowing or stopping,Van / Goods ,Front,684,9
2010,37,1,Urban area,Kerb,Lamp post,Cleared junction or waiting/parked at junction exit,VOLKSWAGEN,Male,Going ahead other,Car,Front,286,9
2010,75,5,Urban area,Kerb,Lamp post,Cleared junction or waiting/parked at junction exit,TOYOTA,Female,Going ahead other,Car,Front,646,8
2010,35,12,Urban area,Kerb,Other permanent object,Approaching junction or waiting/parked at junction approach,FIAT,Female,Going ahead other,Car,Front,362,5
2010,72,10,Urban area,Kerb,Lamp post,Cleared junction or waiting/parked at junction exit,VOLKSWAGEN,Female,Going ahead other,Car,Front,351,6
2010,36,14,Urban area,Kerb,Near/Offside crash barrier,Mid Junction - on roundabout or on main road,BMW,Male,Going ahead other,Car,Front,411,3
2010,73,1,Rural,Kerb,Lamp post,Mid Junction - on roundabout or on main road,NISSAN,Female,Going ahead other,Car,Offside,285,4
2010,61,2,Urban area,Kerb,Road sign or traffic signal,Mid Junction - on roundabout or on main road,FORD,Male,Going ahead other,Car,Front,180,2
2010,62,14,Urban area,Bollard or refuge,Other permanent object,Approaching junction or waiting/parked at junction approach,FORD,Female,Going ahead other,Car,Front,286,5
2010,60,9,Urban area,Kerb,Other permanent object,Not at or within 20 metres of junction,PEUGEOT,Male,Waiting to go - held up,Car,Back,411,1
2010,24,9,Urban area,Kerb,Other permanent object,Not at or within 20 metres of junction,MERCEDES,Male,Going ahead other,Car,Front,317,0
2010,18,1,Urban area,Kerb,Road sign or traffic signal,Cleared junction or waiting/parked at junction exit,MERCEDES,Male,Going ahead other,Car,Front,383,1
2010,33,4,Urban area,Kerb,Other permanent object,Not at or within 20 metres of junction,FORD,Female,Moving off,Car,Nearside,291,9
2010,45,6,Urban area,Kerb,Other permanent object,Mid Junction - on roundabout or on main road,VOLKSWAGEN,Male,Going ahead other,Car,Offside,263,12
2010,78,6,Urban area,Kerb,Other permanent object,Approaching junction or waiting/parked at junction approach,HONDA,Male,Overtaking static vehicle - offside,Car,Nearside,239,9
2010,25,6,Urban area,Kerb,Other permanent object,Not at or within 20 metres of junction,PEUGEOT,Male,Going ahead other,Car,Front,128,11
2010,58,9,Urban area,Kerb,Near/Offside crash barrier,Mid Junction - on roundabout or on main road,AUDI,Male,Turning right,Car,Front,428,10
2010,45,9,Urban area,Parked vehicle,Road sign or traffic signal,Cleared junction or waiting/parked at junction exit,CITROEN,Male,Going ahead other,Van / Goods ,Front,419,0
2010,51,3,Urban area,Kerb,Other permanent object,Cleared junction or waiting/parked at junction exit,PEUGEOT,Male,Going ahead other,Car,Front,514,0
2010,49,1,Urban area,Kerb,Other permanent object,Mid Junction - on roundabout or on main road,AUDI,Male,Going ahead other,Car,Front,626,5
2010,25,14,Urban area,Kerb,Other permanent object,Mid Junction - on roundabout or on main road,BMW,Male,Going ahead other,Car,Offside,710,7
2010,27,21,Urban area,Kerb,Other permanent object,Not at or within 20 metres of junction,FORD,Male,Turning right,Car,Front,655,6
2010,66,1,Urban area,Kerb,Tree,Mid Junction - on roundabout or on main road,TOYOTA,Male,Going ahead other,Car,Nearside,732,10
2010,44,9,Urban area,Kerb,Other permanent object,Not at or within 20 metres of junction,RENAULT,Male,Going ahead other,Car,Front,205,6
2010,64,3,Urban area,Kerb,Entered ditch,Not at or within 20 metres of junction,FORD,Female,Going ahead other,Car,Did not impact,624,9
2010,64,7,Urban area,Kerb,Lamp post,Mid Junction - on roundabout or on main road,FORD,Male,Going ahead other,Car,Front,203,0
2010,20,11,Urban area,Kerb,Tree,Entering main road,NISSAN,Male,Turning left,Car,Front,746,3
2010,29,12,Urban area,Kerb,Other permanent object,Not at or within 20 metres of junction,TOYOTA,Male,Going ahead other,Car,Front,218,2
2010,78,2,Urban area,Kerb,Lamp post,Not at or within 20 metres of junction,FORD,Female,Going ahead other,Car,Front,622,8
2010,34,11,Urban area,Kerb,Other permanent object,Not at or within 20 metres of junction,NISSAN,Male,Going ahead other,Car,Front,316,7
2010,50,8,Urban area,Kerb,Other permanent object,Not at or within 20 metres of junction,RENAULT,Male,Going ahead other,Car,Front,744,3
2010,41,5,Urban area,Kerb,Road sign or traffic signal,Approaching junction or waiting/parked at junction approach,FORD,Female,Turning left,Car,Nearside,530,1
2010,29,4,Urban area,Kerb,Other permanent object,Mid Junction - on roundabout or on main road,VOLKSWAGEN,Male,Overtaking - nearside,Taxi/Private hire car,Offside,254,6
2010,30,10,Urban area,Kerb,Other permanent object,Approaching junction or waiting/parked at junction approach,BMW,Male,Going ahead other,Car,Front,231,2
2010,69,5,Urban area,Kerb,Lamp post,Mid Junction - on roundabout or on main road,TOYOTA,Female,Going ahead other,Car,Front,576,3
2010,22,12,Urban area,Kerb,Lamp post,Mid Junction - on roundabout or on main road,RENAULT,Female,Turning left,Car,Front,291,10
2010,35,7,Urban area,Kerb,Road sign or traffic signal,Cleared junction or waiting/parked at junction exit,FORD,Male,Changing lane to left,Car,Nearside,119,11
2010,21,9,Urban area,Kerb,Other permanent object,Mid Junction - on roundabout or on main road,TOYOTA,Female,Going ahead other,Car,Nearside,412,0
2010,28,6,Urban area,Kerb,Lamp post,Approaching junction or waiting/parked at junction approach,BMW,Male,Overtaking moving vehicle - offside,Car,Nearside,594,9
2010,34,6,Urban area,Kerb,Road sign or traffic signal,Mid Junction - on roundabout or on main road,MINI,Female,Moving off,Car,Front,133,11
2010,70,6,Urban area,Kerb,Near/Offside crash barrier,Mid Junction - on roundabout or on main road,MERCEDES,Male,Going ahead other,Car,Nearside,517,6
2010,61,7,Urban area,Kerb,Other permanent object,Cleared junction or waiting/parked at junction exit,HONDA,Male,Going ahead other,Car,Front,726,1
2010,28,9,Urban area,Kerb,Road sign or traffic signal,Not at or within 20 metres of junction,BMW,Female,Going ahead other,Car,Offside,662,0
2010,35,5,Urban area,Kerb,Other permanent object,Not at or within 20 metres of junction,PEUGEOT,Male,Going ahead other,Car,Front,743,12
2010,36,8,Urban area,Kerb,Road sign or traffic signal,Cleared junction or waiting/parked at junction exit,TOYOTA,Male,Going ahead other,Car,Front,539,5
2010,59,8,Urban area,Kerb,Other permanent object,Approaching junction or waiting/parked at junction approach,VOLKSWAGEN,Male,Going ahead other,Car,Nearside,461,8
2010,26,16,Urban area,Kerb,Lamp post,Approaching junction or waiting/parked at junction approach,BMW,Female,Going ahead other,Car,Front,552,7
2010,49,1,Urban area,Kerb,Central crash barrier,Approaching junction or waiting/parked at junction approach,SUZUKI,Male,Going ahead other,Motorcycle ,Offside,102,1
2010,57,13,Urban area,Kerb,Other permanent object,Not at or within 20 metres of junction,BMW,Male,Turning right,Car,Front,240,0
2010,63,10,Urban area,Kerb,Other permanent object,Mid Junction - on roundabout or on main road,YAMAHA,Male,Going ahead other,Motorcycle ,Offside,731,3
2010,60,9,Urban area,Bollard or refuge,Road sign or traffic signal,Mid Junction - on roundabout or on main road,MITSUBISHI,Male,Going ahead other,Car,Front,152,8
2010,40,4,Urban area,Bollard or refuge,Lamp post,Cleared junction or waiting/parked at junction exit,MERCEDES,Male,Going ahead other,Van / Goods ,Offside,635,12
2010,36,11,Urban area,Kerb,Lamp post,Not at or within 20 metres of junction,VOLKSWAGEN,Female,Going ahead other,Car,Front,321,0
2010,34,11,Urban area,Kerb,Lamp post,Not at or within 20 metres of junction,PEUGEOT,Male,Slowing or stopping,Car,Front,139,1
2010,69,2,Urban area,Kerb,Other permanent object,Not at or within 20 metres of junction,BMW,Male,Going ahead other,Car,Front,483,1
2010,71,7,Urban area,Kerb,Tree,Not at or within 20 metres of junction,MITSUBISHI,Male,Going ahead other,Car,Front,237,9
2010,75,9,Urban area,Kerb,Tree,Not at or within 20 metres of junction,MERCEDES,Female,Going ahead other,Car,Front,115,2
2010,70,9,Urban area,Kerb,Lamp post,Cleared junction or waiting/parked at junction exit,NISSAN,Male,Turning right,Car,Nearside,508,10
2010,67,8,Urban area,Kerb,Other permanent object,Mid Junction - on roundabout or on main road,BMW,Male,Going ahead other,Car,Nearside,566,2
2010,80,3,Urban area,Kerb,Other permanent object,Approaching junction or waiting/parked at junction approach,FORD,Male,Going ahead other,Car,Nearside,717,3
2010,27,12,Urban area,Kerb,Road sign or traffic signal,Not at or within 20 metres of junction,FIAT,Male,Going ahead other,Car,Nearside,526,9
2010,18,6,Urban area,Kerb,Lamp post,Cleared junction or waiting/parked at junction exit,FIAT,Female,Turning left,Car,Front,219,11
2010,41,9,Urban area,Kerb,Other permanent object,Cleared junction or waiting/parked at junction exit,HONDA,Female,U-turn,Car,Front,662,4
2010,53,15,Urban area,Kerb,Lamp post,Not at or within 20 metres of junction,VOLKSWAGEN,Male,Going ahead right-hand bend,Car,Front,636,6
2010,37,10,Urban area,Kerb,Other permanent object,Cleared junction or waiting/parked at junction exit,MITSUBISHI,Female,Going ahead other,Car,Front,334,1
2010,33,19,Urban area,Kerb,Lamp post,Cleared junction or waiting/parked at junction exit,ROVER,Male,Going ahead other,Car,Front,535,9
2010,38,12,Urban area,Kerb,Lamp post,Approaching junction or waiting/parked at junction approach,SAAB,Male,Going ahead other,Car,Front,333,8
2010,39,6,Urban area,Kerb,Lamp post,Approaching junction or waiting/parked at junction approach,NISSAN,Male,Changing lane to left,Car,Nearside,111,12
2010,57,11,Urban area,Kerb,Tree,Not at or within 20 metres of junction,MITSUBISHI,Male,Going ahead other,Car,Front,629,6
2010,47,13,Urban area,Kerb,Other permanent object,Not at or within 20 metres of junction,VOLKSWAGEN,Male,Going ahead other,Car,Front,768,11
2010,43,13,Urban area,Kerb,Lamp post,Not at or within 20 metres of junction,FORD,Female,Going ahead other,Car,Front,531,10
2010,58,13,Urban area,Kerb,Lamp post,Approaching junction or waiting/parked at junction approach,TOYOTA,Male,Going ahead other,Car,Front,251,5
2010,80,5,Urban area,Kerb,Lamp post,Entering main road,PEUGEOT,Female,Reversing,Car,Nearside,168,5
2010,38,16,Urban area,Parked vehicle,Other permanent object,Mid Junction - on roundabout or on main road,FORD,Male,Going ahead other,Car,Nearside,434,5
2010,23,11,Urban area,Kerb,Road sign or traffic signal,Cleared junction or waiting/parked at junction exit,PEUGEOT,Male,Going ahead other,Car,Front,336,6
2010,36,3,Urban area,Kerb,Lamp post,Cleared junction or waiting/parked at junction exit,MERCEDES,Male,Going ahead right-hand bend,Van / Goods ,Front,284,2
2010,23,1,Urban area,Kerb,Tree,Mid Junction - on roundabout or on main road,TOYOTA,Male,Going ahead other,Car,Front,390,12
2010,40,6,Urban area,Kerb,Other permanent object,Approaching junction or waiting/parked at junction approach,FORD,Female,Going ahead other,Car,Offside,797,8
2010,29,8,Urban area,Kerb,Central crash barrier,Not at or within 20 metres of junction,MAZDA,Male,Going ahead right-hand bend,Car,Offside,459,2