Year_N,Age_of_Driver_N,Age_of_Vehicle_N,Accident_Area_Type_C,On_road_object_hit_C,Off_road_object_hit _C,Junction_Location_C,Car_Make_C,Driver_Sex_C,Vehicle_Manoeuvre_C,Vehicle_Type_C,Point_of_Impact_C,Cost_of_Incident_N,Weeks_to_Repair_N
2010,35,7,Urban area,Kerb,Other permanent object,Not at or within 20 metres of junction,CITROEN,Male,Going ahead other,Car,Back,376,10
2010,19,9,Urban area,Kerb,Other permanent object,Approaching junction or waiting/parked at junction approach,VOLKSWAGEN,Female,Going ahead other,Car,Nearside,151,2
2010,23,10,Urban area,Kerb,Tree,Cleared junction or waiting/parked at junction exit,VOLKSWAGEN,Male,Going ahead other,Car,Front,186,11
2010,52,8,Urban area,Kerb,Other permanent object,Not at or within 20 metres of junction,PEUGEOT,Male,Going ahead right-hand bend,Car,Front,248,1
2010,51,8,Urban area,Kerb,Other permanent object,Not at or within 20 metres of junction,RENAULT,Male,Going ahead other,Car,Front,681,0
2010,48,8,Urban area,Kerb,Other permanent object,Not at or within 20 metres of junction,HONDA,Female,Turning left,Motorcycle ,Front,573,4
2010,57,8,Urban area,Kerb,Lamp post,Not at or within 20 metres of junction,SUZUKI,Male,Going ahead other,Car,Nearside,142,7
2010,74,8,Urban area,Kerb,Lamp post,Cleared junction or waiting/parked at junction exit,TOYOTA,Female,Going ahead other,Car,Front,682,4
2010,25,10,Urban area,Kerb,Other permanent object,Not at or within 20 metres of junction,TOYOTA,Male,Going ahead other,Car,Front,544,12
2010,17,4,Urban area,Kerb,Bus stop or bus shelter,Not at or within 20 metres of junction,MERCEDES,Male,Going ahead other,Car,Front,585,7
2010,20,10,Urban area,Kerb,Lamp post,Approaching junction or waiting/parked at junction approach,ROVER,Male,Going ahead left-hand bend,Car,Front,272,4
2010,26,4,Urban area,Kerb,Other permanent object,Approaching junction or waiting/parked at junction approach,VOLKSWAGEN,Female,Going ahead other,Car,Front,488,9
2010,44,9,Urban area,Kerb,Tree,Not at or within 20 metres of junction,FIAT,Male,Going ahead right-hand bend,Car,Front,504,10
2010,54,8,Urban area,Kerb,Tree,Mid Junction - on roundabout or on main road,TOYOTA,Male,Going ahead other,Car,Nearside,123,7
2010,38,11,Urban area,Bollard or refuge,Tree,Mid Junction - on roundabout or on main road,HONDA,Female,Overtaking moving vehicle - offside,Car,Front,484,5
2010,39,19,Urban area,Kerb,Lamp post,Approaching junction or waiting/parked at junction approach,FORD,Male,Going ahead other,Car,Front,231,7
2010,47,2,Urban area,Kerb,Lamp post,Not at or within 20 metres of junction,HONDA,Male,Going ahead other,Car,Front,558,7
2010,78,2,Urban area,Kerb,Other permanent object,Mid Junction - on roundabout or on main road,MERCEDES,Male,Going ahead other,Car,Front,454,4
2010,69,7,Urban area,Kerb,Other permanent object,Not at or within 20 metres of junction,RENAULT,Female,Moving off,Car,Front,258,5
2010,22,1,Urban area,Kerb,Lamp post,Cleared junction or waiting/parked at junction exit,MERCEDES,Male,Going ahead right-hand bend,Car,Front,602,5
2010,60,2,Urban area,Kerb,Tree,Not at or within 20 metres of junction,RENAULT,Male,Going ahead other,Car,Front,266,4
2010,49,6,Urban area,Kerb,Central crash barrier,Not at or within 20 metres of junction,NISSAN,Female,Going ahead other,Car,Offside,654,2
2010,61,10,Urban area,Kerb,Tree,Not at or within 20 metres of junction,TOYOTA,Male,Going ahead other,Car,Front,376,8
2010,64,11,Urban area,Kerb,Other permanent object,Cleared junction or waiting/parked at junction exit,ROVER,Male,Going ahead other,Car,Front,546,2
2010,61,15,Urban area,Kerb,Central crash barrier,Not at or within 20 metres of junction,MERCEDES,Male,Going ahead left-hand bend,Car,Front,433,9
2010,33,8,Urban area,Kerb,Other permanent object,Mid Junction - on roundabout or on main road,PEUGEOT,Female,Changing lane to left,Car,Front,671,5
2010,19,4,Urban area,Kerb,Other permanent object,Not at or within 20 metres of junction,FORD,Male,Going ahead other,Car,Front,567,11
2010,39,11,Urban area,Kerb,Near/Offside crash barrier,Not at or within 20 metres of junction,BMW,Male,Going ahead other,Car,Front,219,9
2010,64,19,Urban area,Kerb,Tree,Not at or within 20 metres of junction,FORD,Male,Going ahead other,Car,Front,169,10
2010,39,1,Urban area,Kerb,Other permanent object,Mid Junction - on roundabout or on main road,NISSAN,Male,Going ahead other,Car,Front,349,2
2010,73,6,Urban area,Kerb,Other permanent object,Approaching junction or waiting/parked at junction approach,PEUGEOT,Female,Waiting to turn right,Car,Offside,727,7
2010,32,5,Urban area,Bollard or refuge,Other permanent object,Cleared junction or waiting/parked at junction exit,HONDA,Male,Overtaking static vehicle - offside,Car,Nearside,220,6
2010,58,11,Rural,Kerb,Central crash barrier,Not at or within 20 metres of junction,TOYOTA,Female,Going ahead other,Car,Front,416,12
2010,44,10,Urban area,Kerb,Lamp post,Cleared junction or waiting/parked at junction exit,NISSAN,Male,Going ahead other,Car,Front,759,9
2010,40,2,Urban area,Kerb,Lamp post,Approaching junction or waiting/parked at junction approach,HONDA,Male,Going ahead other,Car,Front,787,7
2010,57,9,Urban area,Kerb,Lamp post,Mid Junction - on roundabout or on main road,RENAULT,Male,Going ahead other,Car,Front,673,12
2010,52,6,Urban area,Kerb,Other permanent object,Mid Junction - on roundabout or on main road,VOLKSWAGEN,Male,Turning right,Car,Offside,701,11
2010,23,12,Urban area,Kerb,Lamp post,Mid Junction - on roundabout or on main road,NISSAN,Male,Going ahead other,Car,Offside,694,4
2010,55,8,Urban area,Kerb,Lamp post,Cleared junction or waiting/parked at junction exit,NISSAN,Male,Going ahead right-hand bend,Car,Front,535,2
2010,70,9,Urban area,Kerb,Other permanent object,Not at or within 20 metres of junction,RENAULT,Female,Going ahead right-hand bend,Car,Front,192,11
2010,60,4,Urban area,Kerb,Other permanent object,Not at or within 20 metres of junction,VOLKSWAGEN,Male,Going ahead other,Car,Nearside,354,9
2010,23,9,Urban area,Kerb,Lamp post,Not at or within 20 metres of junction,RENAULT,Female,Going ahead other,Car,Front,516,3
2010,36,11,Urban area,Kerb,Other permanent object,Approaching junction or waiting/parked at junction approach,BMW,Male,Overtaking - nearside,Car,Offside,186,2
2010,59,4,Urban area,Kerb,Other permanent object,Cleared junction or waiting/parked at junction exit,MERCEDES,Female,Turning left,Car,Front,551,0
2010,67,8,Urban area,Kerb,Other permanent object,Cleared junction or waiting/parked at junction exit,PEUGEOT,Male,Turning left,Car,Front,391,10
2010,71,2,Urban area,Kerb,Lamp post,Approaching junction or waiting/parked at junction approach,RENAULT,Male,Going ahead other,Car,Front,110,8
2010,79,6,Urban area,Kerb,Lamp post,Mid Junction - on roundabout or on main road,VOLKSWAGEN,Male,Going ahead other,Car,Nearside,465,5
2010,51,7,Urban area,Kerb,Lamp post,Approaching junction or waiting/parked at junction approach,BMW,Female,Going ahead other,Car,Front,408,7
2010,61,15,Urban area,Kerb,Other permanent object,Cleared junction or waiting/parked at junction exit,NISSAN,Female,Reversing,Car,Back,686,6
2010,66,7,Urban area,Kerb,Other permanent object,Mid Junction - on roundabout or on main road,BMW,Female,Going ahead other,Car,Front,225,1
2010,42,8,Urban area,Kerb,Tree,Not at or within 20 metres of junction,HYUNDAI,Male,Going ahead other,Car,Nearside,245,6
2010,73,9,Urban area,Kerb,Telegraph or electricity pole,Not at or within 20 metres of junction,PEUGEOT,Male,Going ahead other,Car,Offside,707,4
2010,54,11,Urban area,Parked vehicle,Other permanent object,Mid Junction - on roundabout or on main road,HONDA,Male,Going ahead other,Car,Nearside,757,6
2010,44,1,Urban area,Kerb,Tree,Mid Junction - on roundabout or on main road,VOLVO,Male,Going ahead other,Car,Front,556,10
2010,54,4,Urban area,Kerb,Lamp post,Not at or within 20 metres of junction,VOLKSWAGEN,Female,Going ahead other,Car,Front,751,7
2010,37,7,Urban area,Kerb,Other permanent object,Not at or within 20 metres of junction,TOYOTA,Female,Going ahead other,Car,Front,580,9
2010,29,8,Urban area,Kerb,Other permanent object,Not at or within 20 metres of junction,FORD,Female,Going ahead other,Car,Front,567,10
2010,51,12,Urban area,Kerb,Other permanent object,Mid Junction - on roundabout or on main road,BMW,Male,Turning left,Car,Nearside,703,3
2010,63,11,Urban area,Kerb,Other permanent object,Not at or within 20 metres of junction,VOLKSWAGEN,Male,Going ahead other,Car,Front,800,11
2010,64,12,Urban area,Bollard or refuge,Other permanent object,Approaching junction or waiting/parked at junction approach,VOLVO,Male,Going ahead left-hand bend,Car,Nearside,671,7
2010,42,6,Urban area,Central island of roundabout,Near/Offside crash barrier,Leaving roundabout,SAAB,Male,Going ahead other,Car,Offside,517,7
2010,28,9,Urban area,Kerb,Other permanent object,Not at or within 20 metres of junction,TOYOTA,Female,U-turn,Car,Back,446,5
2010,24,5,Urban area,Kerb,Other permanent object,Mid Junction - on roundabout or on main road,RENAULT,Male,Turning left,Car,Front,489,7
2010,20,6,Urban area,Kerb,Near/Offside crash barrier,Leaving main road,SUZUKI,Female,Turning left,Car,Nearside,150,9
2010,26,1,Urban area,Kerb,Lamp post,Mid Junction - on roundabout or on main road,HONDA,Male,Going ahead other,Motorcycle 125cc and under,Did not impact,445,1
2010,67,4,Urban area,Kerb,Lamp post,Approaching junction or waiting/parked at junction approach,BMW,Male,Going ahead other,Car,Front,365,2
2010,73,13,Urban area,Kerb,Lamp post,Cleared junction or waiting/parked at junction exit,VOLKSWAGEN,Male,Going ahead other,Van / Goods ,Front,508,3
2010,75,11,Urban area,Kerb,Lamp post,Approaching junction or waiting/parked at junction approach,HONDA,Male,Going ahead other,Motorcycle 50cc and under,Front,597,2
2010,67,12,Urban area,Kerb,Near/Offside crash barrier,Not at or within 20 metres of junction,NISSAN,Male,Going ahead other,Car,Front,195,2
2010,30,2,Urban area,Kerb,Near/Offside crash barrier,Not at or within 20 metres of junction,AUDI,Male,Going ahead other,Car,Front,538,6
2010,55,5,Urban area,Kerb,Lamp post,Not at or within 20 metres of junction,BMW,Male,Going ahead other,Car,Nearside,130,0
2010,34,5,Urban area,Kerb,Near/Offside crash barrier,Not at or within 20 metres of junction,YAMAHA,Male,Going ahead other,Motorcycle 125cc and under,Nearside,673,9
2010,38,9,Urban area,Kerb,Other permanent object,Not at or within 20 metres of junction,TOYOTA,Male,Going ahead other,Car,Front,535,4
2010,71,2,Urban area,Kerb,Road sign or traffic signal,Not at or within 20 metres of junction,HONDA,Male,Going ahead other,Motorcycle 125cc and under,Front,440,9
2010,59,9,Urban area,Kerb,Other permanent object,Not at or within 20 metres of junction,NISSAN,Male,Going ahead other,Car,Back,195,4
2010,43,4,Urban area,Kerb,Tree,Cleared junction or waiting/parked at junction exit,HONDA,Male,Moving off,Car,Front,703,6
2010,52,14,Urban area,Kerb,Tree,Not at or within 20 metres of junction,ROVER,Male,Going ahead left-hand bend,Car,Front,131,9
2010,57,6,Urban area,Kerb,Near/Offside crash barrier,Not at or within 20 metres of junction,YAMAHA,Male,Changing lane to right,Motorcycle ,Offside,747,5
2010,34,6,Urban area,Parked vehicle,Other permanent object,Not at or within 20 metres of junction,PORSCHE,Male,Going ahead other,Car,Front,566,9
2010,70,7,Urban area,Kerb,Other permanent object,Not at or within 20 metres of junction,LEXUS,Female,Turning left,Car,Front,178,11
2010,58,8,Urban area,Kerb,Near/Offside crash barrier,Mid Junction - on roundabout or on main road,RENAULT,Male,Going ahead other,Car,Front,609,3
2010,42,8,Urban area,Kerb,Other permanent object,Mid Junction - on roundabout or on main road,HONDA,Female,Going ahead other,Car,Front,196,8
2010,39,9,Urban area,Kerb,Lamp post,Mid Junction - on roundabout or on main road,FIAT,Male,U-turn,Car,Front,619,10
2010,30,4,Urban area,Kerb,Lamp post,Cleared junction or waiting/parked at junction exit,SUZUKI,Male,Turning left,Motorcycle ,Did not impact,739,9
2010,30,9,Urban area,Kerb,Lamp post,Approaching junction or waiting/parked at junction approach,SUZUKI,Male,Overtaking - nearside,Motorcycle ,Front,711,0
2010,41,8,Urban area,Kerb,Lamp post,Cleared junction or waiting/parked at junction exit,HONDA,Male,Going ahead right-hand bend,Motorcycle ,Front,758,0
2010,62,2,Urban area,Kerb,Central crash barrier,Approaching junction or waiting/parked at junction approach,HONDA,Male,Going ahead other,Motorcycle 125cc and under,Front,403,4
2010,33,14,Urban area,Kerb,Other permanent object,Approaching junction or waiting/parked at junction approach,BMW,Male,Going ahead other,Motorcycle ,Front,390,8
2010,50,8,Urban area,Kerb,Other permanent object,Cleared junction or waiting/parked at junction exit,TOYOTA,Male,Going ahead other,Car,Front,585,8
2010,38,11,Urban area,Kerb,Tree,Not at or within 20 metres of junction,FIAT,Female,Moving off,Car,Front,482,5
2010,60,12,Urban area,Kerb,Other permanent object,Not at or within 20 metres of junction,TOYOTA,Female,Going ahead right-hand bend,Car,Offside,170,4
2010,77,8,Urban area,Kerb,Lamp post,Approaching junction or waiting/parked at junction approach,FIAT,Female,Going ahead other,Car,Nearside,541,9
2010,32,4,Urban area,Kerb,Lamp post,Mid Junction - on roundabout or on main road,SUZUKI,Male,Going ahead other,Motorcycle ,Front,196,10
2010,17,5,Urban area,Kerb,Other permanent object,Approaching junction or waiting/parked at junction approach,SUZUKI,Male,Going ahead other,Motorcycle ,Offside,611,12
2010,40,6,Urban area,Kerb,Near/Offside crash barrier,Not at or within 20 metres of junction,HONDA,Female,Going ahead other,Car,Nearside,112,6
2010,52,3,Urban area,Kerb,Lamp post,Mid Junction - on roundabout or on main road,PEUGEOT,Male,Overtaking - nearside,Motorcycle 125cc and under,Front,496,1
2010,31,1,Urban area,Kerb,Other permanent object,Approaching junction or waiting/parked at junction approach,HYUNDAI,Female,Reversing,Car,Front,147,0
2010,56,9,Urban area,Kerb,Other permanent object,Cleared junction or waiting/parked at junction exit,HONDA,Male,Going ahead other,Car,Front,725,11
2010,73,11,Urban area,Kerb,Lamp post,Mid Junction - on roundabout or on main road,VOLVO,Male,Turning right,Car,Offside,255,12
2010,38,10,Urban area,Kerb,Other permanent object,Mid Junction - on roundabout or on main road,FORD,Female,Going ahead other,Car,Nearside,305,3
2010,32,12,Urban area,Kerb,Other permanent object,Not at or within 20 metres of junction,TOYOTA,Female,Going ahead other,Car,Front,614,10
2010,70,13,Urban area,Kerb,Other permanent object,Not at or within 20 metres of junction,SUZUKI,Male,Overtaking - nearside,Motorcycle ,Offside,353,2
2010,29,3,Urban area,Kerb,Other permanent object,Mid Junction - on roundabout or on main road,TOYOTA,Female,Turning right,Car,Nearside,211,6
2010,49,2,Urban area,Kerb,Tree,Not at or within 20 metres of junction,CITROEN,Male,Going ahead other,Car,Front,648,10
2010,66,9,Urban area,Kerb,Other permanent object,Not at or within 20 metres of junction,BMW,Female,Going ahead other,Car,Front,319,2
2010,49,1,Urban area,Kerb,Other permanent object,Not at or within 20 metres of junction,TOYOTA,Male,Going ahead other,Car,Front,468,0
2010,42,5,Urban area,Kerb,Other permanent object,Mid Junction - on roundabout or on main road,PEUGEOT,Male,Going ahead other,Car,Front,485,6
2010,55,3,Rural,Kerb,Lamp post,Not at or within 20 metres of junction,SUZUKI,Female,Going ahead other,Car,Front,281,6
2010,76,3,Urban area,Bollard or refuge,Lamp post,Not at or within 20 metres of junction,VOLKSWAGEN,Male,Going ahead right-hand bend,Car,Front,398,3
2010,27,6,Urban area,Kerb,Road sign or traffic signal,Mid Junction - on roundabout or on main road,PEUGEOT,Female,Going ahead other,Car,Offside,591,10
2010,76,10,Urban area,Kerb,Other permanent object,Mid Junction - on roundabout or on main road,VOLKSWAGEN,Female,Going ahead other,Car,Offside,738,11
2010,74,9,Urban area,Kerb,Tree,Not at or within 20 metres of junction,VOLKSWAGEN,Female,Going ahead right-hand bend,Car,Front,283,10
2010,79,15,Urban area,Kerb,Central crash barrier,Not at or within 20 metres of junction,VOLKSWAGEN,Female,Going ahead other,Car,Front,486,0
2010,65,7,Urban area,Kerb,Near/Offside crash barrier,Not at or within 20 metres of junction,PEUGEOT,Female,Going ahead other,Car,Front,651,5
2010,42,3,Urban area,Kerb,Tree,Not at or within 20 metres of junction,FORD,Female,Going ahead other,Van / Goods ,Front,650,12
2010,50,4,Urban area,Kerb,Other permanent object,Approaching junction or waiting/parked at junction approach,LEXUS,Female,Waiting to turn left,Car,Offside,140,5
2010,49,5,Urban area,Parked vehicle,Other permanent object,Not at or within 20 metres of junction,NISSAN,Female,Slowing or stopping,Car,Front,569,3
2010,17,8,Urban area,Central island of roundabout,Near/Offside crash barrier,Mid Junction - on roundabout or on main road,TOYOTA,Male,Turning right,Car,Front,479,11
2010,23,7,Urban area,Kerb,Tree,Cleared junction or waiting/parked at junction exit,FIAT,Female,U-turn,Car,Front,379,2
2010,41,3,Urban area,Kerb,Lamp post,Not at or within 20 metres of junction,PEUGEOT,Male,Going ahead other,Car,Nearside,165,10
2010,25,2,Urban area,Kerb,Other permanent object,Mid Junction - on roundabout or on main road,TOYOTA,Female,Going ahead other,Car,Offside,501,9
2010,67,8,Urban area,Kerb,Tree,Not at or within 20 metres of junction,TOYOTA,Male,Going ahead other,Car,Nearside,487,9
2010,79,7,Urban area,Kerb,Central crash barrier,Not at or within 20 metres of junction,MERCEDES,Male,Going ahead other,Van / Goods ,Front,571,0
2010,30,8,Urban area,Kerb,Other permanent object,Entering from slip road,RENAULT,Male,Going ahead left-hand bend,Car,Front,169,2
2010,60,11,Urban area,Kerb,Other permanent object,Not at or within 20 metres of junction,FORD,Male,Parked,Car,Front,349,2
2010,46,4,Urban area,Kerb,Lamp post,Mid Junction - on roundabout or on main road,FORD,Female,Parked,Car,Nearside,790,10
2010,36,1,Urban area,Kerb,Other permanent object,Not at or within 20 metres of junction,VOLKSWAGEN,Male,Going ahead right-hand bend,Car,Front,765,6
2010,58,6,Urban area,Kerb,Road sign or traffic signal,Mid Junction - on roundabout or on main road,PEUGEOT,Male,Turning left,Car,Front,740,5
2010,75,12,Rural,Kerb,Lamp post,Mid Junction - on roundabout or on main road,FORD,Male,Going ahead other,Car,Offside,735,1
2010,24,9,Urban area,Kerb,Other permanent object,Mid Junction - on roundabout or on main road,NISSAN,Female,Overtaking - nearside,Car,Offside,524,8
2010,78,10,Urban area,Kerb,Other permanent object,Mid Junction - on roundabout or on main road,TOYOTA,Male,Going ahead other,Car,Front,755,11
2010,69,3,Urban area,Kerb,Other permanent object,Mid Junction - on roundabout or on main road,SKODA,Female,Turning right,Car,Offside,344,8
2010,57,5,Urban area,Kerb,Lamp post,Not at or within 20 metres of junction,NISSAN,Male,Reversing,Car,Back,439,12
2010,62,3,Urban area,Kerb,Tree,Not at or within 20 metres of junction,TOYOTA,Male,Going ahead other,Car,Front,781,3
2010,61,3,Urban area,Kerb,Other permanent object,Not at or within 20 metres of junction,FORD,Male,Going ahead other,Car,Front,724,12
2010,57,3,Urban area,Kerb,Other permanent object,Mid Junction - on roundabout or on main road,KIA,Female,Going ahead other,Car,Front,311,5
2010,43,10,Urban area,Kerb,Tree,Mid Junction - on roundabout or on main road,PEUGEOT,Female,Parked,Car,Front,560,1
2010,73,11,Urban area,Bollard or refuge,Other permanent object,Approaching junction or waiting/parked at junction approach,FORD,Male,Going ahead other,Car,Front,559,1
2010,49,5,Urban area,Kerb,Other permanent object,Approaching junction or waiting/parked at junction approach,BMW,Male,Going ahead other,Motorcycle ,Offside,166,11
2010,50,24,Urban area,Kerb,Road sign or traffic signal,Mid Junction - on roundabout or on main road,VOLKSWAGEN,Male,Going ahead other,Car,Nearside,498,1
2010,70,12,Urban area,Kerb,Other permanent object,Approaching junction or waiting/parked at junction approach,MITSUBISHI,Male,Going ahead other,Car,Offside,501,7
2010,57,9,Urban area,Kerb,Other permanent object,Cleared junction or waiting/parked at junction exit,TOYOTA,Male,Going ahead other,Car,Front,410,6
2010,47,14,Urban area,Kerb,Road sign or traffic signal,Not at or within 20 metres of junction,NISSAN,Male,Going ahead other,Car,Front,388,11
2010,45,9,Urban area,Kerb,Lamp post,Approaching junction or waiting/parked at junction approach,VOLKSWAGEN,Female,Going ahead other,Car,Offside,636,12
2010,44,16,Urban area,Kerb,Road sign or traffic signal,Approaching junction or waiting/parked at junction approach,BMW,Female,Going ahead other,Car,Front,113,6
2010,61,3,Urban area,Kerb,Other permanent object,Not at or within 20 metres of junction,FORD,Male,U-turn,Van / Goods ,Front,241,9
2010,79,5,Urban area,Kerb,Lamp post,Approaching junction or waiting/parked at junction approach,VOLKSWAGEN,Male,Going ahead other,Car,Front,198,0
2010,76,7,Urban area,Kerb,Other permanent object,Not at or within 20 metres of junction,ASTON MARTIN,Male,Changing lane to right,Car,Front,636,5
2010,78,13,Urban area,Kerb,Other permanent object,Cleared junction or waiting/parked at junction exit,BMW,Male,Turning right,Car,Front,790,0
2010,35,6,Urban area,Kerb,Lamp post,Mid Junction - on roundabout or on main road,PEUGEOT,Female,Going ahead other,Car,Front,554,12
2010,69,12,Urban area,Kerb,Other permanent object,Mid Junction - on roundabout or on main road,FORD,Female,Going ahead other,Car,Nearside,607,10
2010,39,11,Urban area,Kerb,Road sign or traffic signal,Cleared junction or waiting/parked at junction exit,TOYOTA,Male,Parked,Car,Offside,121,7
2010,68,11,Urban area,Kerb,Other permanent object,Mid Junction - on roundabout or on main road,RENAULT,Female,Turning right,Car,Front,545,4
2010,25,12,Urban area,Parked vehicle,Other permanent object,Not at or within 20 metres of junction,PEUGEOT,Male,Going ahead left-hand bend,Car,Front,359,9
2010,44,4,Urban area,Bollard or refuge,Other permanent object,Mid Junction - on roundabout or on main road,MERCEDES,Male,Going ahead right-hand bend,Car,Front,773,10
2010,51,6,Urban area,Kerb,Other permanent object,Not at or within 20 metres of junction,NISSAN,Female,Going ahead other,Car,Front,313,12
2010,66,7,Urban area,Kerb,Tree,Not at or within 20 metres of junction,SAAB,Male,Going ahead other,Car,Front,227,5
2010,68,8,Urban area,Kerb,Other permanent object,Mid Junction - on roundabout or on main road,CITROEN,Male,Going ahead other,Taxi/Private hire car,Front,113,4
2010,51,9,Urban area,Kerb,Telegraph or electricity pole,Mid Junction - on roundabout or on main road,BMW,Female,Going ahead right-hand bend,Car,Offside,567,6
2010,47,9,Urban area,Kerb,Telegraph or electricity pole,Not at or within 20 metres of junction,TOYOTA,Male,Going ahead other,Car,Nearside,374,6
2010,55,6,Urban area,Parked vehicle,Other permanent object,Not at or within 20 metres of junction,SAAB,Male,Going ahead other,Car,Nearside,644,5
2010,52,4,Urban area,Kerb,Lamp post,Not at or within 20 metres of junction,SUZUKI,Male,Parked,Car,Back,172,1
2010,63,12,Urban area,Kerb,Road sign or traffic signal,Not at or within 20 metres of junction,MERCEDES,Male,Going ahead other,Car,Nearside,296,9
2010,63,2,Urban area,Kerb,Lamp post,Cleared junction or waiting/parked at junction exit,FORD,Female,Going ahead other,Car,Front,501,4
2010,52,10,Urban area,Bollard or refuge,Other permanent object,Approaching junction or waiting/parked at junction approach,HONDA,Male,Going ahead other,Car,Front,630,3
2010,45,1,Urban area,Kerb,Central crash barrier,Not at or within 20 metres of junction,SUZUKI,Male,Going ahead other,Motorcycle ,Nearside,211,3
2010,61,9,Urban area,Kerb,Tree,Cleared junction or waiting/parked at junction exit,AUDI,Female,Going ahead other,Car,Front,676,4
2010,20,11,Urban area,Kerb,Tree,Not at or within 20 metres of junction,FORD,Male,Going ahead other,Car,Front,729,8
2010,19,10,Urban area,Kerb,Tree,Not at or within 20 metres of junction,VOLKSWAGEN,Male,Going ahead other,Car,Front,674,1
2010,64,10,Urban area,Kerb,Road sign or traffic signal,Mid Junction - on roundabout or on main road,SAAB,Male,Going ahead other,Car,Front,680,4
2010,39,5,Urban area,Kerb,Other permanent object,Not at or within 20 metres of junction,BMW,Male,Going ahead other,Car,Nearside,291,12
2010,17,4,Urban area,Kerb,Lamp post,Not at or within 20 metres of junction,FIAT,Female,Going ahead other,Car,Front,141,12
2010,29,6,Urban area,Kerb,Lamp post,Mid Junction - on roundabout or on main road,HYUNDAI,Male,Going ahead other,Car,Front,309,10
2010,24,2,Urban area,Kerb,Near/Offside crash barrier,Not at or within 20 metres of junction,YAMAHA,Male,Going ahead other,Motorcycle 50cc and under,Offside,800,2
2010,77,8,Urban area,Kerb,Central crash barrier,Not at or within 20 metres of junction,BMW,Male,Going ahead other,Car,Front,246,4
2010,42,11,Urban area,Kerb,Lamp post,Mid Junction - on roundabout or on main road,FORD,Male,Going ahead other,Car,Front,203,1
2010,18,2,Urban area,Kerb,Telegraph or electricity pole,Not at or within 20 metres of junction,AUDI,Male,Going ahead left-hand bend,Car,Nearside,780,8
2010,19,4,Urban area,Kerb,Other permanent object,Not at or within 20 metres of junction,PEUGEOT,Female,Overtaking moving vehicle - offside,Car,Front,469,11
2010,18,2,Urban area,Kerb,Other permanent object,Mid Junction - on roundabout or on main road,RENAULT,Male,Going ahead other,Car,Front,731,0
2010,29,5,Urban area,Kerb,Other permanent object,Mid Junction - on roundabout or on main road,FORD,Male,Going ahead other,Car,Nearside,509,9
2010,25,13,Urban area,Kerb,Other permanent object,Not at or within 20 metres of junction,TOYOTA,Female,U-turn,Car,Front,418,11
2010,41,6,Urban area,Parked vehicle,Road sign or traffic signal,Not at or within 20 metres of junction,PEUGEOT,Male,Going ahead other,Car,Front,119,5
2010,71,8,Urban area,Kerb,Bus stop or bus shelter,Not at or within 20 metres of junction,PEUGEOT,Male,Going ahead other,Car,Front,260,12
2010,32,5,Urban area,Kerb,Other permanent object,Not at or within 20 metres of junction,RENAULT,Male,Going ahead right-hand bend,Car,Front,771,8
2010,49,6,Urban area,Kerb,Other permanent object,Mid Junction - on roundabout or on main road,FIAT,Female,Going ahead left-hand bend,Car,Front,529,1
2010,20,7,Urban area,Kerb,Other permanent object,Not at or within 20 metres of junction,FIAT,Male,Going ahead other,Car,Nearside,760,8
2010,63,2,Urban area,Kerb,Other permanent object,Mid Junction - on roundabout or on main road,HONDA,Male,Overtaking - nearside,Motorcycle 125cc and under,Front,742,9
2010,43,8,Urban area,Kerb,Other permanent object,Mid Junction - on roundabout or on main road,SUZUKI,Male,Turning right,Motorcycle ,Back,263,4
2010,76,14,Urban area,Kerb,Lamp post,Mid Junction - on roundabout or on main road,VOLKSWAGEN,Female,Going ahead other,Car,Front,183,3
2010,62,8,Urban area,Bollard or refuge,Other permanent object,Leaving main road,ALFA ROMEO,Male,Turning right,Car,Offside,120,5
2010,46,10,Urban area,Kerb,Other permanent object,Approaching junction or waiting/parked at junction approach,MERCEDES,Female,Overtaking moving vehicle - offside,Car,Front,234,8
2010,34,8,Urban area,Kerb,Tree,Cleared junction or waiting/parked at junction exit,JEEP,Male,Going ahead other,Car,Front,298,8
2010,53,8,Urban area,Kerb,Lamp post,Cleared junction or waiting/parked at junction exit,PEUGEOT,Male,Turning right,Car,Front,644,4
2010,29,12,Urban area,Kerb,Tree,Approaching junction or waiting/parked at junction approach,HONDA,Female,Parked,Car,Offside,273,10
2010,30,11,Urban area,Parked vehicle,Road sign or traffic signal,Approaching junction or waiting/parked at junction approach,HONDA,Female,Going ahead other,Car,Offside,255,12
2010,64,9,Urban area,Kerb,Lamp post,Mid Junction - on roundabout or on main road,CITROEN,Male,Going ahead right-hand bend,Van / Goods ,Front,762,1
2010,55,4,Urban area,Kerb,Other permanent object,Not at or within 20 metres of junction,RENAULT,Male,Going ahead other,Van / Goods ,Front,762,7
2010,28,6,Urban area,Kerb,Lamp post,Approaching junction or waiting/parked at junction approach,AUDI,Female,Going ahead other,Car,Front,158,1
2010,66,17,Urban area,Kerb,Central crash barrier,Not at or within 20 metres of junction,BMW,Female,Going ahead other,Car,Front,186,10
2010,20,10,Urban area,Kerb,Road sign or traffic signal,Not at or within 20 metres of junction,VOLKSWAGEN,Female,Going ahead right-hand bend,Car,Front,767,7
2010,35,9,Urban area,Kerb,Lamp post,Not at or within 20 metres of junction,MERCEDES,Female,Going ahead right-hand bend,Car,Front,529,9