Year_N,Age_of_Driver_N,Age_of_Vehicle_N,Accident_Area_Type_C,On_road_object_hit_C,Off_road_object_hit _C,Junction_Location_C,Car_Make_C,Driver_Sex_C,Vehicle_Manoeuvre_C,Vehicle_Type_C,Point_of_Impact_C,Cost_of_Incident_N,Weeks_to_Repair_N
2010,17,15,Rural,Kerb,Other permanent object,Not at or within 20 metres of junction,VOLKSWAGEN,Male,Going ahead other,Car,Front,410,8
2010,55,11,Urban area,Kerb,Near/Offside crash barrier,Not at or within 20 metres of junction,FORD,Female,Going ahead right-hand bend,Car,Front,248,6
2010,21,11,Urban area,Kerb,Near/Offside crash barrier,Not at or within 20 metres of junction,VOLKSWAGEN,Female,Slowing or stopping,Car,Front,577,9
2010,59,11,Urban area,Kerb,Lamp post,Not at or within 20 metres of junction,VOLKSWAGEN,Male,Going ahead left-hand bend,Car,Front,488,11
2010,27,1,Urban area,Kerb,Other permanent object,Not at or within 20 metres of junction,FORD,Female,Reversing,Car,Back,343,10
2010,18,6,Urban area,Kerb,Lamp post,Approaching junction or waiting/parked at junction approach,PEUGEOT,Male,Going ahead left-hand bend,Van / Goods ,Front,226,6
2010,79,3,Small town,Kerb,Tree,Not at or within 20 metres of junction,CITROEN,Female,Going ahead right-hand bend,Car,Front,252,11
2010,50,8,Rural,Kerb,Lamp post,Mid Junction - on roundabout or on main road,VOLKSWAGEN,Male,Going ahead other,Car,Nearside,146,0
2010,36,5,Urban area,Kerb,Tree,Mid Junction - on roundabout or on main road,HONDA,Male,Going ahead left-hand bend,Car,Front,491,2
2010,72,12,Urban area,Any animal (except ridden horse),Other permanent object,Not at or within 20 metres of junction,FORD,Male,Going ahead other,Car,Front,582,1
2010,25,5,Urban area,Other object,Telegraph or electricity pole,Not at or within 20 metres of junction,HONDA,Male,Going ahead left-hand bend,Car,Front,316,1
2010,36,7,Urban area,Kerb,Other permanent object,Approaching junction or waiting/parked at junction approach,MINI,Male,Going ahead other,Car,Did not impact,248,5
2010,43,10,Urban area,Kerb,Lamp post,Not at or within 20 metres of junction,CITROEN,Male,Going ahead left-hand bend,Car,Offside,694,10
2010,63,13,Urban area,Parked vehicle,Other permanent object,Not at or within 20 metres of junction,HONDA,Male,Going ahead other,Car,Front,285,3
2010,24,7,Urban area,Kerb,Central crash barrier,Not at or within 20 metres of junction,RENAULT,Female,Going ahead left-hand bend,Car,Front,234,8
2010,37,16,Urban area,Kerb,Road sign or traffic signal,Cleared junction or waiting/parked at junction exit,PEUGEOT,Male,Going ahead other,Car,Front,441,7
2010,74,10,Urban area,Central island of roundabout,Road sign or traffic signal,Mid Junction - on roundabout or on main road,HONDA,Male,Going ahead other,Car,Front,410,6
2010,21,1,Urban area,Kerb,Other permanent object,Not at or within 20 metres of junction,HONDA,Male,Going ahead left-hand bend,Car,Front,653,4
2010,63,13,Urban area,Kerb,Lamp post,Cleared junction or waiting/parked at junction exit,VOLVO,Male,Going ahead right-hand bend,Car,Front,149,6
2010,39,10,Urban area,Kerb,Tree,Not at or within 20 metres of junction,TOYOTA,Female,Going ahead other,Car,Front,387,9
2010,63,8,Urban area,Kerb,Near/Offside crash barrier,Not at or within 20 metres of junction,NISSAN,Female,Going ahead right-hand bend,Car,Back,160,12
2010,17,5,Urban area,Kerb,Other permanent object,Not at or within 20 metres of junction,MINI,Female,Going ahead other,Car,Front,721,4
2010,45,13,Urban area,Kerb,Near/Offside crash barrier,Mid Junction - on roundabout or on main road,FORD,Female,Going ahead other,Car,Back,463,11
2010,38,2,Urban area,Kerb,Road sign or traffic signal,Approaching junction or waiting/parked at junction approach,BMW,Female,Going ahead other,Car,Front,528,0
2010,17,9,Urban area,Kerb,Near/Offside crash barrier,Approaching junction or waiting/parked at junction approach,LAND ROVER,Male,Going ahead left-hand bend,Car,Offside,695,10
2010,75,2,Urban area,Kerb,Tree,Mid Junction - on roundabout or on main road,RENAULT,Female,Going ahead other,Car,Front,562,3
2010,63,1,Small town,Kerb,Road sign or traffic signal,Mid Junction - on roundabout or on main road,YAMAHA,Male,Going ahead other,Motorcycle ,Front,570,7
2010,57,1,Rural,Any animal (except ridden horse),Other permanent object,Not at or within 20 metres of junction,DUCATI,Male,Going ahead other,Motorcycle ,Offside,527,9
2010,37,9,Urban area,Kerb,Central crash barrier,Not at or within 20 metres of junction,HONDA,Male,Going ahead left-hand bend,Car,Front,684,9
2010,47,3,Urban area,Kerb,Lamp post,Approaching junction or waiting/parked at junction approach,PORSCHE,Male,Going ahead left-hand bend,Car,Front,591,0
2010,54,4,Urban area,Other object,Central crash barrier,Not at or within 20 metres of junction,HONDA,Male,Going ahead right-hand bend,Motorcycle ,Front,187,1
2010,72,5,Urban area,Kerb,Near/Offside crash barrier,Approaching junction or waiting/parked at junction approach,CITROEN,Male,Going ahead other,Car,Front,382,4
2010,19,17,Urban area,Parked vehicle,Other permanent object,Not at or within 20 metres of junction,ROVER,Female,Going ahead other,Car,Front,616,3
2010,41,2,Urban area,Parked vehicle,Other permanent object,Cleared junction or waiting/parked at junction exit,CHRYSLER,Male,Going ahead other,Car,Front,665,9
2010,61,7,Urban area,Kerb,Tree,Not at or within 20 metres of junction,RENAULT,Male,Going ahead right-hand bend,Car,Front,443,5
2010,76,1,Urban area,Kerb,Lamp post,Approaching junction or waiting/parked at junction approach,YAMAHA,Male,Going ahead right-hand bend,Motorcycle 125cc and under,Front,443,11
2010,18,4,Urban area,Kerb,Near/Offside crash barrier,Not at or within 20 metres of junction,NISSAN,Female,Changing lane to left,Car,Front,259,2
2010,48,5,Urban area,Kerb,Lamp post,Leaving main road,HYUNDAI,Male,Turning left,Car,Front,649,0
2010,53,4,Rural,Kerb,Other permanent object,Not at or within 20 metres of junction,TOYOTA,Male,Going ahead other,Car,Front,585,6
2010,22,10,Urban area,Kerb,Road sign or traffic signal,Not at or within 20 metres of junction,FORD,Male,Going ahead other,Minibus,Front,193,12
2010,69,9,Urban area,Central island of roundabout,Near/Offside crash barrier,Mid Junction - on roundabout or on main road,VOLKSWAGEN,Male,Going ahead other,Car,Nearside,585,3
2010,26,8,Rural,Bridge (side),Other permanent object,Not at or within 20 metres of junction,FORD,Male,Going ahead left-hand bend,Car,Front,258,6
2010,64,7,Urban area,Kerb,Other permanent object,Leaving roundabout,PEUGEOT,Male,Turning right,Car,Front,347,8
2010,48,4,Urban area,Bollard or refuge,Other permanent object,Approaching junction or waiting/parked at junction approach,SUZUKI,Male,Overtaking moving vehicle - offside,Motorcycle ,Front,610,3
2010,75,4,Urban area,Other object,Central crash barrier,Not at or within 20 metres of junction,VOLKSWAGEN,Female,Going ahead left-hand bend,Car,Front,136,0
2010,19,9,Urban area,Kerb,Other permanent object,Mid Junction - on roundabout or on main road,CITROEN,Male,Going ahead other,Car,Front,541,11
2010,36,8,Small town,Bollard or refuge,Road sign or traffic signal,Leaving main road,SKODA,Female,Turning right,Car,Nearside,571,6
2010,74,6,Urban area,Kerb,Tree,Not at or within 20 metres of junction,HYUNDAI,Female,Going ahead other,Car,Front,318,2
2010,56,13,Urban area,Bollard or refuge,Bus stop or bus shelter,Approaching junction or waiting/parked at junction approach,ROVER,Female,Going ahead other,Car,Front,313,9
2010,29,7,Urban area,Other object,Tree,Leaving roundabout,NISSAN,Female,Going ahead other,Car,Front,605,4
2010,33,4,Urban area,Kerb,Central crash barrier,Not at or within 20 metres of junction,FORD,Male,Going ahead other,Car,Front,607,6
2010,31,9,Small town,Kerb,Central crash barrier,Not at or within 20 metres of junction,FIAT,Male,Going ahead left-hand bend,Car,Offside,272,0
2010,65,6,Small town,Kerb,Telegraph or electricity pole,Not at or within 20 metres of junction,RENAULT,Male,Going ahead left-hand bend,Car,Front,419,0
2010,50,7,Small town,Road works,Other permanent object,Not at or within 20 metres of junction,ROVER,Male,Overtaking moving vehicle - offside,Car,Nearside,512,4
2010,52,6,Urban area,Bollard or refuge,Telegraph or electricity pole,Mid Junction - on roundabout or on main road,FORD,Male,Going ahead other,Car,Nearside,238,10
2010,35,5,Urban area,Central island of roundabout,Road sign or traffic signal,Entering roundabout,RENAULT,Male,Going ahead other,Car,Front,369,2
2010,32,3,Small town,Kerb,Lamp post,Not at or within 20 metres of junction,SUZUKI,Male,Going ahead left-hand bend,Motorcycle ,Front,592,3
2010,40,10,Urban area,Bollard or refuge,Road sign or traffic signal,Approaching junction or waiting/parked at junction approach,RENAULT,Male,Going ahead other,Car,Front,383,1
2010,64,4,Urban area,Kerb,Telegraph or electricity pole,Mid Junction - on roundabout or on main road,VOLKSWAGEN,Male,Going ahead other,Car,Nearside,336,11
2010,19,10,Urban area,Kerb,Other permanent object,Not at or within 20 metres of junction,PEUGEOT,Male,Overtaking moving vehicle - offside,Car,Front,469,3
2010,65,10,Urban area,Kerb,Telegraph or electricity pole,Not at or within 20 metres of junction,FIAT,Female,Going ahead other,Car,Front,203,10
2010,28,15,Urban area,Parked vehicle,Other permanent object,Mid Junction - on roundabout or on main road,RENAULT,Female,Going ahead other,Car,Nearside,461,10
2010,56,3,Rural,Parked vehicle,Lamp post,Not at or within 20 metres of junction,NISSAN,Female,Going ahead other,Car,Front,309,5
2010,37,8,Urban area,Kerb,Tree,Not at or within 20 metres of junction,SUZUKI,Female,Going ahead other,Car,Front,604,0
2010,54,5,Urban area,Kerb,Road sign or traffic signal,Leaving roundabout,FIAT,Male,Going ahead other,Car,Nearside,183,7
2010,26,8,Urban area,Kerb,Lamp post,Leaving roundabout,PEUGEOT,Female,Going ahead other,Car,Front,750,1
2010,73,6,Urban area,Other object,Other permanent object,Not at or within 20 metres of junction,CITROEN,Male,Going ahead other,Car,Front,725,0
2010,63,5,Rural,Parked vehicle,Lamp post,Not at or within 20 metres of junction,LAND ROVER,Male,Going ahead other,Car,Front,458,8
2010,48,11,Small town,Any animal (except ridden horse),Near/Offside crash barrier,Not at or within 20 metres of junction,ROVER,Male,Going ahead other,Car,Front,157,2
2010,67,2,Urban area,Kerb,Tree,Not at or within 20 metres of junction,FORD,Male,Going ahead other,Car,Front,112,7
2010,75,8,Small town,Kerb,Road sign or traffic signal,Approaching junction or waiting/parked at junction approach,SUZUKI,Female,Going ahead left-hand bend,Car,Front,100,10
2010,34,3,Small town,Bridge (side),Other permanent object,Not at or within 20 metres of junction,AUDI,Male,Going ahead other,Car,Front,596,7
2010,55,6,Urban area,Kerb,Central crash barrier,Not at or within 20 metres of junction,RENAULT,Male,Going ahead left-hand bend,Car,Front,135,6
2010,49,12,Urban area,Kerb,Other permanent object,Not at or within 20 metres of junction,PEUGEOT,Female,Going ahead other,Car,Front,366,8
2010,30,8,Rural,Kerb,Entered ditch,Leaving roundabout,JEEP,Male,Going ahead left-hand bend,Car,Front,754,8
2010,25,4,Urban area,Kerb,Central crash barrier,Not at or within 20 metres of junction,PEUGEOT,Male,Going ahead other,Car,Front,505,3
2010,33,12,Urban area,Kerb,Road sign or traffic signal,Mid Junction - on roundabout or on main road,ROVER,Female,Turning left,Car,Front,207,8
2010,30,5,Urban area,Bollard or refuge,Other permanent object,Cleared junction or waiting/parked at junction exit,VOLKSWAGEN,Female,Going ahead other,Car,Front,527,6
2010,25,8,Rural,Kerb,Road sign or traffic signal,Approaching junction or waiting/parked at junction approach,PEUGEOT,Male,Going ahead right-hand bend,Car,Front,457,12
2010,80,7,Urban area,Kerb,Lamp post,Not at or within 20 metres of junction,MERCEDES,Male,Going ahead right-hand bend,Car,Front,793,3
2010,55,4,Rural,Kerb,Telegraph or electricity pole,Approaching junction or waiting/parked at junction approach,PEUGEOT,Male,Going ahead left-hand bend,Car,Front,752,7
2010,76,2,Urban area,Bollard or refuge,Central crash barrier,Not at or within 20 metres of junction,MINI,Female,Overtaking moving vehicle - offside,Car,Front,598,8
2010,59,2,Rural,Bollard or refuge,Other permanent object,Approaching junction or waiting/parked at junction approach,FORD,Male,Overtaking static vehicle - offside,Car,Front,624,12
2010,73,10,Urban area,Any animal (except ridden horse),Road sign or traffic signal,Not at or within 20 metres of junction,SUZUKI,Male,Going ahead right-hand bend,Motorcycle ,Front,156,10
2010,29,6,Small town,Parked vehicle,Other permanent object,Approaching junction or waiting/parked at junction approach,PEUGEOT,Male,Going ahead other,Car,Front,476,5
2010,52,3,Urban area,Kerb,Near/Offside crash barrier,Cleared junction or waiting/parked at junction exit,RENAULT,Male,Going ahead other,Car,Front,542,11
2010,24,4,Small town,Kerb,Other permanent object,Not at or within 20 metres of junction,NISSAN,Female,Going ahead right-hand bend,Car,Front,667,12
2010,21,12,Urban area,Kerb,Other permanent object,Not at or within 20 metres of junction,ROVER,Male,Overtaking moving vehicle - offside,Car,Nearside,532,11
2010,70,5,Rural,Kerb,Tree,Not at or within 20 metres of junction,SKODA,Female,Going ahead right-hand bend,Car,Front,579,6
2010,74,6,Urban area,Kerb,Tree,Not at or within 20 metres of junction,RENAULT,Male,Going ahead other,Car,Offside,404,2
2010,49,2,Urban area,Kerb,Road sign or traffic signal,Not at or within 20 metres of junction,VOLVO,Male,Going ahead other,Car,Front,774,0
2010,72,4,Urban area,Kerb,Entered ditch,Mid Junction - on roundabout or on main road,KIA,Male,Going ahead other,Car,Nearside,697,1
2010,27,7,Urban area,Kerb,Lamp post,Mid Junction - on roundabout or on main road,PEUGEOT,Male,Slowing or stopping,Car,Offside,689,6
2010,68,4,Rural,Kerb,Other permanent object,Not at or within 20 metres of junction,MERCEDES,Male,Going ahead left-hand bend,Car,Front,531,12
2010,23,10,Small town,Parked vehicle,Other permanent object,Not at or within 20 metres of junction,PEUGEOT,Male,Going ahead other,Car,Front,211,3
2010,24,9,Urban area,Bollard or refuge,Tree,Cleared junction or waiting/parked at junction exit,RENAULT,Male,Turning left,Car,Front,440,2
2010,29,5,Urban area,Kerb,Near/Offside crash barrier,Not at or within 20 metres of junction,MAZDA,Male,Going ahead right-hand bend,Car,Front,776,12
2010,38,7,Small town,Kerb,Entered ditch,Not at or within 20 metres of junction,MINI,Female,Going ahead other,Car,Front,637,11
2010,57,10,Urban area,Road works,Near/Offside crash barrier,Not at or within 20 metres of junction,CITROEN,Male,Going ahead left-hand bend,Car,Front,344,8
2010,42,3,Urban area,Kerb,Lamp post,Not at or within 20 metres of junction,VOLKSWAGEN,Male,Going ahead other,Van / Goods ,Front,241,6
2010,18,11,Urban area,Kerb,Road sign or traffic signal,Not at or within 20 metres of junction,PEUGEOT,Male,Going ahead other,Car,Front,375,2
2010,68,7,Urban area,Kerb,Tree,Not at or within 20 metres of junction,RENAULT,Male,Going ahead other,Car,Front,688,1
2010,48,3,Urban area,Other object,Near/Offside crash barrier,Not at or within 20 metres of junction,FORD,Female,Going ahead other,Car,Front,727,8
2010,63,15,Urban area,Kerb,Other permanent object,Not at or within 20 metres of junction,FORD,Male,Going ahead other,Car,Front,768,11
2010,78,3,Rural,Kerb,Road sign or traffic signal,Mid Junction - on roundabout or on main road,PORSCHE,Female,Going ahead other,Car,Nearside,553,7
2010,37,17,Urban area,Bollard or refuge,Road sign or traffic signal,Approaching junction or waiting/parked at junction approach,NISSAN,Male,Going ahead other,Car,Front,556,0
2010,65,5,Rural,Kerb,Telegraph or electricity pole,Not at or within 20 metres of junction,RENAULT,Male,Going ahead other,Car,Offside,274,8
2010,76,9,Urban area,Bridge (side),Other permanent object,Not at or within 20 metres of junction,VOLKSWAGEN,Male,Slowing or stopping,Car,Nearside,723,6
2010,71,4,Urban area,Parked vehicle,Telegraph or electricity pole,Not at or within 20 metres of junction,BMW,Male,Going ahead other,Car,Front,614,6
2010,18,6,Urban area,Bollard or refuge,Near/Offside crash barrier,Mid Junction - on roundabout or on main road,SUZUKI,Female,Turning right,Car,Front,426,7
2010,34,7,Urban area,Bollard or refuge,Near/Offside crash barrier,Mid Junction - on roundabout or on main road,VOLVO,Male,Going ahead other,Car,Front,356,6
2010,42,13,Urban area,Bridge (side),Other permanent object,Not at or within 20 metres of junction,FORD,Male,Going ahead other,Minibus,Front,416,3
2010,33,8,Urban area,Kerb,Road sign or traffic signal,Mid Junction - on roundabout or on main road,NISSAN,Female,Overtaking static vehicle - offside,Car,Offside,405,5
2010,72,13,Small town,Kerb,Other permanent object,Approaching junction or waiting/parked at junction approach,MITSUBISHI,Male,Going ahead right-hand bend,Car,Front,750,11
2010,39,9,Urban area,Other object,Other permanent object,Entering from slip road,FIAT,Male,Going ahead other,Car,Front,136,2
2010,31,11,Urban area,Bollard or refuge,Central crash barrier,Mid Junction - on roundabout or on main road,NISSAN,Female,Going ahead other,Car,Front,513,7
2010,43,4,Urban area,Kerb,Other permanent object,Approaching junction or waiting/parked at junction approach,RENAULT,Male,Going ahead left-hand bend,Car,Front,377,0
2010,43,7,Urban area,Kerb,Near/Offside crash barrier,Leaving main road,HONDA,Female,Turning left,Car,Front,745,9
2010,37,2,Rural,Kerb,Other permanent object,Not at or within 20 metres of junction,KIA,Male,Going ahead right-hand bend,Car,Did not impact,482,8
2010,72,5,Urban area,Other object,Road sign or traffic signal,Not at or within 20 metres of junction,HONDA,Male,Going ahead right-hand bend,Motorcycle ,Nearside,232,10
2010,59,10,Small town,Kerb,Other permanent object,Not at or within 20 metres of junction,PEUGEOT,Male,Going ahead left-hand bend,Car,Offside,325,9
2010,21,7,Urban area,Kerb,Other permanent object,Not at or within 20 metres of junction,HONDA,Male,Going ahead left-hand bend,Car,Front,764,3
2010,41,6,Urban area,Bollard or refuge,Central crash barrier,Not at or within 20 metres of junction,TOYOTA,Male,Going ahead other,Car,Front,240,10
2010,68,8,Urban area,Kerb,Telegraph or electricity pole,Not at or within 20 metres of junction,CITROEN,Male,Going ahead right-hand bend,Car,Offside,259,11
2010,72,8,Urban area,Kerb,Road sign or traffic signal,Entering main road,VOLKSWAGEN,Male,Overtaking - nearside,Car,Offside,197,6
2010,61,1,Urban area,Bridge (side),Other permanent object,Not at or within 20 metres of junction,PEUGEOT,Male,Going ahead left-hand bend,Van / Goods ,Front,175,0
2010,67,3,Urban area,Kerb,Other permanent object,Not at or within 20 metres of junction,NISSAN,Female,Going ahead right-hand bend,Car,Nearside,672,5
2010,46,13,Urban area,Parked vehicle,Other permanent object,Not at or within 20 metres of junction,VOLKSWAGEN,Male,Going ahead left-hand bend,Car,Front,627,3
2010,28,18,Urban area,Parked vehicle,Other permanent object,Approaching junction or waiting/parked at junction approach,VOLKSWAGEN,Male,Overtaking static vehicle - offside,Car,Front,771,9
2010,68,10,Urban area,Bollard or refuge,Road sign or traffic signal,Approaching junction or waiting/parked at junction approach,BMW,Male,Going ahead other,Car,Offside,536,12
2010,79,1,Urban area,Central island of roundabout,Other permanent object,Entering roundabout,AUDI,Male,Turning left,Car,Offside,322,7
2010,72,7,Urban area,Kerb,Near/Offside crash barrier,Not at or within 20 metres of junction,NISSAN,Male,Going ahead left-hand bend,Car,Offside,607,12
2010,51,5,Urban area,Bollard or refuge,Other permanent object,Not at or within 20 metres of junction,VOLKSWAGEN,Male,Going ahead other,Car,Front,788,7
2010,74,8,Urban area,Kerb,Lamp post,Not at or within 20 metres of junction,RENAULT,Male,Going ahead other,Car,Front,273,6
2010,55,11,Urban area,Kerb,Lamp post,Not at or within 20 metres of junction,HONDA,Male,Going ahead right-hand bend,Car,Front,557,3
2010,55,10,Small town,Bollard or refuge,Other permanent object,Not at or within 20 metres of junction,SUZUKI,Female,Going ahead other,Car,Offside,140,2
2010,62,8,Rural,Kerb,Other permanent object,Not at or within 20 metres of junction,VOLKSWAGEN,Male,Going ahead right-hand bend,Car,Nearside,492,3
2010,80,9,Urban area,Bridge (side),Other permanent object,Mid Junction - on roundabout or on main road,FORD,Male,Going ahead other,Car,Nearside,197,2
2010,56,14,Urban area,Bollard or refuge,Road sign or traffic signal,Entering main road,PEUGEOT,Male,Turning right,Taxi/Private hire car,Offside,330,11
2010,36,3,Urban area,Central island of roundabout,Near/Offside crash barrier,Mid Junction - on roundabout or on main road,ALFA ROMEO,Male,Going ahead right-hand bend,Car,Offside,688,0
2010,51,5,Urban area,Bollard or refuge,Road sign or traffic signal,Mid Junction - on roundabout or on main road,FORD,Male,Going ahead other,Van / Goods ,Front,183,3
2010,30,8,Rural,Kerb,Other permanent object,Entering main road,VOLVO,Male,Going ahead other,Car,Front,375,11
2010,69,8,Urban area,Bollard or refuge,Central crash barrier,Not at or within 20 metres of junction,HONDA,Male,Overtaking moving vehicle - offside,Car,Front,428,2
2010,65,2,Urban area,Kerb,Other permanent object,Not at or within 20 metres of junction,SKODA,Male,Going ahead other,Car,Offside,524,2
2010,48,4,Urban area,Kerb,Other permanent object,Not at or within 20 metres of junction,BMW,Male,Reversing,Car,Back,568,10
2010,47,8,Urban area,Kerb,Other permanent object,Cleared junction or waiting/parked at junction exit,CITROEN,Female,Going ahead right-hand bend,Car,Offside,248,9
2010,18,11,Urban area,Road works,Lamp post,Approaching junction or waiting/parked at junction approach,PEUGEOT,Male,Going ahead right-hand bend,Car,Front,700,7
2010,51,9,Urban area,Kerb,Lamp post,Entering roundabout,ROVER,Male,Turning left,Car,Front,570,7
2010,78,16,Urban area,Kerb,Other permanent object,Not at or within 20 metres of junction,VOLKSWAGEN,Male,Going ahead left-hand bend,Car,Front,731,12
2010,39,13,Rural,Kerb,Other permanent object,Cleared junction or waiting/parked at junction exit,FIAT,Male,Going ahead other,Car,Did not impact,109,7
2010,26,10,Urban area,Kerb,Lamp post,Leaving roundabout,VOLKSWAGEN,Male,Going ahead other,Car,Offside,701,7
2010,35,6,Urban area,Road works,Near/Offside crash barrier,Not at or within 20 metres of junction,PEUGEOT,Female,Going ahead other,Car,Back,459,5
2010,62,4,Urban area,Kerb,Lamp post,Approaching junction or waiting/parked at junction approach,MAZDA,Male,Going ahead other,Car,Front,662,4
2010,45,5,Urban area,Kerb,Other permanent object,Approaching junction or waiting/parked at junction approach,MERCEDES,Male,Going ahead other,Van / Goods ,Back,284,10
2010,37,5,Small town,Kerb,Entered ditch,Mid Junction - on roundabout or on main road,FORD,Male,Going ahead other,Car,Front,683,4
2010,23,16,Small town,Kerb,Lamp post,Not at or within 20 metres of junction,ROVER,Male,Going ahead right-hand bend,Car,Front,735,9
2010,55,12,Urban area,Kerb,Lamp post,Leaving roundabout,NISSAN,Male,Going ahead other,Car,Offside,441,7
2010,44,11,Urban area,Bollard or refuge,Road sign or traffic signal,Mid Junction - on roundabout or on main road,RENAULT,Male,Going ahead other,Car,Front,241,5
2010,79,6,Small town,Bollard or refuge,Other permanent object,Not at or within 20 metres of junction,MAZDA,Female,Going ahead other,Car,Front,326,3
2010,42,9,Urban area,Bollard or refuge,Road sign or traffic signal,Mid Junction - on roundabout or on main road,PEUGEOT,Female,Going ahead other,Car,Front,329,0
2010,67,19,Urban area,Bollard or refuge,Other permanent object,Entering roundabout,HONDA,Male,Going ahead other,Car,Front,384,10
2010,39,9,Urban area,Bollard or refuge,Road sign or traffic signal,Cleared junction or waiting/parked at junction exit,PEUGEOT,Female,Going ahead other,Car,Nearside,361,5
2010,22,4,Urban area,Kerb,Lamp post,Approaching junction or waiting/parked at junction approach,RENAULT,Male,Going ahead other,Other vehicle,Back,737,5
2010,70,5,Urban area,Bollard or refuge,Road sign or traffic signal,Mid Junction - on roundabout or on main road,VOLKSWAGEN,Male,Going ahead other,Car,Front,323,11
2010,22,10,Rural,Kerb,Lamp post,Entering roundabout,PEUGEOT,Female,Turning right,Car,Front,699,7
2010,79,1,Urban area,Bollard or refuge,Road sign or traffic signal,Leaving roundabout,CITROEN,Female,Going ahead other,Car,Nearside,753,2
2010,26,6,Urban area,Kerb,Road sign or traffic signal,Not at or within 20 metres of junction,HONDA,Male,Going ahead left-hand bend,Motorcycle 125cc and under,Front,348,8
2010,47,13,Rural,Kerb,Lamp post,Approaching junction or waiting/parked at junction approach,VOLKSWAGEN,Female,Going ahead other,Car,Front,307,5
2010,31,6,Rural,Kerb,Tree,Not at or within 20 metres of junction,FIAT,Female,Going ahead other,Car,Front,653,5
2010,41,1,Urban area,Kerb,Tree,Not at or within 20 metres of junction,VOLKSWAGEN,Male,Going ahead right-hand bend,Car,Front,175,9
2010,20,11,Small town,Kerb,Tree,Mid Junction - on roundabout or on main road,HONDA,Female,Going ahead right-hand bend,Car,Nearside,137,6
2010,77,8,Small town,Other object,Near/Offside crash barrier,Not at or within 20 metres of junction,RENAULT,Male,Going ahead other,Van / Goods ,Nearside,202,8
2010,28,13,Urban area,Any animal (except ridden horse),Other permanent object,Not at or within 20 metres of junction,BMW,Male,Going ahead right-hand bend,Car,Front,465,4
2010,17,7,Rural,Kerb,Tree,Not at or within 20 metres of junction,FORD,Male,Going ahead other,Car,Front,314,5
2010,45,11,Rural,Kerb,Road sign or traffic signal,Not at or within 20 metres of junction,RENAULT,Male,Overtaking moving vehicle - offside,Car,Front,736,6
2010,17,10,Urban area,Bollard or refuge,Tree,Not at or within 20 metres of junction,RENAULT,Female,Going ahead other,Car,Front,576,9
2010,49,9,Urban area,Kerb,Telegraph or electricity pole,Not at or within 20 metres of junction,SKODA,Female,Going ahead other,Car,Front,375,2
2010,24,8,Urban area,Bollard or refuge,Near/Offside crash barrier,Mid Junction - on roundabout or on main road,PEUGEOT,Male,Going ahead right-hand bend,Car,Front,372,1
2010,56,9,Urban area,Kerb,Entered ditch,Not at or within 20 metres of junction,HONDA,Male,Going ahead left-hand bend,Motorcycle ,Front,462,11
2010,71,13,Rural,Kerb,Other permanent object,Not at or within 20 metres of junction,VOLKSWAGEN,Female,Going ahead left-hand bend,Car,Front,781,4
2010,18,1,Urban area,Kerb,Tree,Entering main road,FORD,Female,Turning right,Car,Offside,422,9
2010,49,4,Small town,Kerb,Other permanent object,Mid Junction - on roundabout or on main road,VOLKSWAGEN,Female,Going ahead other,Car,Offside,225,12
2010,59,3,Urban area,Kerb,Other permanent object,Leaving main road,PEUGEOT,Female,Going ahead other,Car,Front,488,1
2010,39,7,Urban area,Bollard or refuge,Lamp post,Approaching junction or waiting/parked at junction approach,RENAULT,Male,Going ahead other,Car,Offside,284,5
2010,77,2,Urban area,Kerb,Road sign or traffic signal,Not at or within 20 metres of junction,LEXUS,Male,Going ahead other,Car,Offside,225,12
2010,27,7,Urban area,Kerb,Other permanent object,Mid Junction - on roundabout or on main road,RENAULT,Male,Going ahead other,Car,Front,397,6
2010,22,5,Urban area,Kerb,Road sign or traffic signal,Approaching junction or waiting/parked at junction approach,MERCEDES,Male,Going ahead other,Car,Front,654,0
2010,54,7,Urban area,Parked vehicle,Other permanent object,Approaching junction or waiting/parked at junction approach,RENAULT,Female,Going ahead other,Car,Front,304,9
2010,65,4,Urban area,Kerb,Central crash barrier,Mid Junction - on roundabout or on main road,TOYOTA,Female,Going ahead other,Car,Front,512,3
2010,79,13,Small town,Kerb,Near/Offside crash barrier,Not at or within 20 metres of junction,PEUGEOT,Male,Going ahead right-hand bend,Car,Nearside,156,0
2010,64,12,Urban area,Kerb,Telegraph or electricity pole,Not at or within 20 metres of junction,PEUGEOT,Male,Going ahead other,Car,Offside,697,8
2010,72,12,Urban area,Kerb,Other permanent object,Not at or within 20 metres of junction,CITROEN,Male,Going ahead other,Car,Front,475,6
2010,59,12,Urban area,Kerb,Lamp post,Approaching junction or waiting/parked at junction approach,VOLKSWAGEN,Male,Going ahead other,Car,Front,430,7
2010,68,6,Urban area,Kerb,Tree,Mid Junction - on roundabout or on main road,HONDA,Male,Overtaking moving vehicle - offside,Motorcycle ,Front,380,7
2010,58,6,Urban area,Kerb,Lamp post,Not at or within 20 metres of junction,FORD,Male,Going ahead other,Car,Front,360,0