Year_N,Age_of_Driver_N,Age_of_Vehicle_N,Accident_Area_Type_C,On_road_object_hit_C,Off_road_object_hit _C,Junction_Location_C,Car_Make_C,Driver_Sex_C,Vehicle_Manoeuvre_C,Vehicle_Type_C,Point_of_Impact_C,Cost_of_Incident_N,Weeks_to_Repair_N
2010,51,12,Urban area,Kerb,Other permanent object,Cleared junction or waiting/parked at junction exit,MERCEDES,Female,Going ahead left-hand bend,Car,Front,289,6
2010,74,10,Urban area,Kerb,Other permanent object,Mid Junction - on roundabout or on main road,SUBARU,Female,Turning right,Car,Offside,776,8
2010,21,7,Urban area,Bollard or refuge,Tree,Not at or within 20 metres of junction,RENAULT,Male,Going ahead other,Car,Nearside,720,3
2010,39,4,Urban area,Kerb,Other permanent object,Not at or within 20 metres of junction,HONDA,Female,Going ahead other,Car,Front,420,1
2010,80,6,Urban area,Parked vehicle,Telegraph or electricity pole,Not at or within 20 metres of junction,RENAULT,Male,Going ahead other,Car,Nearside,763,7
2010,39,13,Urban area,Bollard or refuge,Road sign or traffic signal,Approaching junction or waiting/parked at junction approach,BMW,Male,Going ahead other,Car,Front,721,9
2010,75,10,Urban area,Bollard or refuge,Other permanent object,Cleared junction or waiting/parked at junction exit,FORD,Female,Going ahead other,Car,Front,381,5
2010,26,6,Urban area,Kerb,Lamp post,Not at or within 20 metres of junction,PEUGEOT,Male,Going ahead other,Car,Back,181,6
2010,51,10,Urban area,Kerb,Tree,Not at or within 20 metres of junction,MERCEDES,Male,Going ahead other,Car,Front,158,5
2010,28,13,Urban area,Kerb,Telegraph or electricity pole,Not at or within 20 metres of junction,MERCEDES,Male,Going ahead other,Car,Front,690,1
2010,76,1,Rural,Kerb,Lamp post,Cleared junction or waiting/parked at junction exit,FORD,Female,Turning left,Car,Front,464,6
2010,48,14,Urban area,Kerb,Near/Offside crash barrier,Mid Junction - on roundabout or on main road,ROVER,Male,Going ahead other,Car,Front,234,11
2010,23,11,Urban area,Kerb,Other permanent object,Not at or within 20 metres of junction,CITROEN,Female,Going ahead right-hand bend,Car,Front,453,0
2010,37,5,Urban area,Parked vehicle,Road sign or traffic signal,Cleared junction or waiting/parked at junction exit,PEUGEOT,Male,Going ahead other,Car,Offside,758,2
2010,72,8,Urban area,Kerb,Lamp post,Cleared junction or waiting/parked at junction exit,SUZUKI,Male,Going ahead other,Car,Back,671,10
2010,52,11,Urban area,Kerb,Lamp post,Approaching junction or waiting/parked at junction approach,LEXUS,Male,Going ahead other,Car,Offside,747,2
2010,52,15,Urban area,Kerb,Other permanent object,Not at or within 20 metres of junction,BMW,Male,Going ahead other,Car,Front,519,7
2010,32,5,Urban area,Kerb,Lamp post,Not at or within 20 metres of junction,CITROEN,Male,Going ahead left-hand bend,Van / Goods ,Front,550,3
2010,72,7,Urban area,Kerb,Telegraph or electricity pole,Not at or within 20 metres of junction,RENAULT,Male,Going ahead other,Car,Front,503,9
2010,43,2,Urban area,Bollard or refuge,Telegraph or electricity pole,Not at or within 20 metres of junction,VOLKSWAGEN,Female,Changing lane to right,Car,Front,599,4
2010,36,7,Urban area,Parked vehicle,Lamp post,Not at or within 20 metres of junction,FORD,Male,Going ahead other,Car,Front,555,3
2010,35,5,Urban area,Bollard or refuge,Road sign or traffic signal,Mid Junction - on roundabout or on main road,VOLKSWAGEN,Male,Going ahead other,Taxi/Private hire car,Front,742,7
2010,40,10,Urban area,Kerb,Entered ditch,Not at or within 20 metres of junction,CITROEN,Male,Going ahead right-hand bend,Car,Nearside,622,3
2010,58,7,Urban area,Kerb,Telegraph or electricity pole,Cleared junction or waiting/parked at junction exit,PEUGEOT,Male,Going ahead other,Car,Offside,287,9
2010,65,4,Urban area,Kerb,Near/Offside crash barrier,Mid Junction - on roundabout or on main road,SKODA,Female,Turning right,Car,Front,488,8
2010,48,4,Urban area,Kerb,Other permanent object,Mid Junction - on roundabout or on main road,FIAT,Male,Overtaking moving vehicle - offside,Car,Nearside,231,3
2010,46,8,Urban area,Kerb,Tree,Not at or within 20 metres of junction,CITROEN,Female,Going ahead other,Car,Front,681,0
2010,24,4,Urban area,Bollard or refuge,Central crash barrier,Not at or within 20 metres of junction,RENAULT,Female,Going ahead other,Car,Nearside,783,11
2010,52,7,Urban area,Kerb,Other permanent object,Not at or within 20 metres of junction,RENAULT,Male,Going ahead other,Car,Front,430,1
2010,55,7,Urban area,Kerb,Other permanent object,Entering roundabout,FORD,Female,Going ahead other,Car,Front,217,3
2010,79,9,Urban area,Bollard or refuge,Central crash barrier,Entering main road,MERCEDES,Male,Turning right,Car,Front,313,9
2010,75,10,Urban area,Bollard or refuge,Central crash barrier,Approaching junction or waiting/parked at junction approach,LEXUS,Male,Going ahead other,Car,Front,715,2
2010,36,10,Urban area,Bollard or refuge,Other permanent object,Approaching junction or waiting/parked at junction approach,LEXUS,Female,Changing lane to left,Car,Nearside,452,4
2010,40,2,Urban area,Kerb,Road sign or traffic signal,Mid Junction - on roundabout or on main road,FORD,Female,Turning right,Car,Nearside,637,10
2010,57,7,Urban area,Open door of vehicle,Other permanent object,Approaching junction or waiting/parked at junction approach,MBK,Male,Overtaking static vehicle - offside,Motorcycle 50cc and under,Front,380,1
2010,46,11,Urban area,Parked vehicle,Lamp post,Approaching junction or waiting/parked at junction approach,FORD,Male,Going ahead other,Car,Front,462,10
2010,67,3,Urban area,Bollard or refuge,Tree,Not at or within 20 metres of junction,FORD,Male,Going ahead other,Car,Offside,489,2
2010,75,7,Urban area,Kerb,Entered ditch,Not at or within 20 metres of junction,RENAULT,Female,Going ahead other,Car,Front,353,6
2010,73,12,Urban area,Kerb,Other permanent object,Not at or within 20 metres of junction,RENAULT,Male,Going ahead left-hand bend,Car,Back,534,2
2010,30,6,Urban area,Kerb,Other permanent object,Mid Junction - on roundabout or on main road,AUDI,Female,Going ahead other,Car,Front,605,1
2010,24,10,Urban area,Kerb,Lamp post,Mid Junction - on roundabout or on main road,FIAT,Female,Going ahead other,Car,Front,758,4
2010,80,5,Urban area,Kerb,Central crash barrier,Not at or within 20 metres of junction,MITSUBISHI,Male,Going ahead other,Car,Nearside,548,10
2010,45,13,Urban area,Kerb,Telegraph or electricity pole,Cleared junction or waiting/parked at junction exit,PEUGEOT,Male,Going ahead other,Car,Front,221,10
2010,26,10,Urban area,Kerb,Other permanent object,Mid Junction - on roundabout or on main road,RENAULT,Male,Overtaking moving vehicle - offside,Car,Nearside,646,0
2010,57,8,Urban area,Kerb,Tree,Not at or within 20 metres of junction,ALFA ROMEO,Male,Going ahead other,Car,Offside,151,5
2010,55,10,Urban area,Kerb,Road sign or traffic signal,Entering main road,ALFA ROMEO,Male,Going ahead other,Car,Offside,780,10
2010,36,5,Urban area,Kerb,Other permanent object,Mid Junction - on roundabout or on main road,FIAT,Male,Going ahead other,Car,Front,742,10
2010,49,6,Urban area,Kerb,Road sign or traffic signal,Mid Junction - on roundabout or on main road,PEUGEOT,Male,Going ahead other,Car,Offside,322,3
2010,77,5,Urban area,Kerb,Other permanent object,Mid Junction - on roundabout or on main road,PEUGEOT,Male,Turning left,Car,Front,347,10
2010,48,12,Urban area,Kerb,Near/Offside crash barrier,Entering roundabout,MERCEDES,Male,Waiting to go - held up,Car,Back,732,9
2010,40,6,Urban area,Bollard or refuge,Central crash barrier,Mid Junction - on roundabout or on main road,PEUGEOT,Male,Going ahead other,Car,Front,697,8
2010,22,12,Urban area,Kerb,Lamp post,Not at or within 20 metres of junction,FORD,Male,Going ahead right-hand bend,Car,Front,196,12
2010,21,3,Urban area,Kerb,Tree,Not at or within 20 metres of junction,CITROEN,Female,Going ahead right-hand bend,Car,Front,718,9
2010,54,12,Urban area,Kerb,Other permanent object,Approaching junction or waiting/parked at junction approach,CITROEN,Male,Going ahead left-hand bend,Car,Nearside,676,6
2010,53,10,Urban area,Kerb,Tree,Not at or within 20 metres of junction,FORD,Female,Going ahead right-hand bend,Car,Front,557,5
2010,66,7,Urban area,Kerb,Other permanent object,Mid Junction - on roundabout or on main road,CITROEN,Male,Going ahead other,Car,Nearside,394,4
2010,55,1,Urban area,Kerb,Other permanent object,Approaching junction or waiting/parked at junction approach,FORD,Male,Going ahead other,Car,Front,612,9
2010,22,3,Urban area,Kerb,Other permanent object,Cleared junction or waiting/parked at junction exit,VOLKSWAGEN,Female,Going ahead right-hand bend,Car,Front,593,4
2010,54,12,Urban area,Kerb,Other permanent object,Not at or within 20 metres of junction,FORD,Male,Parked,Van / Goods ,Back,413,4
2010,72,2,Urban area,Kerb,Other permanent object,Not at or within 20 metres of junction,SUZUKI,Female,Going ahead other,Car,Front,490,0
2010,59,13,Urban area,Kerb,Road sign or traffic signal,Not at or within 20 metres of junction,VOLKSWAGEN,Male,Going ahead other,Car,Front,531,11
2010,33,7,Urban area,Kerb,Other permanent object,Mid Junction - on roundabout or on main road,RENAULT,Female,Turning right,Car,Nearside,334,7
2010,63,8,Urban area,Kerb,Telegraph or electricity pole,Approaching junction or waiting/parked at junction approach,FIAT,Female,Overtaking static vehicle - offside,Car,Nearside,778,8
2010,71,9,Urban area,Kerb,Bus stop or bus shelter,Mid Junction - on roundabout or on main road,ROVER,Male,Going ahead other,Car,Offside,633,6
2010,25,10,Urban area,Kerb,Road sign or traffic signal,Not at or within 20 metres of junction,VOLKSWAGEN,Male,Going ahead left-hand bend,Car,Front,328,2
2010,72,8,Urban area,Central island of roundabout,Tree,Leaving roundabout,VOLKSWAGEN,Male,Going ahead other,Car,Front,306,9
2010,57,2,Urban area,Kerb,Lamp post,Mid Junction - on roundabout or on main road,AUDI,Female,Slowing or stopping,Car,Nearside,471,8
2010,40,11,Urban area,Kerb,Lamp post,Not at or within 20 metres of junction,FORD,Female,Going ahead other,Car,Nearside,637,11
2010,36,2,Urban area,Kerb,Road sign or traffic signal,Not at or within 20 metres of junction,VOLKSWAGEN,Male,Going ahead other,Car,Front,101,8
2010,77,13,Urban area,Kerb,Road sign or traffic signal,Not at or within 20 metres of junction,ROVER,Male,Going ahead left-hand bend,Car,Front,587,2
2010,34,8,Urban area,Kerb,Telegraph or electricity pole,Mid Junction - on roundabout or on main road,BMW,Male,Going ahead left-hand bend,Car,Front,329,1
2010,31,2,Urban area,Kerb,Other permanent object,Not at or within 20 metres of junction,TOYOTA,Male,Going ahead right-hand bend,Car,Nearside,775,9
2010,63,10,Urban area,Kerb,Other permanent object,Not at or within 20 metres of junction,HONDA,Male,Going ahead other,Car,Offside,425,12
2010,77,12,Urban area,Kerb,Other permanent object,Not at or within 20 metres of junction,PEUGEOT,Male,Overtaking moving vehicle - offside,Car,Nearside,595,7
2010,44,7,Urban area,Kerb,Other permanent object,Not at or within 20 metres of junction,PEUGEOT,Male,Going ahead left-hand bend,Car,Offside,337,1
2010,48,8,Urban area,Kerb,Other permanent object,Approaching junction or waiting/parked at junction approach,HONDA,Male,Going ahead other,Car,Back,315,9
2010,53,9,Urban area,Kerb,Road sign or traffic signal,Leaving roundabout,FORD,Female,Turning right,Car,Front,587,4
2010,47,1,Urban area,Bridge (side),Other permanent object,Not at or within 20 metres of junction,RENAULT,Male,Going ahead other,Car,Front,354,7
2010,46,16,Urban area,Kerb,Lamp post,Not at or within 20 metres of junction,FORD,Male,Moving off,Van / Goods ,Front,219,12
2010,46,2,Urban area,Bollard or refuge,Other permanent object,Mid Junction - on roundabout or on main road,RENAULT,Female,Waiting to go - held up,Car,Nearside,228,12
2010,37,13,Urban area,Bollard or refuge,Other permanent object,Cleared junction or waiting/parked at junction exit,ROVER,Male,Overtaking - nearside,Car,Offside,381,0
2010,22,13,Urban area,Kerb,Near/Offside crash barrier,Not at or within 20 metres of junction,ROVER,Male,Going ahead other,Car,Front,270,3
2010,72,10,Urban area,Open door of vehicle,Tree,Not at or within 20 metres of junction,KAWASAKI,Male,Overtaking - nearside,Motorcycle ,Front,594,7
2010,80,3,Urban area,Kerb,Road sign or traffic signal,Mid Junction - on roundabout or on main road,DUCATI,Male,Turning right,Motorcycle ,Front,138,12
2010,28,10,Urban area,Kerb,Lamp post,Entering main road,SKODA,Female,Going ahead other,Car,Back,127,7
2010,72,6,Urban area,Kerb,Tree,Entering main road,FORD,Male,Turning right,Car,Offside,315,10
2010,39,6,Urban area,Kerb,Lamp post,Not at or within 20 metres of junction,CITROEN,Male,Going ahead other,Car,Front,156,10
2010,47,5,Urban area,Kerb,Lamp post,Not at or within 20 metres of junction,RENAULT,Male,Going ahead left-hand bend,Car,Nearside,309,5
2010,45,10,Urban area,Bollard or refuge,Road sign or traffic signal,Not at or within 20 metres of junction,PEUGEOT,Male,Going ahead other,Car,Front,747,8
2010,57,5,Urban area,Kerb,Road sign or traffic signal,Mid Junction - on roundabout or on main road,MINI,Male,Going ahead other,Car,Nearside,657,1
2010,51,9,Urban area,Kerb,Telegraph or electricity pole,Cleared junction or waiting/parked at junction exit,FORD,Male,Going ahead right-hand bend,Car,Front,584,7
2010,41,8,Urban area,Parked vehicle,Lamp post,Not at or within 20 metres of junction,FIAT,Male,Going ahead right-hand bend,Car,Front,103,2
2010,36,5,Urban area,Kerb,Road sign or traffic signal,Mid Junction - on roundabout or on main road,FORD,Male,Going ahead other,Car,Offside,687,8
2010,79,21,Urban area,Kerb,Other permanent object,Not at or within 20 metres of junction,BMW,Male,Overtaking moving vehicle - offside,Car,Nearside,312,2
2010,39,12,Urban area,Kerb,Bus stop or bus shelter,Not at or within 20 metres of junction,BMW,Male,Going ahead left-hand bend,Car,Nearside,282,1
2010,38,15,Urban area,Kerb,Other permanent object,Not at or within 20 metres of junction,ROVER,Male,Going ahead other,Car,Front,464,7
2010,80,7,Urban area,Kerb,Tree,Approaching junction or waiting/parked at junction approach,VOLKSWAGEN,Male,Going ahead left-hand bend,Car,Front,587,0
2010,45,13,Urban area,Kerb,Other permanent object,Mid Junction - on roundabout or on main road,NISSAN,Male,Changing lane to left,Car,Nearside,390,8
2010,54,7,Urban area,Kerb,Other permanent object,Leaving roundabout,CITROEN,Female,Slowing or stopping,Car,Front,179,9
2010,71,5,Urban area,Kerb,Road sign or traffic signal,Entering roundabout,RENAULT,Male,Going ahead left-hand bend,Car,Front,620,10
2010,17,8,Urban area,Bollard or refuge,Other permanent object,Leaving roundabout,TOYOTA,Male,Going ahead other,Car,Front,602,6
2010,59,5,Urban area,Kerb,Lamp post,Cleared junction or waiting/parked at junction exit,FORD,Male,Going ahead other,Car,Offside,264,6
2010,18,14,Urban area,Kerb,Tree,Mid Junction - on roundabout or on main road,FORD,Male,Turning right,Car,Nearside,406,11
2010,22,14,Urban area,Kerb,Other permanent object,Cleared junction or waiting/parked at junction exit,FIAT,Male,Going ahead right-hand bend,Car,Front,478,8
2010,56,6,Urban area,Kerb,Other permanent object,Cleared junction or waiting/parked at junction exit,PEUGEOT,Male,Turning left,Car,Front,214,0
2010,71,4,Urban area,Kerb,Other permanent object,Approaching junction or waiting/parked at junction approach,BMW,Male,Overtaking moving vehicle - offside,Car,Offside,537,6
2010,17,11,Urban area,Parked vehicle,Road sign or traffic signal,Not at or within 20 metres of junction,ROVER,Male,Going ahead other,Car,Front,139,9
2010,78,9,Urban area,Kerb,Road sign or traffic signal,Cleared junction or waiting/parked at junction exit,FORD,Male,Going ahead other,Car,Front,442,11
2010,33,8,Urban area,Kerb,Bus stop or bus shelter,Cleared junction or waiting/parked at junction exit,AUDI,Male,Going ahead other,Car,Front,382,0
2010,43,19,Urban area,Bollard or refuge,Road sign or traffic signal,Cleared junction or waiting/parked at junction exit,TOYOTA,Male,Going ahead other,Car,Front,497,2
2010,47,1,Urban area,Kerb,Tree,Entering main road,MAZDA,Female,Turning right,Car,Offside,151,8
2010,30,5,Urban area,Kerb,Other permanent object,Not at or within 20 metres of junction,PEUGEOT,Male,Going ahead other,Car,Front,641,4
2010,42,19,Urban area,Kerb,Lamp post,Leaving roundabout,BMW,Male,Going ahead other,Car,Front,297,7
2010,56,7,Urban area,Kerb,Tree,Not at or within 20 metres of junction,FORD,Male,Going ahead other,Car,Front,207,9
2010,25,12,Urban area,Kerb,Other permanent object,Cleared junction or waiting/parked at junction exit,BMW,Male,Going ahead left-hand bend,Car,Front,680,10
2010,29,2,Urban area,Kerb,Lamp post,Not at or within 20 metres of junction,KIA,Male,Moving off,Car,Front,151,8
2010,55,12,Urban area,Kerb,Other permanent object,Leaving main road,CITROEN,Female,Turning right,Car,Nearside,394,6
2010,23,7,Rural,Kerb,Entered ditch,Not at or within 20 metres of junction,FIAT,Male,Going ahead right-hand bend,Car,Front,711,9
2010,40,15,Urban area,Central island of roundabout,Road sign or traffic signal,Entering roundabout,ROVER,Male,Going ahead other,Car,Front,308,5
2010,54,15,Urban area,Kerb,Road sign or traffic signal,Leaving roundabout,FORD,Male,Turning left,Car,Back,479,11
2010,21,3,Urban area,Kerb,Lamp post,Mid Junction - on roundabout or on main road,HONDA,Female,Turning right,Car,Offside,126,8
2010,58,8,Small town,Kerb,Other permanent object,Cleared junction or waiting/parked at junction exit,CITROEN,Female,Going ahead left-hand bend,Car,Front,120,5
2010,48,15,Urban area,Kerb,Lamp post,Not at or within 20 metres of junction,FIAT,Female,Going ahead right-hand bend,Car,Back,551,6
2010,50,8,Urban area,Kerb,Other permanent object,Mid Junction - on roundabout or on main road,SUZUKI,Male,Overtaking static vehicle - offside,Motorcycle ,Front,244,8
2010,44,8,Urban area,Kerb,Telegraph or electricity pole,Cleared junction or waiting/parked at junction exit,PEUGEOT,Male,Going ahead other,Car,Front,340,8
2010,56,7,Urban area,Kerb,Lamp post,Not at or within 20 metres of junction,TOYOTA,Male,Going ahead other,Car,Front,756,3
2010,45,2,Urban area,Kerb,Tree,Not at or within 20 metres of junction,FIAT,Female,Going ahead right-hand bend,Car,Back,147,8
2010,47,11,Urban area,Kerb,Tree,Not at or within 20 metres of junction,PEUGEOT,Male,Going ahead other,Car,Front,692,11
2010,34,3,Urban area,Kerb,Telegraph or electricity pole,Not at or within 20 metres of junction,TOYOTA,Female,Going ahead left-hand bend,Car,Front,767,9
2010,48,4,Rural,Bollard or refuge,Road sign or traffic signal,Leaving roundabout,FORD,Male,Turning right,Car,Front,132,3
2010,35,16,Urban area,Bollard or refuge,Road sign or traffic signal,Not at or within 20 metres of junction,ROVER,Female,Going ahead right-hand bend,Car,Front,593,11
2010,43,4,Rural,Kerb,Other permanent object,Mid Junction - on roundabout or on main road,MERCEDES,Female,Turning right,Car,Front,107,5
2010,65,8,Urban area,Parked vehicle,Lamp post,Mid Junction - on roundabout or on main road,TOYOTA,Female,Moving off,Car,Offside,729,12
2010,59,2,Urban area,Kerb,Tree,Cleared junction or waiting/parked at junction exit,BMW,Male,Overtaking - nearside,Motorcycle ,Nearside,708,4
2010,59,8,Small town,Kerb,Telegraph or electricity pole,Not at or within 20 metres of junction,ROVER,Male,Going ahead other,Car,Front,684,5
2010,51,9,Urban area,Kerb,Tree,Leaving main road,RENAULT,Female,Changing lane to left,Car,Front,483,2
2010,23,5,Urban area,Kerb,Other permanent object,Not at or within 20 metres of junction,FORD,Male,Going ahead right-hand bend,Car,Front,704,4
2010,45,6,Urban area,Kerb,Near/Offside crash barrier,Mid Junction - on roundabout or on main road,RENAULT,Male,Going ahead other,Car,Front,636,1
2010,78,2,Rural,Kerb,Entered ditch,Not at or within 20 metres of junction,MERCEDES,Female,Going ahead other,Car,Nearside,475,11
2010,60,9,Urban area,Kerb,Other permanent object,Cleared junction or waiting/parked at junction exit,NISSAN,Female,Turning left,Car,Front,771,3
2010,46,15,Urban area,Kerb,Other permanent object,Mid Junction - on roundabout or on main road,SUBARU,Male,Going ahead other,Car,Front,103,1
2010,56,12,Urban area,Kerb,Telegraph or electricity pole,Not at or within 20 metres of junction,ROVER,Male,Going ahead other,Car,Front,120,9
2010,42,15,Urban area,Kerb,Other permanent object,Entering main road,NISSAN,Female,Turning right,Car,Front,392,9
2010,76,6,Urban area,Kerb,Lamp post,Not at or within 20 metres of junction,PEUGEOT,Female,Going ahead other,Car,Front,135,3
2010,61,1,Urban area,Kerb,Other permanent object,Mid Junction - on roundabout or on main road,CITROEN,Male,Going ahead other,Car,Front,761,6
2010,36,2,Urban area,Bollard or refuge,Near/Offside crash barrier,Not at or within 20 metres of junction,VOLKSWAGEN,Male,Going ahead right-hand bend,Car,Front,605,12
2010,76,1,Urban area,Kerb,Lamp post,Mid Junction - on roundabout or on main road,VOLKSWAGEN,Male,Going ahead other,Car,Front,214,1
2010,57,10,Urban area,Kerb,Tree,Not at or within 20 metres of junction,AUDI,Male,Going ahead left-hand bend,Car,Back,754,5
2010,27,8,Urban area,Kerb,Tree,Mid Junction - on roundabout or on main road,TOYOTA,Female,Going ahead other,Car,Front,671,0
2010,78,12,Urban area,Bollard or refuge,Central crash barrier,Mid Junction - on roundabout or on main road,VOLKSWAGEN,Male,Going ahead other,Car,Front,441,3
2010,62,10,Urban area,Kerb,Other permanent object,Mid Junction - on roundabout or on main road,FORD,Female,Going ahead other,Car,Offside,222,8
2010,75,10,Urban area,Bollard or refuge,Road sign or traffic signal,Leaving roundabout,VOLKSWAGEN,Male,Going ahead other,Car,Front,455,3
2010,42,2,Urban area,Bridge (side),Other permanent object,Entering from slip road,FORD,Male,Going ahead left-hand bend,Car,Front,433,12
2010,60,2,Urban area,Kerb,Road sign or traffic signal,Approaching junction or waiting/parked at junction approach,RENAULT,Male,Going ahead other,Van / Goods ,Front,568,2
2010,21,7,Urban area,Kerb,Tree,Leaving roundabout,BMW,Male,Going ahead other,Car,Back,617,6
2010,20,10,Urban area,Kerb,Tree,Not at or within 20 metres of junction,PEUGEOT,Female,Going ahead right-hand bend,Car,Front,789,6
2010,50,6,Urban area,Kerb,Other permanent object,Cleared junction or waiting/parked at junction exit,ROVER,Male,Going ahead other,Car,Front,623,3
2010,57,10,Urban area,Kerb,Other permanent object,Not at or within 20 metres of junction,NISSAN,Male,Going ahead other,Car,Offside,443,9
2010,55,8,Urban area,Parked vehicle,Tree,Cleared junction or waiting/parked at junction exit,CITROEN,Male,Going ahead other,Car,Front,619,0
2010,25,7,Urban area,Bollard or refuge,Near/Offside crash barrier,Cleared junction or waiting/parked at junction exit,MINI,Male,Turning left,Car,Back,336,2
2010,41,16,Urban area,Kerb,Lamp post,Approaching junction or waiting/parked at junction approach,LAND ROVER,Male,Turning left,Car,Back,535,11
2010,18,4,Urban area,Kerb,Tree,Not at or within 20 metres of junction,AUDI,Male,Going ahead other,Car,Front,256,10
2010,31,5,Urban area,Kerb,Road sign or traffic signal,Mid Junction - on roundabout or on main road,JAGUAR,Male,Turning right,Car,Nearside,405,11
2010,33,6,Urban area,Kerb,Tree,Mid Junction - on roundabout or on main road,YAMAHA,Male,Going ahead other,Motorcycle ,Front,345,11
2010,64,10,Urban area,Kerb,Other permanent object,Not at or within 20 metres of junction,SUZUKI,Male,Going ahead right-hand bend,Motorcycle ,Front,161,12
2010,49,9,Urban area,Kerb,Other permanent object,Not at or within 20 metres of junction,BMW,Male,Going ahead left-hand bend,Car,Nearside,191,4
2010,70,12,Urban area,Kerb,Bus stop or bus shelter,Cleared junction or waiting/parked at junction exit,FORD,Female,Going ahead other,Car,Front,494,0
2010,58,6,Urban area,Kerb,Tree,Not at or within 20 metres of junction,VOLKSWAGEN,Female,Changing lane to left,Car,Front,167,0
2010,26,4,Urban area,Kerb,Lamp post,Leaving roundabout,CITROEN,Male,Going ahead other,Car,Offside,760,7
2010,60,9,Urban area,Kerb,Road sign or traffic signal,Mid Junction - on roundabout or on main road,PEUGEOT,Male,Going ahead other,Car,Nearside,536,2
2010,76,6,Urban area,Kerb,Other permanent object,Mid Junction - on roundabout or on main road,RENAULT,Female,Turning left,Car,Back,780,6
2010,28,6,Urban area,Kerb,Other permanent object,Not at or within 20 metres of junction,CITROEN,Male,Going ahead other,Car,Front,219,7
2010,38,8,Urban area,Bollard or refuge,Other permanent object,Mid Junction - on roundabout or on main road,VOLKSWAGEN,Male,Going ahead other,Car,Back,424,6
2010,66,11,Urban area,Kerb,Lamp post,Not at or within 20 metres of junction,LEXUS,Male,Going ahead other,Car,Front,149,10
2010,74,6,Urban area,Kerb,Other permanent object,Approaching junction or waiting/parked at junction approach,RENAULT,Male,Going ahead right-hand bend,Car,Front,162,4
2010,65,4,Urban area,Kerb,Other permanent object,Mid Junction - on roundabout or on main road,HONDA,Female,Turning right,Car,Nearside,451,8
2010,68,21,Urban area,Kerb,Road sign or traffic signal,Mid Junction - on roundabout or on main road,BMW,Male,Going ahead other,Car,Front,254,5
2010,57,13,Urban area,Kerb,Road sign or traffic signal,Approaching junction or waiting/parked at junction approach,FORD,Male,Changing lane to left,Car,Nearside,474,0
2010,36,6,Urban area,Bollard or refuge,Central crash barrier,Leaving roundabout,ROVER,Male,Going ahead other,Car,Offside,170,0
2010,38,4,Urban area,Kerb,Other permanent object,Mid Junction - on roundabout or on main road,HYUNDAI,Male,Going ahead other,Car,Offside,502,2
2010,54,13,Urban area,Kerb,Lamp post,Not at or within 20 metres of junction,VOLVO,Male,Going ahead other,Car,Front,403,2
2010,32,9,Urban area,Kerb,Bus stop or bus shelter,Approaching junction or waiting/parked at junction approach,HONDA,Male,Going ahead left-hand bend,Car,Front,246,12
2010,40,12,Urban area,Kerb,Other permanent object,Approaching junction or waiting/parked at junction approach,PEUGEOT,Male,Going ahead other,Car,Front,568,5
2010,78,8,Urban area,Kerb,Road sign or traffic signal,Leaving roundabout,PEUGEOT,Male,Going ahead other,Car,Front,124,11
2010,77,4,Urban area,Kerb,Telegraph or electricity pole,Mid Junction - on roundabout or on main road,FORD,Male,Going ahead other,Car,Offside,637,11
2010,69,9,Urban area,Kerb,Lamp post,Not at or within 20 metres of junction,FORD,Female,Going ahead right-hand bend,Car,Front,554,12
2010,67,12,Urban area,Kerb,Other permanent object,Mid Junction - on roundabout or on main road,RENAULT,Male,Going ahead other,Car,Front,193,6
2010,75,6,Urban area,Kerb,Lamp post,Mid Junction - on roundabout or on main road,HYUNDAI,Female,Going ahead other,Car,Offside,374,10
2010,57,4,Urban area,Central island of roundabout,Tree,Approaching junction or waiting/parked at junction approach,AUDI,Male,Going ahead other,Car,Front,746,8
2010,78,6,Urban area,Kerb,Tree,Not at or within 20 metres of junction,FORD,Female,Going ahead other,Car,Nearside,765,4
2010,49,2,Urban area,Kerb,Road sign or traffic signal,Approaching junction or waiting/parked at junction approach,BMW,Male,Waiting to turn right,Car,Offside,189,3
2010,55,17,Urban area,Parked vehicle,Telegraph or electricity pole,Not at or within 20 metres of junction,TOYOTA,Male,Going ahead other,Car,Front,509,5
2010,45,11,Urban area,Parked vehicle,Road sign or traffic signal,Not at or within 20 metres of junction,HONDA,Male,Going ahead other,Car,Front,418,3
2010,36,10,Urban area,Kerb,Lamp post,Not at or within 20 metres of junction,FIAT,Female,Going ahead other,Car,Front,792,0
2010,53,5,Urban area,Kerb,Central crash barrier,Cleared junction or waiting/parked at junction exit,NISSAN,Male,Going ahead right-hand bend,Car,Front,728,3
2010,63,10,Urban area,Kerb,Lamp post,Not at or within 20 metres of junction,MERCEDES,Male,Going ahead other,Van / Goods ,Front,348,1
2010,34,9,Urban area,Kerb,Lamp post,Not at or within 20 metres of junction,FORD,Male,Going ahead other,Car,Front,135,2
2010,39,2,Urban area,Kerb,Lamp post,Entering main road,LEXUS,Male,Turning left,Car,Back,700,0
2010,62,5,Urban area,Kerb,Other permanent object,Leaving main road,BMW,Male,Overtaking moving vehicle - offside,Car,Nearside,270,8
2010,28,5,Urban area,Bollard or refuge,Central crash barrier,Approaching junction or waiting/parked at junction approach,BMW,Male,Slowing or stopping,Motorcycle ,Back,286,12
2010,33,12,Urban area,Kerb,Other permanent object,Mid Junction - on roundabout or on main road,VOLKSWAGEN,Male,Going ahead other,Car,Front,319,11