Year_N,Age_of_Driver_N,Age_of_Vehicle_N,Accident_Area_Type_C,On_road_object_hit_C,Off_road_object_hit _C,Junction_Location_C,Car_Make_C,Driver_Sex_C,Vehicle_Manoeuvre_C,Vehicle_Type_C,Point_of_Impact_C,Cost_of_Incident_N,Weeks_to_Repair_N
2011,53,13,Urban area,Kerb,Other permanent object,Mid Junction - on roundabout or on main road,YAMAHA,Male,Overtaking moving vehicle - offside,Motorcycle ,Front,183,6
2011,39,1,Urban area,Parked vehicle,Lamp post,Not at or within 20 metres of junction,PORSCHE,Male,Going ahead other,Car,Front,104,7
2011,57,2,Urban area,Kerb,Central crash barrier,Not at or within 20 metres of junction,PEUGEOT,Male,Going ahead other,Car,Front,558,10
2011,35,4,Urban area,Bollard or refuge,Near/Offside crash barrier,Not at or within 20 metres of junction,SUZUKI,Female,Going ahead other,Car,Nearside,513,0
2011,37,10,Urban area,Kerb,Lamp post,Leaving roundabout,TOYOTA,Male,Changing lane to left,Car,Front,797,6
2011,68,7,Urban area,Kerb,Near/Offside crash barrier,Mid Junction - on roundabout or on main road,SUZUKI,Male,Going ahead other,Motorcycle ,Front,608,9
2011,59,5,Urban area,Kerb,Lamp post,Leaving roundabout,RENAULT,Female,Going ahead other,Car,Front,496,5
2011,25,6,Urban area,Central island of roundabout,Tree,Entering roundabout,JAGUAR,Male,Going ahead other,Car,Front,447,5
2011,56,6,Urban area,Kerb,Other permanent object,Mid Junction - on roundabout or on main road,LAND ROVER,Male,Going ahead other,Car,Front,187,3
2011,65,15,Urban area,Bollard or refuge,Other permanent object,Not at or within 20 metres of junction,TOYOTA,Male,Going ahead right-hand bend,Car,Front,709,1
2011,36,5,Urban area,Kerb,Central crash barrier,Not at or within 20 metres of junction,FORD,Male,Going ahead other,Car,Front,575,10
2011,71,4,Urban area,Bollard or refuge,Near/Offside crash barrier,Not at or within 20 metres of junction,FORD,Male,Going ahead other,Van / Goods ,Front,736,11
2011,71,7,Urban area,Bollard or refuge,Road sign or traffic signal,Leaving roundabout,SKODA,Female,Going ahead left-hand bend,Car,Front,511,7
2011,53,10,Urban area,Kerb,Other permanent object,Mid Junction - on roundabout or on main road,FIAT,Female,Going ahead other,Car,Offside,784,1
2011,58,10,Urban area,Kerb,Road sign or traffic signal,Mid Junction - on roundabout or on main road,TOYOTA,Male,Going ahead other,Car,Nearside,709,11
2011,80,4,Urban area,Kerb,Other permanent object,Approaching junction or waiting/parked at junction approach,RENAULT,Male,Going ahead right-hand bend,Car,Front,280,10
2011,79,10,Urban area,Bollard or refuge,Other permanent object,Not at or within 20 metres of junction,PEUGEOT,Female,Going ahead other,Car,Front,725,11
2011,79,10,Urban area,Kerb,Lamp post,Not at or within 20 metres of junction,PEUGEOT,Male,Going ahead other,Taxi/Private hire car,Offside,384,11
2011,24,3,Urban area,Kerb,Central crash barrier,Not at or within 20 metres of junction,PEUGEOT,Female,Going ahead left-hand bend,Car,Front,388,9
2011,71,1,Urban area,Bollard or refuge,Near/Offside crash barrier,Not at or within 20 metres of junction,FORD,Male,Changing lane to right,Car,Offside,199,8
2011,75,13,Urban area,Bollard or refuge,Near/Offside crash barrier,Not at or within 20 metres of junction,PEUGEOT,Female,Changing lane to left,Car,Nearside,562,5
2011,78,2,Urban area,Kerb,Entered ditch,Cleared junction or waiting/parked at junction exit,CHEVROLET,Female,Going ahead right-hand bend,Car,Front,677,3
2011,58,1,Urban area,Kerb,Tree,Mid Junction - on roundabout or on main road,PEUGEOT,Male,Going ahead other,Car,Front,356,3
2011,55,3,Urban area,Kerb,Other permanent object,Cleared junction or waiting/parked at junction exit,VOLKSWAGEN,Male,Going ahead other,Car,Nearside,320,12
2011,27,9,Urban area,Kerb,Tree,Cleared junction or waiting/parked at junction exit,FORD,Male,Overtaking moving vehicle - offside,Car,Nearside,317,1
2011,30,6,Urban area,Kerb,Road sign or traffic signal,Not at or within 20 metres of junction,FORD,Male,Going ahead other,Car,Front,542,12
2011,44,16,Urban area,Kerb,Tree,Not at or within 20 metres of junction,SUBARU,Male,Going ahead other,Car,Front,178,12
2011,24,5,Urban area,Bollard or refuge,Central crash barrier,Mid Junction - on roundabout or on main road,FORD,Male,Going ahead other,Van / Goods ,Nearside,756,9
2011,45,4,Urban area,Kerb,Other permanent object,Not at or within 20 metres of junction,NISSAN,Male,Going ahead right-hand bend,Van / Goods ,Front,634,8
2011,47,8,Urban area,Kerb,Other permanent object,Not at or within 20 metres of junction,MERCEDES,Male,Going ahead right-hand bend,Car,Front,542,2
2011,31,3,Urban area,Kerb,Lamp post,Entering main road,PORSCHE,Male,Slowing or stopping,Car,Front,550,3
2011,73,7,Urban area,Kerb,Tree,Mid Junction - on roundabout or on main road,FIAT,Female,Going ahead other,Car,Offside,492,10
2011,48,8,Urban area,Kerb,Other permanent object,Not at or within 20 metres of junction,RENAULT,Male,Going ahead other,Car,Front,546,5
2011,76,7,Urban area,Kerb,Other permanent object,Not at or within 20 metres of junction,VOLKSWAGEN,Male,Going ahead other,Car,Front,440,9
2011,79,13,Urban area,Bollard or refuge,Tree,Not at or within 20 metres of junction,VOLKSWAGEN,Male,Going ahead other,Car,Front,257,2
2011,63,4,Urban area,Kerb,Other permanent object,Not at or within 20 metres of junction,PEUGEOT,Male,Going ahead right-hand bend,Car,Front,524,5
2011,49,5,Urban area,Kerb,Other permanent object,Mid Junction - on roundabout or on main road,TOYOTA,Female,Going ahead other,Car,Nearside,459,6
2011,64,11,Urban area,Parked vehicle,Tree,Not at or within 20 metres of junction,SAAB,Male,Going ahead right-hand bend,Car,Back,419,7
2011,35,10,Urban area,Parked vehicle,Lamp post,Not at or within 20 metres of junction,MERCEDES,Male,Going ahead right-hand bend,Car,Front,491,7
2011,70,8,Urban area,Kerb,Lamp post,Not at or within 20 metres of junction,VOLKSWAGEN,Male,Going ahead other,Car,Nearside,167,0
2011,67,17,Urban area,Kerb,Tree,Not at or within 20 metres of junction,TOYOTA,Male,Going ahead other,Car,Front,472,9
2011,47,8,Urban area,Kerb,Tree,Mid Junction - on roundabout or on main road,FORD,Female,Going ahead other,Car,Front,626,9
2011,74,13,Urban area,Kerb,Road sign or traffic signal,Mid Junction - on roundabout or on main road,HYUNDAI,Female,Turning right,Car,Nearside,323,4
2011,35,13,Urban area,Kerb,Lamp post,Cleared junction or waiting/parked at junction exit,MERCEDES,Male,Going ahead other,Car,Front,302,2
2011,22,4,Urban area,Kerb,Lamp post,Not at or within 20 metres of junction,FIAT,Male,Going ahead other,Car,Front,486,1
2011,35,1,Urban area,Kerb,Lamp post,Not at or within 20 metres of junction,SUZUKI,Male,Turning right,Motorcycle ,Front,398,1
2011,80,6,Urban area,Kerb,Other permanent object,Mid Junction - on roundabout or on main road,CITROEN,Female,Moving off,Car,Nearside,353,11
2011,59,7,Urban area,Kerb,Other permanent object,Mid Junction - on roundabout or on main road,FORD,Female,Going ahead other,Car,Front,516,8
2011,35,3,Urban area,Kerb,Other permanent object,Mid Junction - on roundabout or on main road,FORD,Male,Going ahead other,Van / Goods ,Nearside,324,1
2011,26,10,Urban area,Central island of roundabout,Road sign or traffic signal,Mid Junction - on roundabout or on main road,MAZDA,Female,Going ahead other,Car,Nearside,586,4
2011,75,12,Urban area,Kerb,Other permanent object,Not at or within 20 metres of junction,VOLKSWAGEN,Male,Overtaking moving vehicle - offside,Car,Front,701,2
2011,28,9,Urban area,Kerb,Other permanent object,Not at or within 20 metres of junction,CITROEN,Male,Going ahead left-hand bend,Van / Goods ,Front,540,7
2011,37,10,Urban area,Kerb,Other permanent object,Approaching junction or waiting/parked at junction approach,LEXUS,Male,Moving off,Car,Offside,148,2
2011,53,10,Urban area,Kerb,Tree,Entering roundabout,NISSAN,Male,Turning left,Car,Front,584,4
2011,40,13,Urban area,Kerb,Other permanent object,Mid Junction - on roundabout or on main road,SUZUKI,Male,Going ahead other,Motorcycle ,Front,125,0
2011,46,8,Urban area,Kerb,Other permanent object,Approaching junction or waiting/parked at junction approach,NISSAN,Female,Turning right,Car,Back,705,10
2011,52,1,Urban area,Parked vehicle,Other permanent object,Not at or within 20 metres of junction,HYUNDAI,Male,Going ahead other,Car,Nearside,379,1
2011,54,5,Urban area,Kerb,Other permanent object,Mid Junction - on roundabout or on main road,PEUGEOT,Female,Going ahead other,Car,Front,498,2
2011,76,12,Urban area,Bollard or refuge,Other permanent object,Not at or within 20 metres of junction,BMW,Male,Going ahead other,Car,Front,223,6
2011,61,8,Urban area,Kerb,Lamp post,Approaching junction or waiting/parked at junction approach,RENAULT,Male,Going ahead other,Car,Front,639,12
2011,42,14,Urban area,Kerb,Other permanent object,Cleared junction or waiting/parked at junction exit,BMW,Male,Going ahead other,Car,Front,186,7
2011,44,14,Urban area,Kerb,Road sign or traffic signal,Mid Junction - on roundabout or on main road,VOLKSWAGEN,Female,Going ahead other,Car,Front,578,8
2011,55,10,Urban area,Kerb,Lamp post,Mid Junction - on roundabout or on main road,PEUGEOT,Male,Going ahead other,Car,Back,459,1
2011,36,4,Urban area,Bollard or refuge,Central crash barrier,Not at or within 20 metres of junction,BMW,Male,Going ahead other,Car,Front,607,9
2011,55,7,Urban area,Kerb,Tree,Not at or within 20 metres of junction,FORD,Male,Going ahead left-hand bend,Car,Front,186,8
2011,52,2,Urban area,Bollard or refuge,Central crash barrier,Mid Junction - on roundabout or on main road,ALFA ROMEO,Male,Going ahead other,Car,Front,526,9
2011,17,11,Urban area,Parked vehicle,Lamp post,Not at or within 20 metres of junction,ROVER,Male,Overtaking static vehicle - offside,Car,Front,308,5
2011,68,11,Urban area,Kerb,Road sign or traffic signal,Cleared junction or waiting/parked at junction exit,ROVER,Male,Going ahead other,Car,Offside,775,0
2011,26,12,Urban area,Kerb,Lamp post,Cleared junction or waiting/parked at junction exit,AUDI,Male,Going ahead left-hand bend,Car,Offside,411,11
2011,68,3,Urban area,Kerb,Lamp post,Approaching junction or waiting/parked at junction approach,MERCEDES,Male,Going ahead other,Van / Goods ,Front,227,7
2011,43,11,Urban area,Kerb,Lamp post,Not at or within 20 metres of junction,VOLKSWAGEN,Male,U-turn,Car,Nearside,717,9
2011,51,12,Small town,Kerb,Tree,Mid Junction - on roundabout or on main road,PEUGEOT,Male,Going ahead other,Car,Offside,656,10
2011,37,21,Urban area,Kerb,Lamp post,Not at or within 20 metres of junction,HONDA,Male,Going ahead right-hand bend,Car,Front,250,4
2011,40,3,Urban area,Kerb,Lamp post,Not at or within 20 metres of junction,PEUGEOT,Male,Going ahead other,Car,Front,686,1
2011,73,6,Urban area,Kerb,Other permanent object,Not at or within 20 metres of junction,RENAULT,Male,Going ahead other,Car,Front,179,7
2011,30,6,Urban area,Kerb,Lamp post,Not at or within 20 metres of junction,SKODA,Female,Going ahead other,Car,Front,425,3
2011,51,9,Urban area,Kerb,Lamp post,Mid Junction - on roundabout or on main road,FIAT,Male,Going ahead other,Car,Nearside,337,8
2011,23,1,Urban area,Kerb,Other permanent object,Mid Junction - on roundabout or on main road,FORD,Female,Going ahead other,Car,Front,472,9
2011,55,7,Urban area,Central island of roundabout,Lamp post,Entering roundabout,TOYOTA,Male,Going ahead other,Car,Front,430,12
2011,71,3,Urban area,Kerb,Lamp post,Entering main road,FORD,Female,Going ahead other,Car,Offside,274,7
2011,50,12,Rural,Kerb,Central crash barrier,Approaching junction or waiting/parked at junction approach,ROVER,Male,Waiting to go - held up,Car,Back,746,8
2011,61,10,Urban area,Kerb,Lamp post,Mid Junction - on roundabout or on main road,CITROEN,Female,Going ahead other,Car,Offside,470,2
2011,60,8,Urban area,Bollard or refuge,Other permanent object,Leaving main road,FORD,Female,Turning right,Car,Nearside,792,8
2011,77,6,Urban area,Kerb,Tree,Not at or within 20 metres of junction,VOLKSWAGEN,Male,Going ahead other,Car,Front,375,2
2011,30,10,Urban area,Kerb,Other permanent object,Not at or within 20 metres of junction,FORD,Male,Going ahead other,Car,Front,279,5
2011,62,6,Urban area,Kerb,Lamp post,Mid Junction - on roundabout or on main road,RENAULT,Male,Going ahead other,Car,Front,401,3
2011,28,6,Urban area,Bollard or refuge,Tree,Cleared junction or waiting/parked at junction exit,NISSAN,Male,Going ahead other,Car,Front,568,3
2011,79,15,Urban area,Kerb,Other permanent object,Entering main road,TOYOTA,Female,Reversing,Car,Back,416,11
2011,60,4,Urban area,Parked vehicle,Other permanent object,Not at or within 20 metres of junction,KIA,Male,Going ahead right-hand bend,Car,Front,800,7
2011,59,14,Urban area,Kerb,Near/Offside crash barrier,Mid Junction - on roundabout or on main road,PEUGEOT,Male,Going ahead other,Car,Offside,189,8
2011,30,7,Urban area,Kerb,Near/Offside crash barrier,Approaching junction or waiting/parked at junction approach,CITROEN,Male,Going ahead other,Car,Nearside,634,11
2011,46,10,Urban area,Bollard or refuge,Near/Offside crash barrier,Mid Junction - on roundabout or on main road,ALFA ROMEO,Male,Going ahead other,Car,Front,573,8
2011,21,14,Urban area,Parked vehicle,Tree,Not at or within 20 metres of junction,BMW,Male,Going ahead other,Car,Front,260,2
2011,78,10,Urban area,Kerb,Lamp post,Not at or within 20 metres of junction,ROVER,Female,Going ahead other,Car,Front,318,2
2011,62,8,Urban area,Bollard or refuge,Other permanent object,Cleared junction or waiting/parked at junction exit,MERCEDES,Male,Going ahead other,Taxi/Private hire car,Nearside,768,10
2011,50,15,Urban area,Kerb,Other permanent object,Not at or within 20 metres of junction,BMW,Male,Going ahead other,Car,Front,522,5
2011,53,8,Urban area,Kerb,Near/Offside crash barrier,Leaving roundabout,NISSAN,Female,Going ahead other,Car,Front,337,7
2011,36,9,Urban area,Kerb,Lamp post,Leaving roundabout,RENAULT,Male,Going ahead other,Car,Offside,450,10
2011,49,4,Urban area,Kerb,Other permanent object,Entering main road,MAZDA,Male,Moving off,Taxi/Private hire car,Front,176,12
2011,70,9,Urban area,Kerb,Other permanent object,Mid Junction - on roundabout or on main road,PEUGEOT,Female,Going ahead other,Car,Nearside,195,0
2011,21,10,Urban area,Parked vehicle,Other permanent object,Mid Junction - on roundabout or on main road,FIAT,Female,Going ahead other,Car,Nearside,685,8
2011,69,3,Urban area,Kerb,Lamp post,Leaving roundabout,VOLKSWAGEN,Male,Changing lane to left,Van / Goods ,Front,700,9
2011,25,5,Urban area,Kerb,Other permanent object,Approaching junction or waiting/parked at junction approach,VOLKSWAGEN,Male,Going ahead other,Car,Offside,397,12
2011,22,15,Urban area,Kerb,Near/Offside crash barrier,Leaving roundabout,BMW,Male,Going ahead left-hand bend,Car,Offside,105,3
2011,64,8,Urban area,Kerb,Bus stop or bus shelter,Not at or within 20 metres of junction,RENAULT,Male,Going ahead other,Car,Nearside,535,10
2011,71,10,Urban area,Bollard or refuge,Lamp post,Mid Junction - on roundabout or on main road,VOLKSWAGEN,Female,Going ahead other,Car,Nearside,550,0
2011,50,8,Urban area,Bollard or refuge,Road sign or traffic signal,Leaving roundabout,TOYOTA,Female,Going ahead other,Car,Offside,330,12
2011,70,14,Urban area,Kerb,Lamp post,Approaching junction or waiting/parked at junction approach,VOLKSWAGEN,Male,Going ahead other,Car,Front,628,9
2011,65,8,Urban area,Kerb,Tree,Mid Junction - on roundabout or on main road,SKODA,Male,Going ahead other,Car,Front,395,4
2011,17,9,Urban area,Kerb,Telegraph or electricity pole,Not at or within 20 metres of junction,TOYOTA,Female,Going ahead other,Car,Nearside,208,12
2011,62,6,Urban area,Kerb,Other permanent object,Mid Junction - on roundabout or on main road,AUDI,Male,Going ahead other,Car,Nearside,232,9
2011,52,1,Urban area,Kerb,Other permanent object,Mid Junction - on roundabout or on main road,FIAT,Male,Waiting to turn right,Car,Front,788,1
2011,74,10,Urban area,Kerb,Other permanent object,Not at or within 20 metres of junction,FORD,Male,Going ahead other,Car,Front,310,9
2011,59,8,Urban area,Kerb,Road sign or traffic signal,Leaving main road,MERCEDES,Female,Turning right,Car,Nearside,737,2
2011,42,2,Urban area,Bollard or refuge,Lamp post,Mid Junction - on roundabout or on main road,VOLKSWAGEN,Male,Going ahead other,Car,Front,415,3
2011,49,3,Urban area,Kerb,Other permanent object,Approaching junction or waiting/parked at junction approach,RENAULT,Male,Overtaking - nearside,Car,Front,783,8
2011,22,7,Urban area,Kerb,Other permanent object,Leaving roundabout,FIAT,Female,Turning left,Car,Nearside,243,5
2011,56,19,Urban area,Kerb,Lamp post,Approaching junction or waiting/parked at junction approach,MERCEDES,Male,Going ahead other,Car,Front,466,8
2011,47,14,Urban area,Kerb,Road sign or traffic signal,Mid Junction - on roundabout or on main road,ROVER,Male,Going ahead other,Car,Front,552,10
2011,50,15,Urban area,Kerb,Lamp post,Leaving roundabout,VOLKSWAGEN,Male,Going ahead other,Car,Front,287,12
2011,18,6,Urban area,Kerb,Other permanent object,Not at or within 20 metres of junction,HONDA,Male,Going ahead left-hand bend,Car,Front,338,7
2011,74,4,Urban area,Kerb,Near/Offside crash barrier,Mid Junction - on roundabout or on main road,BMW,Male,Going ahead other,Car,Offside,642,5
2011,49,10,Urban area,Kerb,Road sign or traffic signal,Approaching junction or waiting/parked at junction approach,FORD,Male,Overtaking moving vehicle - offside,Car,Front,309,2
2011,57,4,Urban area,Kerb,Lamp post,Leaving main road,PEUGEOT,Male,Turning left,Car,Nearside,388,11
2011,69,7,Urban area,Bollard or refuge,Road sign or traffic signal,Mid Junction - on roundabout or on main road,PEUGEOT,Male,Going ahead other,Car,Front,753,4
2011,24,7,Urban area,Bollard or refuge,Road sign or traffic signal,Mid Junction - on roundabout or on main road,TOYOTA,Male,Going ahead other,Taxi/Private hire car,Nearside,266,0
2011,48,10,Urban area,Kerb,Lamp post,Not at or within 20 metres of junction,FORD,Female,Going ahead right-hand bend,Car,Back,789,1
2011,45,13,Urban area,Kerb,Telegraph or electricity pole,Not at or within 20 metres of junction,VOLKSWAGEN,Male,Going ahead other,Car,Front,792,3
2011,77,10,Urban area,Kerb,Road sign or traffic signal,Mid Junction - on roundabout or on main road,FIAT,Male,Going ahead other,Car,Back,202,2
2011,52,13,Urban area,Kerb,Road sign or traffic signal,Not at or within 20 metres of junction,BMW,Male,Going ahead other,Car,Front,471,8
2011,47,9,Urban area,Bollard or refuge,Central crash barrier,Not at or within 20 metres of junction,VOLVO,Male,Going ahead other,Car,Back,767,9
2011,60,5,Urban area,Bollard or refuge,Near/Offside crash barrier,Not at or within 20 metres of junction,FORD,Male,Overtaking moving vehicle - offside,Car,Back,442,8
2011,25,23,Urban area,Bollard or refuge,Central crash barrier,Not at or within 20 metres of junction,AUDI,Male,Waiting to go - held up,Car,Back,321,5
2011,34,10,Urban area,Bollard or refuge,Near/Offside crash barrier,Not at or within 20 metres of junction,PEUGEOT,Male,Changing lane to right,Car,Back,468,11
2011,32,9,Urban area,Other object,Near/Offside crash barrier,Not at or within 20 metres of junction,CITROEN,Male,Going ahead other,Car,Front,269,8
2011,71,9,Urban area,Bollard or refuge,Central crash barrier,Not at or within 20 metres of junction,RENAULT,Female,Going ahead other,Car,Nearside,153,7
2011,54,4,Urban area,Kerb,Near/Offside crash barrier,Not at or within 20 metres of junction,RENAULT,Male,Slowing or stopping,Car,Back,394,11
2011,64,13,Urban area,Bollard or refuge,Near/Offside crash barrier,Not at or within 20 metres of junction,MAZDA,Female,Going ahead other,Car,Offside,320,12
2011,40,12,Urban area,Bollard or refuge,Near/Offside crash barrier,Not at or within 20 metres of junction,VOLVO,Male,Slowing or stopping,Car,Offside,500,4
2011,66,8,Urban area,Bollard or refuge,Central crash barrier,Not at or within 20 metres of junction,FORD,Male,Going ahead other,Van / Goods ,Front,301,9
2011,57,9,Urban area,Kerb,Other permanent object,Entering from slip road,TOYOTA,Female,Changing lane to left,Car,Front,188,6
2011,64,1,Urban area,Kerb,Other permanent object,Not at or within 20 metres of junction,PEUGEOT,Male,Going ahead right-hand bend,Car,Front,187,9
2011,40,8,Urban area,Kerb,Other permanent object,Approaching junction or waiting/parked at junction approach,MERCEDES,Male,Going ahead right-hand bend,Car,Front,665,4
2011,63,8,Rural,Kerb,Other permanent object,Not at or within 20 metres of junction,VOLKSWAGEN,Male,Going ahead left-hand bend,Car,Front,171,6
2011,74,10,Urban area,Kerb,Lamp post,Not at or within 20 metres of junction,PEUGEOT,Male,Going ahead other,Car,Front,381,11
2011,57,13,Urban area,Kerb,Other permanent object,Not at or within 20 metres of junction,BMW,Male,Going ahead other,Car,Front,348,2
2011,18,5,Small town,Kerb,Tree,Not at or within 20 metres of junction,HONDA,Male,Going ahead other,Car,Offside,656,9
2011,44,13,Urban area,Kerb,Telegraph or electricity pole,Not at or within 20 metres of junction,PEUGEOT,Male,Going ahead right-hand bend,Car,Front,318,7
2011,73,19,Rural,Kerb,Tree,Not at or within 20 metres of junction,PORSCHE,Male,Going ahead right-hand bend,Car,Front,538,12
2011,63,11,Urban area,Central island of roundabout,Lamp post,Entering roundabout,FIAT,Male,Going ahead other,Car,Front,495,8
2011,60,4,Urban area,Kerb,Entered ditch,Not at or within 20 metres of junction,FIAT,Male,Going ahead right-hand bend,Car,Front,145,11
2011,61,7,Urban area,Kerb,Lamp post,Approaching junction or waiting/parked at junction approach,RENAULT,Male,Going ahead right-hand bend,Car,Front,548,12
2011,55,10,Urban area,Kerb,Other permanent object,Mid Junction - on roundabout or on main road,VOLVO,Male,Slowing or stopping,Car,Front,191,3
2011,59,5,Urban area,Kerb,Lamp post,Mid Junction - on roundabout or on main road,MAZDA,Male,Going ahead other,Car,Front,380,2
2011,49,11,Urban area,Kerb,Other permanent object,Not at or within 20 metres of junction,ROVER,Male,Going ahead right-hand bend,Car,Front,436,2
2011,77,5,Urban area,Central island of roundabout,Road sign or traffic signal,Approaching junction or waiting/parked at junction approach,FIAT,Male,Going ahead left-hand bend,Car,Did not impact,186,7
2011,42,4,Small town,Kerb,Tree,Not at or within 20 metres of junction,FIAT,Male,Going ahead right-hand bend,Car,Front,597,4
2011,67,6,Urban area,Kerb,Other permanent object,Leaving roundabout,FORD,Female,Going ahead other,Van / Goods ,Front,400,12
2011,30,8,Urban area,Kerb,Lamp post,Entering roundabout,RENAULT,Male,Going ahead other,Car,Did not impact,480,11
2011,69,11,Rural,Kerb,Other permanent object,Not at or within 20 metres of junction,SKODA,Male,Going ahead right-hand bend,Car,Front,595,2
2011,34,6,Small town,Kerb,Other permanent object,Not at or within 20 metres of junction,FIAT,Male,Overtaking moving vehicle - offside,Car,Front,723,3
2011,64,12,Urban area,Bollard or refuge,Central crash barrier,Approaching junction or waiting/parked at junction approach,RENAULT,Female,Going ahead other,Car,Front,758,6
2011,18,6,Urban area,Kerb,Other permanent object,Not at or within 20 metres of junction,FORD,Female,Going ahead other,Car,Front,722,12
2011,24,16,Urban area,Kerb,Lamp post,Leaving roundabout,RENAULT,Male,Going ahead other,Car,Front,397,12
2011,44,9,Urban area,Kerb,Other permanent object,Not at or within 20 metres of junction,TOYOTA,Female,Going ahead other,Car,Front,722,11
2011,65,11,Urban area,Kerb,Other permanent object,Not at or within 20 metres of junction,CITROEN,Female,Going ahead left-hand bend,Car,Front,688,0
2011,23,3,Urban area,Bollard or refuge,Lamp post,Mid Junction - on roundabout or on main road,AUDI,Male,Going ahead other,Car,Front,666,3
2011,52,4,Rural,Kerb,Road sign or traffic signal,Not at or within 20 metres of junction,PEUGEOT,Male,Going ahead right-hand bend,Car,Back,110,4
2011,56,2,Urban area,Kerb,Lamp post,Mid Junction - on roundabout or on main road,BMW,Female,Going ahead right-hand bend,Car,Front,701,4
2011,53,10,Urban area,Kerb,Lamp post,Not at or within 20 metres of junction,CITROEN,Male,Going ahead other,Car,Front,268,5
2011,37,3,Urban area,Kerb,Road sign or traffic signal,Not at or within 20 metres of junction,RENAULT,Male,Going ahead left-hand bend,Car,Front,260,3
2011,42,9,Urban area,Kerb,Near/Offside crash barrier,Mid Junction - on roundabout or on main road,HONDA,Male,Going ahead other,Car,Front,486,0
2011,55,7,Urban area,Kerb,Other permanent object,Mid Junction - on roundabout or on main road,FORD,Female,Moving off,Car,Offside,372,10
2011,48,7,Urban area,Kerb,Other permanent object,Not at or within 20 metres of junction,RENAULT,Female,Going ahead left-hand bend,Car,Front,724,9
2011,50,7,Urban area,Kerb,Near/Offside crash barrier,Not at or within 20 metres of junction,RENAULT,Male,Going ahead left-hand bend,Car,Front,133,8
2011,78,9,Urban area,Kerb,Other permanent object,Not at or within 20 metres of junction,PEUGEOT,Female,Going ahead right-hand bend,Car,Nearside,390,4
2011,22,6,Urban area,Kerb,Central crash barrier,Leaving roundabout,MITSUBISHI,Male,Going ahead other,Car,Front,103,3
2011,42,10,Urban area,Parked vehicle,Other permanent object,Cleared junction or waiting/parked at junction exit,CITROEN,Male,Going ahead other,Car,Front,741,10
2011,72,12,Urban area,Kerb,Road sign or traffic signal,Entering main road,FORD,Male,Going ahead other,Car,Front,626,6
2011,42,5,Urban area,Kerb,Lamp post,Entering roundabout,CHRYSLER,Female,Going ahead other,Car,Front,695,11
2011,60,11,Rural,Kerb,Other permanent object,Not at or within 20 metres of junction,RENAULT,Male,Going ahead other,Car,Nearside,589,8
2011,35,9,Urban area,Kerb,Other permanent object,Not at or within 20 metres of junction,MINI,Male,Going ahead right-hand bend,Car,Front,404,4
2011,22,14,Urban area,Bollard or refuge,Lamp post,Not at or within 20 metres of junction,VOLKSWAGEN,Male,Going ahead left-hand bend,Car,Front,563,8
2011,64,11,Urban area,Bollard or refuge,Road sign or traffic signal,Entering main road,ALFA ROMEO,Male,Turning right,Car,Front,200,10
2011,53,8,Urban area,Kerb,Other permanent object,Cleared junction or waiting/parked at junction exit,HONDA,Male,Going ahead right-hand bend,Car,Front,240,2
2011,54,9,Urban area,Kerb,Lamp post,Entering main road,JAGUAR,Male,Moving off,Car,Front,302,8
2011,44,20,Small town,Kerb,Other permanent object,Mid Junction - on roundabout or on main road,ISUZU,Male,Going ahead right-hand bend,Car,Nearside,331,0
2011,78,4,Rural,Bollard or refuge,Tree,Not at or within 20 metres of junction,NISSAN,Male,Going ahead other,Van / Goods ,Front,197,7
2011,46,10,Urban area,Kerb,Lamp post,Not at or within 20 metres of junction,BMW,Male,Going ahead right-hand bend,Car,Front,309,12
2011,32,15,Urban area,Kerb,Other permanent object,Approaching junction or waiting/parked at junction approach,SUBARU,Male,Going ahead right-hand bend,Car,Front,286,0
2011,65,12,Rural,Kerb,Tree,Mid Junction - on roundabout or on main road,MITSUBISHI,Male,Going ahead other,Car,Front,510,0
2011,71,11,Rural,Central island of roundabout,Road sign or traffic signal,Mid Junction - on roundabout or on main road,VOLKSWAGEN,Female,Turning right,Car,Front,154,10
2011,28,9,Urban area,Kerb,Tree,Not at or within 20 metres of junction,PEUGEOT,Female,Going ahead right-hand bend,Car,Offside,641,4
2011,79,12,Urban area,Kerb,Entered ditch,Not at or within 20 metres of junction,VOLKSWAGEN,Male,Overtaking moving vehicle - offside,Car,Nearside,152,2
2011,19,14,Urban area,Kerb,Lamp post,Leaving roundabout,BMW,Male,Turning left,Car,Front,655,6
2011,47,7,Rural,Kerb,Other permanent object,Not at or within 20 metres of junction,HYUNDAI,Male,Going ahead other,Car,Front,454,2
2011,50,1,Urban area,Kerb,Other permanent object,Not at or within 20 metres of junction,FORD,Female,Going ahead other,Car,Front,736,9
2011,35,10,Urban area,Kerb,Other permanent object,Not at or within 20 metres of junction,PEUGEOT,Male,Going ahead right-hand bend,Car,Offside,310,6
2011,48,10,Rural,Kerb,Tree,Not at or within 20 metres of junction,FORD,Female,Going ahead other,Car,Offside,607,8
2011,29,6,Urban area,Kerb,Other permanent object,Not at or within 20 metres of junction,KAWASAKI,Male,Going ahead other,Motorcycle ,Nearside,262,4
2011,34,9,Urban area,Kerb,Other permanent object,Not at or within 20 metres of junction,PEUGEOT,Male,Going ahead other,Car,Front,336,12
2011,56,10,Urban area,Kerb,Other permanent object,Not at or within 20 metres of junction,ROVER,Male,Going ahead other,Car,Front,537,8
2011,32,11,Urban area,Parked vehicle,Central crash barrier,Not at or within 20 metres of junction,FORD,Male,Going ahead other,Car,Front,313,10