Year_N,Age_of_Driver_N,Age_of_Vehicle_N,Accident_Area_Type_C,On_road_object_hit_C,Off_road_object_hit _C,Junction_Location_C,Car_Make_C,Driver_Sex_C,Vehicle_Manoeuvre_C,Vehicle_Type_C,Point_of_Impact_C,Cost_of_Incident_N,Weeks_to_Repair_N
2011,74,9,Rural,Kerb,Other permanent object,Approaching junction or waiting/parked at junction approach,AUDI,Male,Going ahead other,Car,Front,671,7
2011,76,10,Urban area,Kerb,Road sign or traffic signal,Approaching junction or waiting/parked at junction approach,CITROEN,Male,Going ahead other,Car,Nearside,294,10
2011,45,7,Rural,Kerb,Road sign or traffic signal,Not at or within 20 metres of junction,FORD,Female,Going ahead other,Car,Nearside,639,9
2011,33,3,Urban area,Bollard or refuge,Central crash barrier,Not at or within 20 metres of junction,VOLKSWAGEN,Male,Going ahead other,Car,Offside,179,7
2011,28,9,Urban area,Kerb,Entered ditch,Not at or within 20 metres of junction,SKODA,Male,Going ahead other,Car,Offside,362,0
2011,40,10,Rural,Parked vehicle,Central crash barrier,Not at or within 20 metres of junction,CITROEN,Female,Going ahead other,Car,Front,567,6
2011,36,10,Urban area,Kerb,Tree,Mid Junction - on roundabout or on main road,FORD,Female,Going ahead other,Car,Front,745,5
2011,38,8,Urban area,Bridge (side),Other permanent object,Not at or within 20 metres of junction,CITROEN,Male,Going ahead other,Car,Offside,743,6
2011,70,8,Urban area,Bollard or refuge,Near/Offside crash barrier,Not at or within 20 metres of junction,FORD,Female,Going ahead right-hand bend,Car,Front,131,2
2011,42,13,Urban area,Kerb,Other permanent object,Approaching junction or waiting/parked at junction approach,YAMAHA,Male,Going ahead other,Motorcycle ,Did not impact,289,10
2011,20,4,Urban area,Bollard or refuge,Road sign or traffic signal,Not at or within 20 metres of junction,HONDA,Female,Going ahead other,Car,Nearside,411,11
2011,71,12,Rural,Bollard or refuge,Central crash barrier,Not at or within 20 metres of junction,PEUGEOT,Male,Going ahead other,Car,Nearside,662,2
2011,20,6,Small town,Any animal (except ridden horse),Tree,Not at or within 20 metres of junction,LAND ROVER,Male,Going ahead other,Car,Front,481,0
2011,39,3,Urban area,Bollard or refuge,Other permanent object,Not at or within 20 metres of junction,FORD,Male,Going ahead other,Car,Back,396,0
2011,44,4,Urban area,Bollard or refuge,Central crash barrier,Not at or within 20 metres of junction,MITSUBISHI,Female,Going ahead other,Car,Front,640,8
2011,50,7,Urban area,Bollard or refuge,Road sign or traffic signal,Mid Junction - on roundabout or on main road,FORD,Female,Going ahead other,Car,Offside,207,3
2011,37,10,Rural,Kerb,Other permanent object,Not at or within 20 metres of junction,PEUGEOT,Female,Going ahead other,Car,Front,202,10
2011,60,7,Urban area,Kerb,Road sign or traffic signal,Approaching junction or waiting/parked at junction approach,AUDI,Male,Going ahead other,Car,Front,243,12
2011,23,15,Rural,Kerb,Road sign or traffic signal,Approaching junction or waiting/parked at junction approach,BMW,Male,Going ahead left-hand bend,Car,Front,148,12
2011,34,7,Urban area,Parked vehicle,Lamp post,Not at or within 20 metres of junction,FORD,Male,Going ahead right-hand bend,Minibus,Front,206,2
2011,71,11,Urban area,Kerb,Other permanent object,Not at or within 20 metres of junction,ROVER,Female,Going ahead right-hand bend,Car,Nearside,179,7
2011,48,3,Urban area,Kerb,Tree,Not at or within 20 metres of junction,FORD,Male,Going ahead other,Car,Front,448,1
2011,33,6,Urban area,Kerb,Lamp post,Cleared junction or waiting/parked at junction exit,FORD,Male,Going ahead left-hand bend,Car,Offside,762,0
2011,43,14,Urban area,Road works,Near/Offside crash barrier,Not at or within 20 metres of junction,FORD,Male,Slowing or stopping,Car,Front,162,6
2011,29,8,Urban area,Bollard or refuge,Other permanent object,Mid Junction - on roundabout or on main road,PEUGEOT,Male,Going ahead other,Car,Front,571,8
2011,33,5,Urban area,Kerb,Road sign or traffic signal,Not at or within 20 metres of junction,FORD,Male,Going ahead other,Car,Front,688,12
2011,48,5,Rural,Central island of roundabout,Other permanent object,Mid Junction - on roundabout or on main road,AUDI,Male,Going ahead right-hand bend,Car,Back,755,7
2011,45,14,Urban area,Road works,Central crash barrier,Not at or within 20 metres of junction,PEUGEOT,Male,Going ahead other,Car,Front,205,6
2011,77,5,Urban area,Kerb,Tree,Not at or within 20 metres of junction,FORD,Male,Going ahead right-hand bend,Car,Front,107,10
2011,25,19,Urban area,Kerb,Other permanent object,Approaching junction or waiting/parked at junction approach,FORD,Male,Going ahead other,Car,Front,695,2
2011,75,6,Urban area,Bollard or refuge,Road sign or traffic signal,Leaving main road,JAGUAR,Male,Turning right,Car,Nearside,358,9
2011,53,7,Small town,Bollard or refuge,Road sign or traffic signal,Not at or within 20 metres of junction,HYUNDAI,Female,Going ahead other,Car,Front,596,12
2011,75,6,Urban area,Central island of roundabout,Tree,Mid Junction - on roundabout or on main road,FORD,Male,Going ahead left-hand bend,Car,Front,256,8
2011,40,5,Urban area,Any animal (except ridden horse),Road sign or traffic signal,Not at or within 20 metres of junction,MINI,Male,Going ahead other,Car,Front,676,12
2011,44,17,Small town,Bollard or refuge,Road sign or traffic signal,Not at or within 20 metres of junction,FIAT,Male,Going ahead other,Car,Front,584,4
2011,75,10,Urban area,Central island of roundabout,Tree,Entering roundabout,ROVER,Male,Going ahead other,Car,Front,554,6
2011,59,8,Urban area,Bollard or refuge,Other permanent object,Mid Junction - on roundabout or on main road,ROVER,Male,Going ahead other,Car,Front,386,2
2011,32,11,Urban area,Kerb,Entered ditch,Not at or within 20 metres of junction,HYUNDAI,Female,Going ahead right-hand bend,Car,Nearside,550,8
2011,69,12,Urban area,Kerb,Road sign or traffic signal,Approaching junction or waiting/parked at junction approach,PEUGEOT,Male,Going ahead other,Car,Front,165,2
2011,68,17,Rural,Kerb,Other permanent object,Not at or within 20 metres of junction,ROVER,Female,Going ahead other,Car,Did not impact,480,11
2011,32,16,Urban area,Kerb,Road sign or traffic signal,Mid Junction - on roundabout or on main road,ROVER,Male,Going ahead right-hand bend,Car,Nearside,479,5
2011,77,3,Urban area,Kerb,Near/Offside crash barrier,Not at or within 20 metres of junction,MINI,Male,Going ahead other,Car,Front,269,12
2011,75,5,Urban area,Bollard or refuge,Central crash barrier,Mid Junction - on roundabout or on main road,VOLKSWAGEN,Male,Turning right,Car,Front,421,11
2011,65,8,Urban area,Kerb,Tree,Not at or within 20 metres of junction,TOYOTA,Female,Moving off,Car,Front,205,8
2011,51,4,Urban area,Central island of roundabout,Tree,Entering roundabout,BMW,Male,Going ahead left-hand bend,Car,Front,238,5
2011,60,9,Urban area,Parked vehicle,Lamp post,Cleared junction or waiting/parked at junction exit,MERCEDES,Male,Turning right,Car,Offside,192,3
2011,77,12,Urban area,Parked vehicle,Central crash barrier,Not at or within 20 metres of junction,BMW,Male,Going ahead other,Car,Front,354,1
2011,38,2,Urban area,Parked vehicle,Other permanent object,Approaching junction or waiting/parked at junction approach,MERCEDES,Male,Going ahead other,Car,Front,486,4
2011,61,2,Urban area,Bollard or refuge,Other permanent object,Not at or within 20 metres of junction,FORD,Male,Going ahead other,Car,Front,517,2
2011,30,3,Urban area,Bollard or refuge,Other permanent object,Approaching junction or waiting/parked at junction approach,VOLKSWAGEN,Male,Going ahead other,Van / Goods ,Front,432,11
2011,49,10,Rural,Kerb,Entered ditch,Not at or within 20 metres of junction,FERRARI,Male,Going ahead other,Car,Front,232,12
2011,73,11,Small town,Kerb,Entered ditch,Not at or within 20 metres of junction,CITROEN,Male,Going ahead other,Car,Front,375,6
2011,78,1,Urban area,Bollard or refuge,Other permanent object,Cleared junction or waiting/parked at junction exit,PEUGEOT,Male,Turning right,Car,Front,774,10
2011,62,13,Urban area,Kerb,Road sign or traffic signal,Mid Junction - on roundabout or on main road,VOLKSWAGEN,Female,Waiting to turn right,Car,Back,413,10
2011,67,10,Urban area,Kerb,Tree,Not at or within 20 metres of junction,FORD,Male,Going ahead other,Car,Front,542,7
2011,63,9,Urban area,Road works,Road sign or traffic signal,Not at or within 20 metres of junction,PEUGEOT,Male,Going ahead other,Car,Front,766,1
2011,30,13,Urban area,Kerb,Other permanent object,Not at or within 20 metres of junction,FIAT,Female,Turning left,Car,Front,416,10
2011,41,13,Urban area,Kerb,Other permanent object,Entering roundabout,VOLKSWAGEN,Female,Turning left,Car,Front,562,4
2011,80,12,Urban area,Kerb,Tree,Not at or within 20 metres of junction,ALFA ROMEO,Male,Going ahead other,Car,Front,781,0
2011,22,8,Urban area,Kerb,Other permanent object,Cleared junction or waiting/parked at junction exit,VOLKSWAGEN,Female,Overtaking moving vehicle - offside,Car,Offside,334,4
2011,56,4,Urban area,Bridge (side),Other permanent object,Not at or within 20 metres of junction,MERCEDES,Female,Going ahead right-hand bend,Car,Front,333,9
2011,69,8,Urban area,Kerb,Other permanent object,Approaching junction or waiting/parked at junction approach,VOLKSWAGEN,Female,Going ahead other,Car,Nearside,246,0
2011,47,7,Urban area,Kerb,Other permanent object,Mid Junction - on roundabout or on main road,RENAULT,Male,Going ahead other,Car,Front,776,7
2011,27,11,Urban area,Kerb,Tree,Entering roundabout,FIAT,Male,Going ahead other,Car,Front,294,5
2011,22,8,Urban area,Kerb,Road sign or traffic signal,Cleared junction or waiting/parked at junction exit,TOYOTA,Male,Going ahead other,Car,Front,226,12
2011,78,10,Urban area,Kerb,Lamp post,Approaching junction or waiting/parked at junction approach,HONDA,Male,Going ahead other,Motorcycle ,Offside,667,10
2011,80,9,Urban area,Bridge (side),Other permanent object,Leaving roundabout,BMW,Male,Going ahead right-hand bend,Car,Front,308,3
2011,67,10,Urban area,Bollard or refuge,Other permanent object,Mid Junction - on roundabout or on main road,VOLKSWAGEN,Male,Going ahead other,Car,Front,435,5
2011,66,11,Rural,Kerb,Tree,Entering roundabout,HONDA,Female,Turning right,Car,Front,490,9
2011,45,8,Urban area,Kerb,Other permanent object,Not at or within 20 metres of junction,PEUGEOT,Male,Going ahead left-hand bend,Car,Nearside,464,3
2011,67,1,Urban area,Other object,Near/Offside crash barrier,Not at or within 20 metres of junction,PEUGEOT,Female,Going ahead other,Car,Front,484,9
2011,37,9,Urban area,Kerb,Entered ditch,Not at or within 20 metres of junction,BMW,Male,Going ahead other,Car,Front,287,6
2011,75,20,Urban area,Bollard or refuge,Tree,Cleared junction or waiting/parked at junction exit,TOYOTA,Female,Going ahead other,Car,Front,599,5
2011,52,13,Urban area,Any animal (except ridden horse),Near/Offside crash barrier,Not at or within 20 metres of junction,RENAULT,Male,Going ahead other,Car,Offside,330,3
2011,46,4,Rural,Kerb,Other permanent object,Cleared junction or waiting/parked at junction exit,CITROEN,Female,Moving off,Car,Front,712,12
2011,63,7,Urban area,Parked vehicle,Other permanent object,Not at or within 20 metres of junction,KIA,Male,Going ahead right-hand bend,Car,Front,242,11
2011,41,8,Rural,Kerb,Tree,Not at or within 20 metres of junction,MINI,Male,Going ahead other,Car,Nearside,676,6
2011,58,15,Urban area,Bollard or refuge,Road sign or traffic signal,Entering roundabout,MERCEDES,Male,Going ahead left-hand bend,Car,Front,665,10
2011,27,6,Urban area,Bollard or refuge,Near/Offside crash barrier,Not at or within 20 metres of junction,RENAULT,Male,Going ahead other,Car,Offside,381,4
2011,61,8,Rural,Kerb,Entered ditch,Not at or within 20 metres of junction,MINI,Male,Going ahead right-hand bend,Car,Nearside,169,6
2011,42,12,Urban area,Kerb,Lamp post,Entering main road,VOLKSWAGEN,Female,Going ahead other,Car,Front,161,2
2011,61,11,Urban area,Kerb,Other permanent object,Leaving roundabout,FORD,Female,Going ahead other,Car,Front,660,8
2011,27,11,Urban area,Kerb,Road sign or traffic signal,Leaving main road,PEUGEOT,Male,Turning right,Car,Front,322,12
2011,23,5,Urban area,Kerb,Road sign or traffic signal,Not at or within 20 metres of junction,FORD,Male,Going ahead right-hand bend,Car,Offside,191,4
2011,44,11,Urban area,Kerb,Other permanent object,Not at or within 20 metres of junction,SAAB,Male,Going ahead left-hand bend,Car,Nearside,181,3
2011,38,11,Small town,Kerb,Entered ditch,Not at or within 20 metres of junction,PEUGEOT,Male,Going ahead other,Car,Nearside,207,12
2011,47,6,Small town,Road works,Near/Offside crash barrier,Not at or within 20 metres of junction,PEUGEOT,Male,Going ahead other,Car,Front,350,11
2011,59,14,Urban area,Kerb,Tree,Approaching junction or waiting/parked at junction approach,FORD,Female,Going ahead right-hand bend,Car,Nearside,501,1
2011,63,6,Urban area,Bridge (side),Other permanent object,Not at or within 20 metres of junction,HONDA,Male,Going ahead other,Car,Back,736,2
2011,69,1,Urban area,Kerb,Tree,Mid Junction - on roundabout or on main road,JAGUAR,Male,Going ahead other,Car,Nearside,580,2
2011,20,6,Urban area,Kerb,Lamp post,Not at or within 20 metres of junction,NISSAN,Female,Going ahead left-hand bend,Car,Front,656,2
2011,26,8,Urban area,Other object,Other permanent object,Not at or within 20 metres of junction,HONDA,Male,Going ahead other,Motorcycle ,Nearside,546,2
2011,64,9,Urban area,Bollard or refuge,Near/Offside crash barrier,Not at or within 20 metres of junction,TOYOTA,Female,Overtaking - nearside,Car,Offside,118,8
2011,78,5,Urban area,Other object,Other permanent object,Entering from slip road,MERCEDES,Female,Turning right,Car,Front,719,0
2011,26,3,Urban area,Kerb,Near/Offside crash barrier,Not at or within 20 metres of junction,PEUGEOT,Male,Going ahead right-hand bend,Car,Front,746,8
2011,52,5,Urban area,Kerb,Telegraph or electricity pole,Not at or within 20 metres of junction,HONDA,Female,Going ahead other,Car,Nearside,136,2
2011,64,8,Rural,Kerb,Tree,Not at or within 20 metres of junction,FORD,Male,Going ahead right-hand bend,Car,Nearside,223,2
2011,17,8,Urban area,Kerb,Other permanent object,Entering main road,NISSAN,Female,Going ahead other,Car,Nearside,251,2
2011,55,4,Urban area,Kerb,Tree,Not at or within 20 metres of junction,AUDI,Male,Going ahead right-hand bend,Car,Front,509,7
2011,22,11,Urban area,Bollard or refuge,Central crash barrier,Not at or within 20 metres of junction,HONDA,Male,Going ahead other,Car,Nearside,607,9
2011,46,20,Urban area,Kerb,Entered ditch,Not at or within 20 metres of junction,JAGUAR,Male,Changing lane to left,Car,Nearside,123,3
2011,70,7,Urban area,Parked vehicle,Tree,Not at or within 20 metres of junction,ROVER,Male,Going ahead other,Car,Front,613,12
2011,64,6,Urban area,Kerb,Near/Offside crash barrier,Not at or within 20 metres of junction,HONDA,Male,Going ahead right-hand bend,Motorcycle ,Front,363,6
2011,51,9,Urban area,Kerb,Other permanent object,Not at or within 20 metres of junction,MERCEDES,Female,Going ahead right-hand bend,Car,Front,559,0
2011,19,9,Urban area,Kerb,Lamp post,Mid Junction - on roundabout or on main road,FIAT,Male,Turning right,Car,Front,510,5
2011,56,2,Urban area,Other object,Entered ditch,Leaving roundabout,HONDA,Male,Turning left,Motorcycle ,Did not impact,195,6
2011,62,10,Urban area,Kerb,Road sign or traffic signal,Not at or within 20 metres of junction,VOLKSWAGEN,Male,Going ahead left-hand bend,Car,Front,165,8
2011,29,8,Urban area,Kerb,Entered ditch,Approaching junction or waiting/parked at junction approach,HONDA,Male,Going ahead other,Car,Nearside,587,7
2011,59,4,Urban area,Bollard or refuge,Other permanent object,Entering main road,KIA,Female,Turning left,Car,Front,118,7
2011,35,12,Urban area,Bollard or refuge,Road sign or traffic signal,Mid Junction - on roundabout or on main road,VOLKSWAGEN,Female,Going ahead other,Car,Nearside,667,7
2011,52,6,Urban area,Kerb,Other permanent object,Entering roundabout,MAZDA,Male,Going ahead other,Car,Back,450,11
2011,52,6,Rural,Kerb,Other permanent object,Not at or within 20 metres of junction,RENAULT,Female,Going ahead other,Car,Front,537,1
2011,59,4,Urban area,Other object,Tree,Approaching junction or waiting/parked at junction approach,HYUNDAI,Female,Going ahead other,Car,Front,744,8
2011,42,15,Small town,Kerb,Other permanent object,Not at or within 20 metres of junction,VOLKSWAGEN,Male,Going ahead left-hand bend,Car,Nearside,521,2
2011,60,9,Rural,Kerb,Other permanent object,Not at or within 20 metres of junction,RENAULT,Female,Going ahead left-hand bend,Car,Front,100,12
2011,76,8,Urban area,Kerb,Tree,Not at or within 20 metres of junction,HONDA,Male,Going ahead other,Car,Front,610,4
2011,72,2,Rural,Kerb,Tree,Not at or within 20 metres of junction,MAZDA,Female,Going ahead left-hand bend,Car,Front,190,6
2011,65,14,Small town,Bollard or refuge,Near/Offside crash barrier,Not at or within 20 metres of junction,PEUGEOT,Female,Going ahead right-hand bend,Car,Front,446,1
2011,32,9,Urban area,Bollard or refuge,Road sign or traffic signal,Approaching junction or waiting/parked at junction approach,BMW,Male,Going ahead right-hand bend,Car,Front,676,9
2011,40,9,Urban area,Kerb,Other permanent object,Mid Junction - on roundabout or on main road,RENAULT,Male,Going ahead left-hand bend,Car,Front,282,9
2011,76,16,Urban area,Kerb,Other permanent object,Not at or within 20 metres of junction,RENAULT,Female,Going ahead other,Car,Did not impact,351,0
2011,18,6,Rural,Kerb,Road sign or traffic signal,Not at or within 20 metres of junction,SUBARU,Male,Going ahead right-hand bend,Car,Front,322,0
2011,28,3,Urban area,Kerb,Other permanent object,Not at or within 20 metres of junction,VOLKSWAGEN,Male,Going ahead other,Car,Did not impact,506,12
2011,18,2,Urban area,Kerb,Tree,Cleared junction or waiting/parked at junction exit,FIAT,Male,Going ahead right-hand bend,Car,Offside,743,8
2011,54,7,Rural,Kerb,Telegraph or electricity pole,Not at or within 20 metres of junction,VOLKSWAGEN,Female,Going ahead other,Car,Front,407,3
2011,40,8,Rural,Kerb,Other permanent object,Not at or within 20 metres of junction,MINI,Female,Going ahead other,Car,Front,616,1
2011,48,10,Urban area,Kerb,Other permanent object,Mid Junction - on roundabout or on main road,VOLKSWAGEN,Female,Going ahead left-hand bend,Car,Front,229,10
2011,54,6,Urban area,Kerb,Tree,Entering roundabout,PEUGEOT,Male,Going ahead other,Car,Front,757,12
2011,56,10,Urban area,Kerb,Other permanent object,Cleared junction or waiting/parked at junction exit,RENAULT,Female,Going ahead other,Car,Front,245,10
2011,62,9,Urban area,Bollard or refuge,Lamp post,Approaching junction or waiting/parked at junction approach,MINI,Male,Going ahead other,Car,Front,599,11
2011,53,4,Urban area,Kerb,Lamp post,Not at or within 20 metres of junction,KAWASAKI,Male,Going ahead other,Motorcycle ,Front,722,5
2011,65,4,Urban area,Kerb,Tree,Not at or within 20 metres of junction,HONDA,Male,Going ahead other,Car,Nearside,414,9
2011,75,1,Urban area,Bollard or refuge,Lamp post,Mid Junction - on roundabout or on main road,MINI,Male,Going ahead left-hand bend,Car,Front,733,3
2011,29,12,Small town,Bollard or refuge,Telegraph or electricity pole,Not at or within 20 metres of junction,PEUGEOT,Male,Going ahead other,Car,Front,503,8
2011,30,7,Urban area,Kerb,Other permanent object,Not at or within 20 metres of junction,RENAULT,Female,Going ahead left-hand bend,Car,Nearside,413,2
2011,21,10,Urban area,Kerb,Other permanent object,Not at or within 20 metres of junction,MAZDA,Female,Going ahead other,Car,Offside,540,5
2011,72,6,Urban area,Other object,Lamp post,Not at or within 20 metres of junction,FORD,Male,Going ahead other,Car,Back,719,8
2011,60,8,Urban area,Kerb,Other permanent object,Not at or within 20 metres of junction,FIAT,Female,Going ahead other,Car,Front,271,11
2011,41,8,Urban area,Parked vehicle,Other permanent object,Not at or within 20 metres of junction,FIAT,Female,Moving off,Car,Front,632,2
2011,32,13,Urban area,Kerb,Other permanent object,Approaching junction or waiting/parked at junction approach,FORD,Female,Going ahead other,Car,Offside,701,1
2011,59,5,Urban area,Kerb,Lamp post,Entering from slip road,FORD,Male,Going ahead left-hand bend,Car,Front,793,4
2011,63,10,Urban area,Bollard or refuge,Lamp post,Cleared junction or waiting/parked at junction exit,VOLKSWAGEN,Male,Going ahead right-hand bend,Van / Goods ,Front,452,4
2011,76,9,Urban area,Kerb,Other permanent object,Approaching junction or waiting/parked at junction approach,MERCEDES,Male,Going ahead other,Car,Front,760,11
2011,55,13,Urban area,Kerb,Other permanent object,Not at or within 20 metres of junction,MAZDA,Male,Overtaking - nearside,Car,Front,639,9
2011,19,2,Urban area,Kerb,Other permanent object,Not at or within 20 metres of junction,VOLKSWAGEN,Male,Going ahead other,Van / Goods ,Front,615,9
2011,21,2,Urban area,Kerb,Lamp post,Not at or within 20 metres of junction,TOYOTA,Female,Going ahead other,Car,Front,273,3
2011,72,16,Urban area,Kerb,Other permanent object,Not at or within 20 metres of junction,BMW,Male,Waiting to go - held up,Car,Back,538,3
2011,52,6,Urban area,Kerb,Lamp post,Entering main road,HONDA,Male,Reversing,Car,Back,547,12
2011,58,5,Urban area,Kerb,Bus stop or bus shelter,Not at or within 20 metres of junction,KIA,Female,Going ahead other,Car,Front,679,4
2011,37,8,Urban area,Kerb,Other permanent object,Mid Junction - on roundabout or on main road,NISSAN,Female,Turning right,Car,Nearside,439,6
2011,69,7,Urban area,Bollard or refuge,Central crash barrier,Not at or within 20 metres of junction,LAND ROVER,Male,Going ahead other,Car,Front,603,1
2011,75,17,Urban area,Kerb,Other permanent object,Entering roundabout,AUDI,Female,Going ahead other,Car,Front,536,2
2011,80,17,Urban area,Any animal (except ridden horse),Other permanent object,Approaching junction or waiting/parked at junction approach,NISSAN,Female,Moving off,Car,Front,554,4
2011,44,2,Rural,Kerb,Entered ditch,Not at or within 20 metres of junction,SUZUKI,Male,Overtaking moving vehicle - offside,Motorcycle ,Offside,502,12
2011,47,8,Small town,Kerb,Road sign or traffic signal,Leaving roundabout,PEUGEOT,Male,Going ahead other,Car,Nearside,324,8
2011,72,9,Urban area,Kerb,Tree,Not at or within 20 metres of junction,RENAULT,Male,Going ahead right-hand bend,Car,Front,336,0
2011,50,1,Urban area,Other object,Road sign or traffic signal,Cleared junction or waiting/parked at junction exit,HONDA,Male,Going ahead other,Motorcycle ,Nearside,170,3
2011,59,8,Urban area,Kerb,Other permanent object,Approaching junction or waiting/parked at junction approach,PEUGEOT,Male,Going ahead other,Car,Front,417,7
2011,31,14,Urban area,Kerb,Near/Offside crash barrier,Mid Junction - on roundabout or on main road,MERCEDES,Male,Going ahead right-hand bend,Car,Nearside,437,2
2011,32,3,Urban area,Kerb,Lamp post,Not at or within 20 metres of junction,AUDI,Female,Waiting to turn left,Car,Front,485,6
2011,41,10,Urban area,Kerb,Tree,Approaching junction or waiting/parked at junction approach,PEUGEOT,Male,Going ahead left-hand bend,Car,Offside,263,12
2011,43,4,Rural,Kerb,Other permanent object,Not at or within 20 metres of junction,RENAULT,Female,Going ahead left-hand bend,Car,Front,213,0
2011,17,6,Rural,Parked vehicle,Other permanent object,Not at or within 20 metres of junction,TOYOTA,Female,Going ahead other,Car,Front,283,0
2011,51,15,Rural,Bollard or refuge,Road sign or traffic signal,Not at or within 20 metres of junction,PEUGEOT,Female,Going ahead left-hand bend,Car,Front,365,5
2011,24,9,Urban area,Other object,Road sign or traffic signal,Mid Junction - on roundabout or on main road,TOYOTA,Female,Turning left,Car,Front,477,6
2011,74,12,Urban area,Kerb,Lamp post,Approaching junction or waiting/parked at junction approach,TOYOTA,Male,Going ahead right-hand bend,Car,Front,753,6
2011,29,14,Urban area,Kerb,Road sign or traffic signal,Not at or within 20 metres of junction,FIAT,Female,Going ahead other,Car,Front,527,10
2011,48,6,Urban area,Kerb,Tree,Not at or within 20 metres of junction,PEUGEOT,Male,Going ahead right-hand bend,Car,Nearside,283,8
2011,18,8,Urban area,Kerb,Lamp post,Cleared junction or waiting/parked at junction exit,FORD,Male,Going ahead other,Car,Front,317,2
2011,47,6,Urban area,Other object,Road sign or traffic signal,Entering roundabout,PEUGEOT,Male,Going ahead other,Car,Front,666,5
2011,19,3,Urban area,Road works,Central crash barrier,Not at or within 20 metres of junction,VOLKSWAGEN,Male,Going ahead other,Car,Front,629,10
2011,59,11,Urban area,Kerb,Other permanent object,Approaching junction or waiting/parked at junction approach,NISSAN,Female,Overtaking static vehicle - offside,Car,Front,149,11
2011,60,3,Urban area,Other object,Entered ditch,Not at or within 20 metres of junction,SUZUKI,Male,Going ahead right-hand bend,Motorcycle ,Did not impact,720,8
2011,26,8,Urban area,Bollard or refuge,Other permanent object,Not at or within 20 metres of junction,VOLKSWAGEN,Female,Overtaking moving vehicle - offside,Car,Did not impact,421,3
2011,41,7,Urban area,Kerb,Tree,Leaving main road,BMW,Male,Going ahead left-hand bend,Car,Did not impact,302,12
2011,25,16,Small town,Kerb,Other permanent object,Not at or within 20 metres of junction,PEUGEOT,Male,Going ahead left-hand bend,Car,Offside,374,9
2011,67,5,Urban area,Bollard or refuge,Road sign or traffic signal,Not at or within 20 metres of junction,SKODA,Male,Going ahead right-hand bend,Taxi/Private hire car,Offside,795,0
2011,30,2,Rural,Central island of roundabout,Road sign or traffic signal,Mid Junction - on roundabout or on main road,VOLVO,Female,Going ahead other,Car,Front,145,9
2011,76,6,Urban area,Kerb,Other permanent object,Approaching junction or waiting/parked at junction approach,HONDA,Female,Going ahead other,Car,Nearside,427,0
2011,74,7,Urban area,Kerb,Near/Offside crash barrier,Entering roundabout,HYUNDAI,Female,Going ahead other,Car,Nearside,237,6
2011,33,8,Rural,Kerb,Other permanent object,Not at or within 20 metres of junction,NISSAN,Male,Going ahead other,Car,Front,666,7
2011,79,9,Urban area,Other object,Central crash barrier,Not at or within 20 metres of junction,NISSAN,Female,Going ahead other,Car,Front,404,12
2011,61,11,Rural,Kerb,Other permanent object,Mid Junction - on roundabout or on main road,RENAULT,Male,Going ahead left-hand bend,Car,Nearside,547,2
2011,22,9,Rural,Kerb,Road sign or traffic signal,Not at or within 20 metres of junction,RENAULT,Female,Going ahead other,Car,Front,245,2
2011,22,13,Small town,Other object,Other permanent object,Not at or within 20 metres of junction,ROVER,Female,Going ahead other,Car,Front,522,7
2011,65,2,Urban area,Bridge (side),Other permanent object,Not at or within 20 metres of junction,PEUGEOT,Male,Going ahead other,Car,Nearside,413,7
2011,80,9,Urban area,Kerb,Lamp post,Leaving roundabout,JEEP,Female,Turning left,Car,Nearside,199,1
2011,80,9,Urban area,Kerb,Other permanent object,Mid Junction - on roundabout or on main road,MERCEDES,Male,Going ahead other,Car,Offside,338,7
2011,32,1,Urban area,Central island of roundabout,Road sign or traffic signal,Leaving roundabout,FORD,Male,Overtaking moving vehicle - offside,Car,Front,194,9
2011,60,14,Urban area,Parked vehicle,Other permanent object,Approaching junction or waiting/parked at junction approach,MAZDA,Male,Going ahead other,Car,Front,351,6
2011,20,2,Rural,Bollard or refuge,Other permanent object,Mid Junction - on roundabout or on main road,FORD,Male,Going ahead other,Car,Front,232,3
2011,18,9,Urban area,Kerb,Tree,Not at or within 20 metres of junction,AUDI,Male,Going ahead other,Car,Front,273,6
2011,71,10,Urban area,Kerb,Tree,Not at or within 20 metres of junction,FORD,Male,Going ahead left-hand bend,Car,Nearside,272,0
2011,23,4,Urban area,Kerb,Other permanent object,Not at or within 20 metres of junction,CHRYSLER,Female,Going ahead other,Car,Front,365,5
2011,34,4,Urban area,Parked vehicle,Road sign or traffic signal,Not at or within 20 metres of junction,NISSAN,Male,Moving off,Car,Front,509,7
2011,19,7,Urban area,Kerb,Entered ditch,Not at or within 20 metres of junction,HONDA,Male,Going ahead right-hand bend,Motorcycle ,Offside,413,4
2011,29,12,Rural,Kerb,Telegraph or electricity pole,Not at or within 20 metres of junction,FIAT,Male,Turning left,Car,Front,326,4
2011,42,8,Urban area,Kerb,Tree,Not at or within 20 metres of junction,BMW,Male,Going ahead right-hand bend,Car,Front,298,12