Year_N,Age_of_Driver_N,Age_of_Vehicle_N,Accident_Area_Type_C,On_road_object_hit_C,Off_road_object_hit _C,Junction_Location_C,Car_Make_C,Driver_Sex_C,Vehicle_Manoeuvre_C,Vehicle_Type_C,Point_of_Impact_C,Cost_of_Incident_N,Weeks_to_Repair_N
2012,47,10,Urban area,Kerb,Other permanent object,Approaching junction or waiting/parked at junction approach,VOLVO,Male,Going ahead other,Car,Front,555,5
2012,22,9,Urban area,Kerb,Lamp post,Approaching junction or waiting/parked at junction approach,FORD,Female,Going ahead other,Car,Front,228,10
2012,44,13,Urban area,Kerb,Near/Offside crash barrier,Mid Junction - on roundabout or on main road,FORD,Male,Going ahead left-hand bend,Car,Front,631,10
2012,66,4,Urban area,Kerb,Lamp post,Mid Junction - on roundabout or on main road,FIAT,Male,Going ahead other,Car,Front,166,4
2012,35,1,Urban area,Kerb,Other permanent object,Not at or within 20 metres of junction,VOLKSWAGEN,Male,Slowing or stopping,Car,Front,457,2
2012,69,12,Urban area,Bollard or refuge,Road sign or traffic signal,Mid Junction - on roundabout or on main road,VOLKSWAGEN,Male,Going ahead other,Car,Front,284,12
2012,48,12,Urban area,Kerb,Other permanent object,Mid Junction - on roundabout or on main road,FORD,Female,Going ahead other,Car,Nearside,596,10
2012,44,19,Urban area,Kerb,Other permanent object,Approaching junction or waiting/parked at junction approach,NISSAN,Male,Going ahead other,Car,Front,292,12
2012,32,17,Urban area,Kerb,Tree,Mid Junction - on roundabout or on main road,FIAT,Male,Turning left,Car,Nearside,442,9
2012,30,15,Urban area,Kerb,Road sign or traffic signal,Not at or within 20 metres of junction,TOYOTA,Male,Going ahead other,Car,Front,294,4
2012,47,4,Urban area,Kerb,Other permanent object,Mid Junction - on roundabout or on main road,HONDA,Female,Going ahead other,Car,Nearside,246,6
2012,76,7,Urban area,Kerb,Other permanent object,Mid Junction - on roundabout or on main road,MINI,Female,Going ahead other,Car,Front,720,0
2012,22,12,Urban area,Kerb,Lamp post,Mid Junction - on roundabout or on main road,MERCEDES,Female,Going ahead other,Car,Nearside,754,6
2012,79,10,Urban area,Bollard or refuge,Road sign or traffic signal,Not at or within 20 metres of junction,PEUGEOT,Female,Overtaking static vehicle - offside,Car,Front,227,9
2012,76,11,Urban area,Kerb,Tree,Not at or within 20 metres of junction,NISSAN,Female,Going ahead other,Car,Nearside,729,10
2012,24,12,Urban area,Bollard or refuge,Lamp post,Not at or within 20 metres of junction,VOLVO,Male,Going ahead other,Car,Offside,237,2
2012,26,13,Urban area,Kerb,Lamp post,Cleared junction or waiting/parked at junction exit,JEEP,Male,Turning right,Car,Front,585,5
2012,42,8,Urban area,Kerb,Lamp post,Not at or within 20 metres of junction,SUZUKI,Male,Changing lane to left,Motorcycle ,Front,457,12
2012,53,7,Urban area,Kerb,Near/Offside crash barrier,Not at or within 20 metres of junction,RENAULT,Female,Going ahead other,Car,Front,456,3
2012,77,10,Urban area,Kerb,Entered ditch,Not at or within 20 metres of junction,PEUGEOT,Female,Going ahead right-hand bend,Car,Nearside,164,9
2012,30,6,Urban area,Kerb,Road sign or traffic signal,Mid Junction - on roundabout or on main road,FORD,Male,Going ahead other,Car,Front,612,0
2012,33,14,Urban area,Kerb,Other permanent object,Not at or within 20 metres of junction,FORD,Male,Going ahead right-hand bend,Car,Nearside,611,3
2012,44,1,Urban area,Central island of roundabout,Road sign or traffic signal,Approaching junction or waiting/parked at junction approach,AUDI,Male,Going ahead other,Car,Front,770,8
2012,22,12,Urban area,Bollard or refuge,Other permanent object,Mid Junction - on roundabout or on main road,FORD,Male,Going ahead other,Car,Offside,435,1
2012,39,8,Urban area,Kerb,Road sign or traffic signal,Approaching junction or waiting/parked at junction approach,TOYOTA,Male,Going ahead other,Car,Front,736,2
2012,79,12,Urban area,Bollard or refuge,Other permanent object,Leaving main road,FORD,Male,Turning left,Car,Front,423,3
2012,39,1,Urban area,Kerb,Other permanent object,Not at or within 20 metres of junction,PEUGEOT,Male,U-turn,Car,Front,589,2
2012,18,12,Urban area,Kerb,Lamp post,Not at or within 20 metres of junction,PEUGEOT,Male,Turning left,Car,Front,662,0
2012,57,4,Urban area,Kerb,Lamp post,Approaching junction or waiting/parked at junction approach,VOLKSWAGEN,Male,Going ahead other,Taxi/Private hire car,Back,366,0
2012,39,9,Urban area,Kerb,Other permanent object,Entering main road,HONDA,Male,Turning right,Car,Front,698,2
2012,30,12,Urban area,Parked vehicle,Lamp post,Not at or within 20 metres of junction,BMW,Male,Going ahead other,Motorcycle 50cc and under,Nearside,106,3
2012,33,8,Urban area,Kerb,Other permanent object,Approaching junction or waiting/parked at junction approach,FORD,Male,Going ahead other,Van / Goods ,Front,660,9
2012,41,16,Small town,Kerb,Other permanent object,Approaching junction or waiting/parked at junction approach,FORD,Male,Going ahead other,Car,Front,260,10
2012,67,8,Urban area,Kerb,Lamp post,Cleared junction or waiting/parked at junction exit,RENAULT,Male,Going ahead other,Car,Nearside,235,11
2012,80,8,Urban area,Kerb,Other permanent object,Cleared junction or waiting/parked at junction exit,RENAULT,Male,Going ahead other,Car,Front,436,2
2012,40,2,Urban area,Kerb,Lamp post,Not at or within 20 metres of junction,IVECO,Male,Going ahead other,Van / Goods ,Front,102,9
2012,43,6,Urban area,Bridge (side),Other permanent object,Not at or within 20 metres of junction,FORD,Male,Going ahead other,Taxi/Private hire car,Front,691,6
2012,22,3,Urban area,Kerb,Other permanent object,Approaching junction or waiting/parked at junction approach,YAMAHA,Male,Going ahead other,Motorcycle 125cc and under,Nearside,488,7
2012,36,30,Urban area,Kerb,Other permanent object,Approaching junction or waiting/parked at junction approach,MERCEDES,Male,Going ahead other,Car,Nearside,786,3
2012,28,10,Urban area,Kerb,Lamp post,Not at or within 20 metres of junction,MERCEDES,Male,Going ahead left-hand bend,Car,Front,413,9
2012,41,22,Urban area,Kerb,Tree,Mid Junction - on roundabout or on main road,MAZDA,Male,Going ahead other,Car,Front,704,4
2012,70,7,Urban area,Kerb,Tree,Not at or within 20 metres of junction,AUDI,Male,Going ahead other,Car,Front,693,11
2012,36,10,Urban area,Kerb,Road sign or traffic signal,Approaching junction or waiting/parked at junction approach,LEXUS,Male,Turning right,Car,Front,188,6
2012,59,8,Urban area,Kerb,Other permanent object,Mid Junction - on roundabout or on main road,FORD,Male,Turning right,Car,Nearside,525,4
2012,56,1,Urban area,Kerb,Telegraph or electricity pole,Not at or within 20 metres of junction,MERCEDES,Female,Going ahead other,Car,Front,258,6
2012,74,2,Urban area,Kerb,Other permanent object,Mid Junction - on roundabout or on main road,BMW,Male,Going ahead other,Car,Nearside,278,11
2012,48,9,Urban area,Kerb,Near/Offside crash barrier,Not at or within 20 metres of junction,VOLKSWAGEN,Male,Going ahead other,Car,Offside,770,6
2012,75,8,Urban area,Kerb,Other permanent object,Mid Junction - on roundabout or on main road,HONDA,Female,Turning right,Car,Front,168,4
2012,53,15,Urban area,Kerb,Central crash barrier,Not at or within 20 metres of junction,PEUGEOT,Male,Going ahead other,Car,Offside,122,2
2012,78,1,Urban area,Kerb,Near/Offside crash barrier,Approaching junction or waiting/parked at junction approach,TOYOTA,Male,Going ahead other,Taxi/Private hire car,Front,739,8
2012,71,8,Urban area,Kerb,Near/Offside crash barrier,Not at or within 20 metres of junction,HONDA,Male,Going ahead other,Car,Nearside,410,4
2012,46,10,Urban area,Kerb,Road sign or traffic signal,Mid Junction - on roundabout or on main road,MINI,Male,Turning right,Car,Front,530,5
2012,22,1,Urban area,Kerb,Other permanent object,Mid Junction - on roundabout or on main road,VOLKSWAGEN,Female,U-turn,Car,Offside,419,9
2012,38,9,Urban area,Kerb,Other permanent object,Mid Junction - on roundabout or on main road,LEXUS,Female,Going ahead other,Car,Front,147,8
2012,80,4,Urban area,Kerb,Tree,Mid Junction - on roundabout or on main road,MERCEDES,Male,Going ahead other,Car,Nearside,751,7
2012,20,14,Urban area,Kerb,Lamp post,Mid Junction - on roundabout or on main road,MERCEDES,Male,Going ahead other,Car,Front,536,5
2012,60,14,Urban area,Kerb,Lamp post,Mid Junction - on roundabout or on main road,NISSAN,Male,Turning left,Car,Front,598,7
2012,44,1,Urban area,Kerb,Other permanent object,Mid Junction - on roundabout or on main road,FORD,Male,Turning right,Car,Front,435,12
2012,77,11,Urban area,Kerb,Other permanent object,Mid Junction - on roundabout or on main road,CITROEN,Female,Going ahead other,Car,Front,524,8
2012,28,11,Urban area,Kerb,Lamp post,Mid Junction - on roundabout or on main road,VOLKSWAGEN,Male,Going ahead other,Car,Front,683,0
2012,75,8,Urban area,Kerb,Lamp post,Not at or within 20 metres of junction,SAAB,Male,Going ahead other,Car,Front,228,11
2012,70,13,Urban area,Kerb,Lamp post,Mid Junction - on roundabout or on main road,NISSAN,Male,Going ahead other,Car,Front,453,12
2012,24,19,Urban area,Parked vehicle,Other permanent object,Not at or within 20 metres of junction,VOLVO,Female,Going ahead other,Car,Front,517,10
2012,80,1,Urban area,Kerb,Other permanent object,Not at or within 20 metres of junction,NISSAN,Male,Moving off,Car,Front,351,5
2012,38,13,Urban area,Kerb,Other permanent object,Approaching junction or waiting/parked at junction approach,CITROEN,Female,Reversing,Car,Front,437,2
2012,17,3,Urban area,Kerb,Lamp post,Mid Junction - on roundabout or on main road,TOYOTA,Male,Going ahead other,Car,Offside,320,7
2012,41,8,Urban area,Kerb,Other permanent object,Not at or within 20 metres of junction,VOLKSWAGEN,Female,Going ahead other,Car,Front,520,11
2012,71,7,Urban area,Kerb,Road sign or traffic signal,Approaching junction or waiting/parked at junction approach,PEUGEOT,Female,Going ahead other,Car,Front,265,10
2012,49,1,Urban area,Kerb,Tree,Approaching junction or waiting/parked at junction approach,TOYOTA,Female,Going ahead left-hand bend,Car,Front,431,3
2012,49,7,Urban area,Kerb,Road sign or traffic signal,Cleared junction or waiting/parked at junction exit,AUDI,Male,Going ahead other,Car,Front,769,11
2012,48,5,Urban area,Kerb,Other permanent object,Approaching junction or waiting/parked at junction approach,RENAULT,Female,Going ahead other,Van / Goods ,Nearside,534,11
2012,76,18,Urban area,Kerb,Other permanent object,Not at or within 20 metres of junction,MERCEDES,Male,Reversing,Car,Offside,687,8
2012,79,4,Urban area,Kerb,Lamp post,Not at or within 20 metres of junction,MERCEDES,Male,Going ahead other,Car,Front,462,0
2012,57,8,Urban area,Kerb,Other permanent object,Mid Junction - on roundabout or on main road,FORD,Male,Going ahead other,Car,Nearside,341,2
2012,78,4,Urban area,Kerb,Other permanent object,Cleared junction or waiting/parked at junction exit,MINI,Female,Going ahead other,Car,Front,718,9
2012,22,23,Urban area,Kerb,Bus stop or bus shelter,Not at or within 20 metres of junction,FORD,Male,Going ahead other,Car,Front,405,8
2012,60,9,Urban area,Kerb,Other permanent object,Mid Junction - on roundabout or on main road,VOLKSWAGEN,Female,Going ahead other,Car,Nearside,564,12
2012,23,16,Urban area,Kerb,Lamp post,Mid Junction - on roundabout or on main road,CITROEN,Male,Going ahead other,Car,Front,424,2
2012,22,11,Urban area,Kerb,Telegraph or electricity pole,Not at or within 20 metres of junction,RENAULT,Female,Going ahead other,Car,Front,641,7
2012,26,1,Urban area,Kerb,Central crash barrier,Cleared junction or waiting/parked at junction exit,CITROEN,Male,Going ahead other,Car,Front,588,10
2012,43,6,Urban area,Kerb,Other permanent object,Not at or within 20 metres of junction,KIA,Male,Going ahead other,Car,Front,314,11
2012,38,7,Urban area,Kerb,Central crash barrier,Not at or within 20 metres of junction,BMW,Male,Going ahead other,Car,Front,779,11
2012,60,14,Urban area,Kerb,Central crash barrier,Not at or within 20 metres of junction,MERCEDES,Male,Going ahead other,Car,Offside,484,1
2012,51,9,Urban area,Kerb,Other permanent object,Approaching junction or waiting/parked at junction approach,PEUGEOT,Male,Going ahead left-hand bend,Car,Front,324,5
2012,47,11,Urban area,Kerb,Other permanent object,Mid Junction - on roundabout or on main road,VOLKSWAGEN,Male,Going ahead other,Car,Front,101,12
2012,47,11,Urban area,Kerb,Other permanent object,Not at or within 20 metres of junction,FORD,Male,Slowing or stopping,Van / Goods ,Back,228,12
2012,65,3,Urban area,Kerb,Tree,Mid Junction - on roundabout or on main road,PEUGEOT,Female,Going ahead right-hand bend,Car,Front,728,7
2012,36,5,Urban area,Kerb,Other permanent object,Not at or within 20 metres of junction,FIAT,Male,Going ahead other,Car,Nearside,492,11
2012,43,3,Urban area,Kerb,Other permanent object,Approaching junction or waiting/parked at junction approach,MAZDA,Female,Turning left,Car,Offside,190,8
2012,77,14,Urban area,Kerb,Other permanent object,Not at or within 20 metres of junction,BMW,Male,Going ahead other,Car,Front,750,7
2012,56,6,Urban area,Kerb,Other permanent object,Mid Junction - on roundabout or on main road,YAMAHA,Male,Overtaking moving vehicle - offside,Motorcycle 125cc and under,Nearside,137,10
2012,20,14,Urban area,Kerb,Tree,Approaching junction or waiting/parked at junction approach,VOLKSWAGEN,Male,Going ahead left-hand bend,Car,Offside,621,8
2012,46,5,Urban area,Kerb,Tree,Mid Junction - on roundabout or on main road,TOYOTA,Female,Slowing or stopping,Car,Back,628,11
2012,40,10,Rural,Kerb,Central crash barrier,Mid Junction - on roundabout or on main road,RENAULT,Male,Going ahead other,Car,Offside,632,1
2012,41,9,Urban area,Kerb,Tree,Mid Junction - on roundabout or on main road,NISSAN,Female,Going ahead left-hand bend,Car,Front,554,5
2012,22,15,Urban area,Kerb,Telegraph or electricity pole,Not at or within 20 metres of junction,FORD,Male,Going ahead other,Car,Front,597,4
2012,46,1,Urban area,Central island of roundabout,Road sign or traffic signal,Mid Junction - on roundabout or on main road,FORD,Female,Going ahead other,Car,Front,640,1
2012,45,7,Urban area,Kerb,Central crash barrier,Not at or within 20 metres of junction,RENAULT,Male,Going ahead other,Car,Nearside,463,1
2012,74,9,Urban area,Kerb,Near/Offside crash barrier,Not at or within 20 metres of junction,MINI,Female,Going ahead other,Car,Offside,731,0
2012,21,20,Urban area,Kerb,Central crash barrier,Not at or within 20 metres of junction,HONDA,Female,Slowing or stopping,Car,Offside,479,11
2012,43,6,Urban area,Kerb,Other permanent object,Mid Junction - on roundabout or on main road,MERCEDES,Male,Going ahead other,Van / Goods ,Front,406,7
2012,66,17,Urban area,Kerb,Lamp post,Not at or within 20 metres of junction,NISSAN,Male,Going ahead other,Car,Back,589,1
2012,44,8,Urban area,Kerb,Other permanent object,Mid Junction - on roundabout or on main road,KIA,Male,Going ahead other,Car,Front,242,4
2012,24,2,Rural,Kerb,Other permanent object,Not at or within 20 metres of junction,HYUNDAI,Female,Reversing,Car,Back,495,10
2012,47,8,Urban area,Kerb,Telegraph or electricity pole,Not at or within 20 metres of junction,FIAT,Female,Going ahead other,Car,Front,731,4
2012,80,15,Urban area,Kerb,Other permanent object,Mid Junction - on roundabout or on main road,NISSAN,Female,Going ahead other,Car,Nearside,451,1
2012,52,8,Urban area,Kerb,Other permanent object,Mid Junction - on roundabout or on main road,HONDA,Female,Going ahead other,Car,Nearside,369,7
2012,70,2,Rural,Kerb,Tree,Not at or within 20 metres of junction,RENAULT,Male,Going ahead other,Van / Goods ,Nearside,470,8
2012,32,9,Urban area,Parked vehicle,Other permanent object,Mid Junction - on roundabout or on main road,NISSAN,Male,Going ahead other,Car,Front,492,2
2012,22,3,Urban area,Parked vehicle,Other permanent object,Not at or within 20 metres of junction,FORD,Female,Going ahead other,Car,Front,716,8
2012,30,12,Urban area,Kerb,Lamp post,Approaching junction or waiting/parked at junction approach,FORD,Female,Going ahead right-hand bend,Car,Nearside,756,12
2012,37,5,Urban area,Kerb,Other permanent object,Mid Junction - on roundabout or on main road,HONDA,Male,Turning left,Car,Back,158,10
2012,32,11,Urban area,Kerb,Other permanent object,Not at or within 20 metres of junction,TOYOTA,Male,Going ahead other,Car,Front,711,6
2012,62,15,Urban area,Kerb,Other permanent object,Cleared junction or waiting/parked at junction exit,BMW,Male,Going ahead other,Car,Front,296,6
2012,42,5,Urban area,Kerb,Lamp post,Not at or within 20 metres of junction,FORD,Female,Going ahead other,Car,Front,727,7
2012,70,2,Urban area,Bollard or refuge,Other permanent object,Mid Junction - on roundabout or on main road,RENAULT,Male,Going ahead other,Car,Nearside,647,4
2012,71,10,Urban area,Kerb,Road sign or traffic signal,Mid Junction - on roundabout or on main road,VOLKSWAGEN,Female,Going ahead other,Car,Nearside,510,8
2012,72,12,Urban area,Kerb,Other permanent object,Mid Junction - on roundabout or on main road,NISSAN,Female,Overtaking - nearside,Car,Nearside,665,2
2012,77,12,Urban area,Kerb,Lamp post,Cleared junction or waiting/parked at junction exit,VOLKSWAGEN,Male,Going ahead other,Car,Front,382,10
2012,63,11,Urban area,Kerb,Other permanent object,Cleared junction or waiting/parked at junction exit,LEXUS,Male,Going ahead other,Car,Front,333,0
2012,37,8,Urban area,Kerb,Lamp post,Mid Junction - on roundabout or on main road,PEUGEOT,Female,Going ahead other,Car,Front,617,12
2012,23,11,Urban area,Bollard or refuge,Tree,Not at or within 20 metres of junction,RENAULT,Female,Going ahead other,Car,Front,477,9
2012,43,7,Urban area,Kerb,Tree,Approaching junction or waiting/parked at junction approach,VOLKSWAGEN,Male,Going ahead other,Taxi/Private hire car,Front,720,6
2012,19,15,Urban area,Kerb,Other permanent object,Cleared junction or waiting/parked at junction exit,NISSAN,Male,Turning left,Car,Front,665,5
2012,17,10,Urban area,Kerb,Tree,Not at or within 20 metres of junction,MITSUBISHI,Female,Going ahead other,Car,Front,725,2
2012,26,8,Urban area,Kerb,Tree,Not at or within 20 metres of junction,HONDA,Male,Going ahead other,Car,Front,520,9
2012,40,9,Urban area,Kerb,Other permanent object,Approaching junction or waiting/parked at junction approach,PEUGEOT,Male,Reversing,Car,Back,570,0
2012,66,9,Urban area,Kerb,Other permanent object,Approaching junction or waiting/parked at junction approach,SUZUKI,Male,Going ahead other,Motorcycle ,Front,627,2
2012,79,11,Urban area,Kerb,Lamp post,Entering main road,VOLKSWAGEN,Female,Turning left,Car,Front,696,7
2012,67,11,Urban area,Kerb,Lamp post,Not at or within 20 metres of junction,CITROEN,Male,Slowing or stopping,Car,Front,405,2
2012,45,6,Urban area,Kerb,Near/Offside crash barrier,Mid Junction - on roundabout or on main road,MERCEDES,Male,Going ahead left-hand bend,Car,Front,343,10
2012,67,3,Urban area,Kerb,Other permanent object,Mid Junction - on roundabout or on main road,PEUGEOT,Male,Going ahead right-hand bend,Car,Front,142,11
2012,38,13,Urban area,Kerb,Bus stop or bus shelter,Not at or within 20 metres of junction,RENAULT,Female,Going ahead other,Car,Front,754,0
2012,29,10,Urban area,Bollard or refuge,Road sign or traffic signal,Mid Junction - on roundabout or on main road,TOYOTA,Male,Slowing or stopping,Car,Front,651,8
2012,53,6,Urban area,Parked vehicle,Tree,Not at or within 20 metres of junction,MINI,Female,Going ahead other,Car,Front,482,11
2012,64,4,Urban area,Kerb,Bus stop or bus shelter,Approaching junction or waiting/parked at junction approach,KAWASAKI,Male,Slowing or stopping,Motorcycle ,Front,495,8
2012,38,22,Urban area,Bollard or refuge,Tree,Mid Junction - on roundabout or on main road,FORD,Male,Going ahead other,Car,Front,463,9
2012,46,13,Urban area,Kerb,Other permanent object,Mid Junction - on roundabout or on main road,PEUGEOT,Female,Turning right,Car,Offside,589,1
2012,50,10,Urban area,Parked vehicle,Other permanent object,Approaching junction or waiting/parked at junction approach,MITSUBISHI,Male,Reversing,Car,Back,747,7
2012,71,13,Urban area,Kerb,Lamp post,Approaching junction or waiting/parked at junction approach,HYUNDAI,Female,Going ahead other,Car,Front,398,8
2012,32,4,Urban area,Open door of vehicle,Submerged in water,Mid Junction - on roundabout or on main road,VOLVO,Male,Going ahead other,Car,Offside,201,2
2012,28,7,Urban area,Kerb,Tree,Not at or within 20 metres of junction,CITROEN,Female,Going ahead other,Car,Back,610,7
2012,70,9,Rural,Kerb,Lamp post,Mid Junction - on roundabout or on main road,SUBARU,Female,Going ahead right-hand bend,Car,Front,706,9
2012,30,7,Urban area,Kerb,Other permanent object,Not at or within 20 metres of junction,BMW,Male,Going ahead other,Car,Nearside,146,3
2012,28,10,Small town,Bollard or refuge,Other permanent object,Approaching junction or waiting/parked at junction approach,HYUNDAI,Male,Turning left,Car,Front,366,5
2012,70,8,Small town,Bollard or refuge,Central crash barrier,Not at or within 20 metres of junction,RENAULT,Female,Changing lane to right,Car,Front,668,7
2012,22,8,Urban area,Other object,Tree,Not at or within 20 metres of junction,FORD,Male,Going ahead other,Car,Front,645,6
2012,35,12,Small town,Other object,Other permanent object,Not at or within 20 metres of junction,PEUGEOT,Female,Overtaking static vehicle - offside,Car,Front,738,8
2012,56,2,Small town,Other object,Entered ditch,Not at or within 20 metres of junction,BMW,Male,Going ahead left-hand bend,Motorcycle ,Did not impact,212,2
2012,76,5,Rural,Central island of roundabout,Other permanent object,Entering roundabout,PEUGEOT,Female,Going ahead other,Car,Offside,465,1
2012,49,9,Rural,Bridge (side),Other permanent object,Not at or within 20 metres of junction,SAAB,Male,Going ahead other,Car,Front,734,12
2012,71,12,Small town,Kerb,Other permanent object,Not at or within 20 metres of junction,TOYOTA,Female,Going ahead left-hand bend,Car,Nearside,649,1
2012,73,5,Urban area,Kerb,Other permanent object,Not at or within 20 metres of junction,PEUGEOT,Male,Going ahead other,Car,Front,136,12
2012,29,3,Urban area,Parked vehicle,Other permanent object,Not at or within 20 metres of junction,FIAT,Male,Going ahead other,Car,Front,598,5
2012,30,9,Urban area,Other object,Other permanent object,Mid Junction - on roundabout or on main road,CITROEN,Female,Going ahead other,Car,Front,506,6
2012,38,11,Urban area,Kerb,Other permanent object,Not at or within 20 metres of junction,PEUGEOT,Male,Going ahead left-hand bend,Car,Nearside,748,1
2012,40,3,Urban area,Kerb,Lamp post,Mid Junction - on roundabout or on main road,AUDI,Male,Going ahead other,Car,Nearside,235,6
2012,37,4,Urban area,Kerb,Other permanent object,Mid Junction - on roundabout or on main road,RENAULT,Male,Going ahead other,Taxi/Private hire car,Front,693,10
2012,32,14,Urban area,Parked vehicle,Tree,Cleared junction or waiting/parked at junction exit,FORD,Female,Going ahead right-hand bend,Car,Front,400,3
2012,40,2,Urban area,Bridge (side),Other permanent object,Not at or within 20 metres of junction,MERCEDES,Male,Going ahead other,Van / Goods ,Front,733,5
2012,48,8,Urban area,Bollard or refuge,Road sign or traffic signal,Mid Junction - on roundabout or on main road,PEUGEOT,Female,Turning right,Car,Front,109,12
2012,32,11,Rural,Kerb,Other permanent object,Not at or within 20 metres of junction,SAAB,Male,Going ahead other,Car,Front,372,5
2012,52,3,Urban area,Bollard or refuge,Near/Offside crash barrier,Approaching junction or waiting/parked at junction approach,FORD,Male,Going ahead left-hand bend,Car,Back,600,8
2012,64,7,Urban area,Kerb,Other permanent object,Approaching junction or waiting/parked at junction approach,FORD,Female,Going ahead left-hand bend,Car,Offside,132,8
2012,57,21,Urban area,Kerb,Other permanent object,Not at or within 20 metres of junction,HONDA,Male,Going ahead other,Motorcycle ,Nearside,210,11
2012,45,2,Small town,Kerb,Tree,Approaching junction or waiting/parked at junction approach,CITROEN,Male,Going ahead right-hand bend,Car,Front,456,10
2012,18,7,Urban area,Kerb,Tree,Not at or within 20 metres of junction,NISSAN,Male,Going ahead left-hand bend,Car,Front,270,3
2012,68,11,Rural,Kerb,Other permanent object,Entering main road,MERCEDES,Female,Slowing or stopping,Car,Front,121,7
2012,53,6,Urban area,Kerb,Lamp post,Cleared junction or waiting/parked at junction exit,SKODA,Female,Going ahead left-hand bend,Car,Front,798,9
2012,33,8,Small town,Other object,Road sign or traffic signal,Approaching junction or waiting/parked at junction approach,TOYOTA,Female,Parked,Car,Front,588,11
2012,37,10,Urban area,Kerb,Bus stop or bus shelter,Not at or within 20 metres of junction,RENAULT,Female,Going ahead left-hand bend,Car,Front,327,7
2012,52,5,Urban area,Bollard or refuge,Road sign or traffic signal,Approaching junction or waiting/parked at junction approach,HONDA,Male,Going ahead other,Car,Front,741,8
2012,59,11,Urban area,Kerb,Other permanent object,Mid Junction - on roundabout or on main road,MERCEDES,Male,Going ahead other,Car,Nearside,691,1
2012,37,6,Small town,Parked vehicle,Other permanent object,Not at or within 20 metres of junction,AUDI,Male,Going ahead other,Car,Front,598,3
2012,71,13,Urban area,Bollard or refuge,Other permanent object,Mid Junction - on roundabout or on main road,PEUGEOT,Male,Going ahead other,Car,Offside,116,6
2012,32,8,Small town,Kerb,Other permanent object,Not at or within 20 metres of junction,TOYOTA,Female,Going ahead other,Car,Front,146,7
2012,75,8,Urban area,Kerb,Entered ditch,Not at or within 20 metres of junction,NISSAN,Female,Going ahead right-hand bend,Car,Front,479,0
2012,44,5,Urban area,Kerb,Other permanent object,Not at or within 20 metres of junction,RENAULT,Male,Going ahead left-hand bend,Car,Nearside,246,4
2012,58,5,Urban area,Kerb,Other permanent object,Not at or within 20 metres of junction,FORD,Female,Going ahead left-hand bend,Car,Front,357,10
2012,73,11,Urban area,Kerb,Entered ditch,Not at or within 20 metres of junction,TOYOTA,Female,Going ahead other,Car,Front,695,9
2012,61,11,Small town,Bollard or refuge,Road sign or traffic signal,Mid Junction - on roundabout or on main road,HYUNDAI,Male,Going ahead other,Car,Front,585,10
2012,20,1,Urban area,Other object,Road sign or traffic signal,Approaching junction or waiting/parked at junction approach,NISSAN,Male,Going ahead other,Car,Front,640,4
2012,61,11,Urban area,Any animal (except ridden horse),Other permanent object,Not at or within 20 metres of junction,PEUGEOT,Male,Going ahead left-hand bend,Car,Front,127,6
2012,45,12,Urban area,Kerb,Other permanent object,Approaching junction or waiting/parked at junction approach,FORD,Male,Changing lane to left,Car,Offside,732,3
2012,53,18,Urban area,Bridge (side),Other permanent object,Mid Junction - on roundabout or on main road,PEUGEOT,Male,Going ahead other,Car,Offside,667,0
2012,74,6,Small town,Kerb,Road sign or traffic signal,Cleared junction or waiting/parked at junction exit,NISSAN,Male,Going ahead other,Car,Front,338,6
2012,39,7,Rural,Parked vehicle,Lamp post,Mid Junction - on roundabout or on main road,LAND ROVER,Male,Going ahead right-hand bend,Car,Front,669,8
2012,55,1,Urban area,Central island of roundabout,Road sign or traffic signal,Approaching junction or waiting/parked at junction approach,FORD,Male,Going ahead other,Car,Front,154,7
2012,80,3,Urban area,Kerb,Other permanent object,Mid Junction - on roundabout or on main road,HYUNDAI,Female,Turning left,Car,Front,753,2
2012,23,11,Urban area,Kerb,Other permanent object,Not at or within 20 metres of junction,PEUGEOT,Male,Going ahead other,Car,Front,737,7
2012,32,9,Urban area,Kerb,Central crash barrier,Not at or within 20 metres of junction,TOYOTA,Female,Going ahead right-hand bend,Car,Nearside,790,7
2012,74,21,Small town,Other object,Central crash barrier,Not at or within 20 metres of junction,MERCEDES,Female,Going ahead other,Other vehicle,Back,765,1
2012,39,22,Urban area,Other object,Entered ditch,Not at or within 20 metres of junction,TOYOTA,Male,Going ahead other,Car,Front,651,3
2012,71,9,Urban area,Kerb,Tree,Entering from slip road,MERCEDES,Male,Turning right,Van / Goods ,Offside,262,8
2012,73,15,Urban area,Other object,Near/Offside crash barrier,Not at or within 20 metres of junction,PEUGEOT,Male,Going ahead other,Car,Front,241,7
2012,49,8,Urban area,Other object,Entered ditch,Not at or within 20 metres of junction,CITROEN,Female,Going ahead other,Car,Front,578,1