Year_N,Age_of_Driver_N,Age_of_Vehicle_N,Accident_Area_Type_C,On_road_object_hit_C,Off_road_object_hit _C,Junction_Location_C,Car_Make_C,Driver_Sex_C,Vehicle_Manoeuvre_C,Vehicle_Type_C,Point_of_Impact_C,Cost_of_Incident_N,Weeks_to_Repair_N
2012,58,9,Small town,Previous accident,Central crash barrier,Not at or within 20 metres of junction,SUZUKI,Male,Going ahead other,Car,Front,601,7
2012,37,12,Urban area,Other object,Central crash barrier,Not at or within 20 metres of junction,FORD,Female,Overtaking static vehicle - offside,Car,Front,510,6
2012,76,4,Urban area,Kerb,Other permanent object,Entering main road,BMW,Male,Moving off,Car,Offside,201,7
2012,69,10,Urban area,Kerb,Road sign or traffic signal,Mid Junction - on roundabout or on main road,CITROEN,Male,Going ahead other,Car,Front,260,12
2012,60,6,Urban area,Central island of roundabout,Road sign or traffic signal,Approaching junction or waiting/parked at junction approach,NISSAN,Female,Going ahead other,Car,Front,733,0
2012,64,5,Urban area,Kerb,Lamp post,Not at or within 20 metres of junction,FORD,Male,Going ahead right-hand bend,Car,Front,342,6
2012,48,8,Urban area,Kerb,Other permanent object,Not at or within 20 metres of junction,TOYOTA,Female,Going ahead right-hand bend,Car,Front,136,0
2012,66,11,Urban area,Road works,Central crash barrier,Not at or within 20 metres of junction,HONDA,Male,Going ahead other,Motorcycle ,Nearside,635,0
2012,57,2,Urban area,Central island of roundabout,Other permanent object,Mid Junction - on roundabout or on main road,FORD,Male,Turning right,Car,Front,517,7
2012,64,10,Urban area,Bollard or refuge,Other permanent object,Mid Junction - on roundabout or on main road,MAZDA,Male,Turning left,Car,Front,273,7
2012,32,9,Urban area,Kerb,Road sign or traffic signal,Entering roundabout,KAWASAKI,Male,Slowing or stopping,Motorcycle ,Offside,449,12
2012,55,9,Urban area,Kerb,Tree,Not at or within 20 metres of junction,FORD,Male,Going ahead other,Car,Nearside,776,6
2012,52,7,Urban area,Any animal (except ridden horse),Central crash barrier,Not at or within 20 metres of junction,PEUGEOT,Female,Going ahead other,Car,Front,593,6
2012,51,9,Urban area,Kerb,Entered ditch,Entering roundabout,RENAULT,Male,Going ahead left-hand bend,Car,Offside,352,0
2012,80,7,Urban area,Kerb,Tree,Not at or within 20 metres of junction,VOLKSWAGEN,Female,Going ahead other,Car,Front,455,5
2012,37,1,Urban area,Kerb,Other permanent object,Not at or within 20 metres of junction,KAWASAKI,Male,Going ahead other,Motorcycle ,Front,345,8
2012,31,9,Urban area,Kerb,Other permanent object,Mid Junction - on roundabout or on main road,RENAULT,Female,Going ahead other,Car,Offside,105,10
2012,50,11,Urban area,Kerb,Road sign or traffic signal,Not at or within 20 metres of junction,MAZDA,Male,Changing lane to left,Car,Front,220,3
2012,42,1,Urban area,Kerb,Other permanent object,Entering main road,AUDI,Male,Slowing or stopping,Car,Front,420,10
2012,23,12,Urban area,Bollard or refuge,Road sign or traffic signal,Mid Junction - on roundabout or on main road,RENAULT,Male,Turning left,Car,Nearside,520,4
2012,48,17,Urban area,Kerb,Other permanent object,Not at or within 20 metres of junction,RENAULT,Female,U-turn,Car,Front,637,8
2012,70,6,Urban area,Kerb,Near/Offside crash barrier,Not at or within 20 metres of junction,FIAT,Male,Going ahead right-hand bend,Car,Front,732,6
2012,55,5,Urban area,Kerb,Lamp post,Not at or within 20 metres of junction,HONDA,Female,Going ahead other,Car,Front,152,4
2012,76,20,Urban area,Bollard or refuge,Road sign or traffic signal,Approaching junction or waiting/parked at junction approach,ROVER,Male,Going ahead other,Car,Front,788,5
2012,25,6,Urban area,Kerb,Other permanent object,Not at or within 20 metres of junction,VOLVO,Male,Going ahead left-hand bend,Car,Offside,124,12
2012,57,11,Urban area,Kerb,Lamp post,Entering roundabout,FORD,Male,Going ahead other,Car,Nearside,355,8
2012,60,3,Urban area,Other object,Telegraph or electricity pole,Not at or within 20 metres of junction,VOLKSWAGEN,Female,Going ahead other,Car,Offside,199,1
2012,66,7,Urban area,Kerb,Entered ditch,Approaching junction or waiting/parked at junction approach,PEUGEOT,Male,Going ahead right-hand bend,Car,Front,658,12
2012,30,10,Urban area,Bollard or refuge,Near/Offside crash barrier,Cleared junction or waiting/parked at junction exit,BMW,Male,Overtaking moving vehicle - offside,Car,Nearside,249,3
2012,80,5,Urban area,Kerb,Lamp post,Not at or within 20 metres of junction,NISSAN,Female,Going ahead other,Car,Front,253,6
2012,61,12,Urban area,Bollard or refuge,Other permanent object,Mid Junction - on roundabout or on main road,FORD,Female,Changing lane to right,Car,Nearside,280,5
2012,61,9,Urban area,Bollard or refuge,Road sign or traffic signal,Mid Junction - on roundabout or on main road,ROVER,Female,Turning right,Car,Nearside,694,10
2012,58,9,Urban area,Bollard or refuge,Road sign or traffic signal,Mid Junction - on roundabout or on main road,FIAT,Female,Going ahead other,Car,Front,529,6
2012,34,6,Urban area,Kerb,Central crash barrier,Approaching junction or waiting/parked at junction approach,TOYOTA,Female,Changing lane to right,Car,Front,459,3
2012,26,8,Urban area,Kerb,Tree,Not at or within 20 metres of junction,KAWASAKI,Male,Going ahead other,Motorcycle ,Front,265,9
2012,75,7,Urban area,Bollard or refuge,Other permanent object,Mid Junction - on roundabout or on main road,RENAULT,Female,Going ahead other,Car,Nearside,711,1
2012,57,4,Urban area,Bollard or refuge,Lamp post,Mid Junction - on roundabout or on main road,MITSUBISHI,Female,Going ahead other,Car,Nearside,585,2
2012,70,15,Urban area,Parked vehicle,Road sign or traffic signal,Mid Junction - on roundabout or on main road,MITSUBISHI,Female,Going ahead right-hand bend,Car,Did not impact,320,10
2012,37,9,Urban area,Parked vehicle,Other permanent object,Not at or within 20 metres of junction,AUDI,Male,Overtaking static vehicle - offside,Car,Front,500,4
2012,46,13,Urban area,Bollard or refuge,Other permanent object,Approaching junction or waiting/parked at junction approach,HYUNDAI,Female,Going ahead other,Car,Front,526,3
2012,22,12,Urban area,Bollard or refuge,Other permanent object,Approaching junction or waiting/parked at junction approach,PEUGEOT,Male,Going ahead other,Car,Front,514,12
2012,67,1,Rural,Kerb,Other permanent object,Not at or within 20 metres of junction,LAND ROVER,Male,Overtaking moving vehicle - offside,Car,Offside,734,5
2012,55,11,Urban area,Kerb,Other permanent object,Not at or within 20 metres of junction,RENAULT,Male,Going ahead right-hand bend,Car,Offside,466,9
2012,80,2,Urban area,Bollard or refuge,Other permanent object,Mid Junction - on roundabout or on main road,FORD,Male,Overtaking moving vehicle - offside,Car,Front,562,10
2012,35,1,Urban area,Kerb,Submerged in water,Not at or within 20 metres of junction,BMW,Male,Going ahead other,Car,Front,294,2
2012,48,1,Urban area,Bollard or refuge,Central crash barrier,Cleared junction or waiting/parked at junction exit,HYUNDAI,Male,Going ahead left-hand bend,Car,Front,417,3
2012,44,11,Urban area,Bollard or refuge,Road sign or traffic signal,Mid Junction - on roundabout or on main road,VOLKSWAGEN,Male,Going ahead other,Car,Nearside,685,5
2012,65,10,Urban area,Kerb,Lamp post,Not at or within 20 metres of junction,PEUGEOT,Male,Going ahead left-hand bend,Car,Offside,533,8
2012,22,8,Rural,Bollard or refuge,Road sign or traffic signal,Mid Junction - on roundabout or on main road,MINI,Male,Overtaking - nearside,Car,Front,586,7
2012,26,3,Urban area,Parked vehicle,Other permanent object,Not at or within 20 metres of junction,BMW,Male,Going ahead left-hand bend,Car,Front,757,2
2012,51,2,Urban area,Bollard or refuge,Lamp post,Mid Junction - on roundabout or on main road,TOYOTA,Female,Going ahead other,Car,Front,401,1
2012,46,4,Urban area,Bollard or refuge,Other permanent object,Cleared junction or waiting/parked at junction exit,AUDI,Male,Overtaking - nearside,Car,Front,522,11
2012,75,5,Urban area,Bollard or refuge,Lamp post,Leaving main road,SUZUKI,Male,Turning left,Car,Offside,718,9
2012,32,16,Urban area,Bollard or refuge,Other permanent object,Approaching junction or waiting/parked at junction approach,MERCEDES,Male,Going ahead right-hand bend,Car,Front,677,12
2012,34,6,Urban area,Bollard or refuge,Other permanent object,Approaching junction or waiting/parked at junction approach,PEUGEOT,Male,Going ahead other,Car,Front,680,6
2012,46,7,Rural,Parked vehicle,Other permanent object,Not at or within 20 metres of junction,VOLVO,Male,Going ahead other,Car,Back,135,8
2012,74,1,Urban area,Bollard or refuge,Central crash barrier,Not at or within 20 metres of junction,PEUGEOT,Male,Going ahead left-hand bend,Car,Front,691,12
2012,62,10,Urban area,Bollard or refuge,Central crash barrier,Not at or within 20 metres of junction,RENAULT,Female,Going ahead other,Car,Back,244,5
2012,23,9,Small town,Bollard or refuge,Central crash barrier,Not at or within 20 metres of junction,RENAULT,Female,Going ahead other,Car,Offside,434,12
2012,64,6,Urban area,Bridge (side),Other permanent object,Not at or within 20 metres of junction,NISSAN,Male,Going ahead right-hand bend,Car,Nearside,335,7
2012,68,12,Urban area,Bollard or refuge,Near/Offside crash barrier,Not at or within 20 metres of junction,CITROEN,Female,Going ahead other,Car,Front,721,12
2012,78,9,Urban area,Bollard or refuge,Central crash barrier,Approaching junction or waiting/parked at junction approach,MERCEDES,Male,Going ahead other,Van / Goods ,Front,416,2
2012,37,3,Urban area,Bollard or refuge,Near/Offside crash barrier,Not at or within 20 metres of junction,FORD,Female,Going ahead other,Car,Front,687,9
2012,23,6,Urban area,Kerb,Lamp post,Entering roundabout,RENAULT,Male,Going ahead other,Car,Nearside,237,5
2012,36,8,Urban area,Kerb,Tree,Approaching junction or waiting/parked at junction approach,CITROEN,Female,Changing lane to left,Car,Back,766,12
2012,78,4,Urban area,Kerb,Other permanent object,Entering main road,FORD,Female,Going ahead other,Car,Front,514,0
2012,42,9,Urban area,Bollard or refuge,Entered ditch,Not at or within 20 metres of junction,RENAULT,Male,Going ahead left-hand bend,Car,Front,639,3
2012,75,21,Urban area,Kerb,Other permanent object,Mid Junction - on roundabout or on main road,VOLKSWAGEN,Male,Going ahead other,Car,Front,421,7
2012,25,9,Urban area,Kerb,Entered ditch,Approaching junction or waiting/parked at junction approach,FORD,Female,Going ahead left-hand bend,Car,Front,497,10
2012,61,11,Urban area,Kerb,Tree,Not at or within 20 metres of junction,RENAULT,Female,Going ahead right-hand bend,Car,Front,617,8
2012,18,1,Urban area,Any animal (except ridden horse),Tree,Not at or within 20 metres of junction,SUBARU,Male,Going ahead other,Car,Front,436,3
2012,44,5,Urban area,Central island of roundabout,Tree,Mid Junction - on roundabout or on main road,PEUGEOT,Male,Going ahead other,Car,Offside,120,2
2012,42,4,Urban area,Bollard or refuge,Road sign or traffic signal,Mid Junction - on roundabout or on main road,PEUGEOT,Male,Going ahead other,Car,Front,359,12
2012,38,8,Urban area,Kerb,Other permanent object,Mid Junction - on roundabout or on main road,HONDA,Male,Turning left,Car,Nearside,629,10
2012,31,11,Urban area,Kerb,Entered ditch,Not at or within 20 metres of junction,FORD,Male,Going ahead left-hand bend,Car,Front,179,11
2012,75,11,Urban area,Bollard or refuge,Road sign or traffic signal,Leaving roundabout,TOYOTA,Male,Going ahead other,Car,Front,317,1
2012,49,1,Urban area,Road works,Tree,Not at or within 20 metres of junction,CITROEN,Female,Going ahead other,Car,Front,480,4
2012,30,2,Urban area,Kerb,Near/Offside crash barrier,Not at or within 20 metres of junction,MERCEDES,Male,Going ahead other,Car,Front,502,2
2012,22,13,Urban area,Kerb,Other permanent object,Not at or within 20 metres of junction,FORD,Male,Going ahead other,Car,Front,399,0
2012,80,18,Urban area,Kerb,Other permanent object,Not at or within 20 metres of junction,ROVER,Male,Going ahead left-hand bend,Car,Front,588,12
2012,45,14,Urban area,Kerb,Other permanent object,Not at or within 20 metres of junction,HARLEY-DAVIDSON,Male,Going ahead right-hand bend,Motorcycle ,Nearside,677,5
2012,40,4,Urban area,Kerb,Entered ditch,Not at or within 20 metres of junction,RENAULT,Female,Going ahead other,Car,Did not impact,665,2
2012,56,11,Urban area,Kerb,Entered ditch,Not at or within 20 metres of junction,FORD,Female,Going ahead other,Car,Front,686,8
2012,57,9,Small town,Parked vehicle,Other permanent object,Not at or within 20 metres of junction,SKODA,Male,Going ahead right-hand bend,Car,Front,738,4
2012,34,2,Urban area,Kerb,Other permanent object,Mid Junction - on roundabout or on main road,VOLKSWAGEN,Female,Going ahead other,Car,Front,214,8
2012,75,4,Rural,Kerb,Other permanent object,Not at or within 20 metres of junction,FORD,Male,Going ahead other,Car,Front,521,4
2012,43,10,Small town,Any animal (except ridden horse),Tree,Not at or within 20 metres of junction,CITROEN,Male,Going ahead left-hand bend,Car,Front,378,9
2012,53,4,Urban area,Kerb,Other permanent object,Not at or within 20 metres of junction,MERCEDES,Male,Turning right,Car,Nearside,660,6
2012,26,1,Rural,Kerb,Tree,Not at or within 20 metres of junction,VOLKSWAGEN,Female,Going ahead left-hand bend,Car,Front,368,10
2012,66,11,Urban area,Kerb,Near/Offside crash barrier,Not at or within 20 metres of junction,FORD,Female,Going ahead left-hand bend,Car,Front,770,9
2012,54,9,Urban area,Kerb,Other permanent object,Approaching junction or waiting/parked at junction approach,RENAULT,Male,Going ahead left-hand bend,Car,Nearside,596,8
2012,76,6,Urban area,Kerb,Entered ditch,Not at or within 20 metres of junction,SKODA,Male,Going ahead other,Car,Nearside,661,7
2012,46,4,Urban area,Bollard or refuge,Near/Offside crash barrier,Approaching junction or waiting/parked at junction approach,FORD,Female,Going ahead other,Car,Nearside,476,0
2012,77,12,Urban area,Bollard or refuge,Other permanent object,Mid Junction - on roundabout or on main road,FIAT,Female,Going ahead other,Car,Front,292,7
2012,58,7,Urban area,Kerb,Near/Offside crash barrier,Not at or within 20 metres of junction,FORD,Female,Going ahead left-hand bend,Car,Front,512,12
2012,45,10,Urban area,Kerb,Tree,Mid Junction - on roundabout or on main road,RENAULT,Male,Going ahead right-hand bend,Car,Front,606,12
2012,65,15,Rural,Kerb,Other permanent object,Not at or within 20 metres of junction,JEEP,Male,Going ahead other,Car,Front,436,10
2012,46,11,Small town,Kerb,Lamp post,Not at or within 20 metres of junction,SUZUKI,Female,Going ahead left-hand bend,Car,Front,298,4
2012,39,4,Urban area,Kerb,Entered ditch,Not at or within 20 metres of junction,VOLKSWAGEN,Female,Going ahead right-hand bend,Car,Front,109,0
2012,63,12,Urban area,Bollard or refuge,Road sign or traffic signal,Approaching junction or waiting/parked at junction approach,TOYOTA,Male,Going ahead other,Car,Front,640,1
2012,51,16,Small town,Kerb,Other permanent object,Not at or within 20 metres of junction,TOYOTA,Male,Going ahead left-hand bend,Car,Front,283,3
2012,54,3,Urban area,Kerb,Road sign or traffic signal,Leaving main road,SKODA,Male,Going ahead other,Car,Nearside,433,6
2012,55,7,Urban area,Parked vehicle,Near/Offside crash barrier,Not at or within 20 metres of junction,RENAULT,Male,Going ahead other,Car,Front,286,11
2012,71,5,Rural,Kerb,Near/Offside crash barrier,Approaching junction or waiting/parked at junction approach,SUZUKI,Female,Going ahead other,Car,Nearside,316,6
2012,22,14,Urban area,Kerb,Wall or fence,Entering main road,VOLKSWAGEN,Male,Turning left,Car,Front,274,0
2012,50,10,Urban area,Kerb,Wall or fence,Entering main road,FIAT,Male,Going ahead other,Van / Goods ,Front,186,0
2012,48,12,Urban area,Kerb,Other permanent object,Approaching junction or waiting/parked at junction approach,RENAULT,Female,Going ahead right-hand bend,Car,Offside,609,11
2012,24,9,Urban area,Other object,Road sign or traffic signal,Not at or within 20 metres of junction,RENAULT,Male,Going ahead other,Car,Did not impact,300,2
2012,37,11,Urban area,Kerb,Road sign or traffic signal,Approaching junction or waiting/parked at junction approach,FORD,Male,Going ahead other,Car,Front,199,6
2012,73,2,Urban area,Kerb,Wall or fence,Mid Junction - on roundabout or on main road,AUDI,Male,Going ahead other,Car,Front,747,8
2012,48,12,Urban area,Previous accident,Near/Offside crash barrier,Not at or within 20 metres of junction,BMW,Female,Going ahead other,Car,Did not impact,134,4
2012,50,5,Rural,Other object,Telegraph or electricity pole,Not at or within 20 metres of junction,VOLKSWAGEN,Female,Going ahead right-hand bend,Car,Front,284,8
2012,25,12,Urban area,Bollard or refuge,Other permanent object,Approaching junction or waiting/parked at junction approach,VOLKSWAGEN,Female,Going ahead other,Car,Front,385,7
2012,27,11,Urban area,Bollard or refuge,Lamp post,Mid Junction - on roundabout or on main road,MERCEDES,Male,Going ahead other,Car,Front,444,2
2012,44,6,Urban area,Kerb,Lamp post,Not at or within 20 metres of junction,FORD,Male,Going ahead other,Car,Front,196,2
2012,58,3,Urban area,Kerb,Tree,Entering roundabout,SUZUKI,Female,Going ahead other,Car,Front,483,3
2012,64,10,Urban area,Kerb,Tree,Approaching junction or waiting/parked at junction approach,PEUGEOT,Male,Going ahead other,Car,Front,184,4
2012,45,8,Urban area,Any animal (except ridden horse),Wall or fence,Not at or within 20 metres of junction,MINI,Female,Going ahead other,Car,Front,557,4
2012,34,10,Urban area,Bollard or refuge,Lamp post,Not at or within 20 metres of junction,BMW,Male,Going ahead other,Car,Front,122,7
2012,67,9,Urban area,Kerb,Near/Offside crash barrier,Approaching junction or waiting/parked at junction approach,RENAULT,Female,Going ahead other,Car,Front,587,2
2012,28,7,Urban area,Kerb,Central crash barrier,Not at or within 20 metres of junction,VOLKSWAGEN,Female,Going ahead other,Van / Goods ,Offside,284,8
2012,32,12,Urban area,Kerb,Wall or fence,Not at or within 20 metres of junction,AUDI,Male,Going ahead other,Car,Front,165,8
2012,72,10,Small town,Kerb,Entered ditch,Not at or within 20 metres of junction,PEUGEOT,Female,Going ahead other,Car,Offside,667,2
2012,54,5,Urban area,Parked vehicle,Wall or fence,Mid Junction - on roundabout or on main road,AUDI,Male,Going ahead other,Car,Front,646,4
2012,31,8,Rural,Bollard or refuge,Road sign or traffic signal,Not at or within 20 metres of junction,RENAULT,Female,Overtaking moving vehicle - offside,Car,Front,332,7
2012,29,7,Urban area,Kerb,Entered ditch,Not at or within 20 metres of junction,MINI,Female,Going ahead other,Car,Offside,588,3
2012,22,8,Small town,Parked vehicle,Other permanent object,Not at or within 20 metres of junction,RENAULT,Female,Going ahead other,Car,Offside,696,1
2012,53,12,Small town,Parked vehicle,Wall or fence,Not at or within 20 metres of junction,SUZUKI,Female,Going ahead other,Car,Nearside,637,2
2012,32,8,Small town,Bollard or refuge,Road sign or traffic signal,Not at or within 20 metres of junction,NISSAN,Female,Going ahead other,Car,Front,669,5
2012,23,14,Rural,Kerb,Telegraph or electricity pole,Not at or within 20 metres of junction,PEUGEOT,Male,Going ahead other,Car,Nearside,482,10
2012,36,11,Urban area,Bollard or refuge,Central crash barrier,Not at or within 20 metres of junction,SUZUKI,Female,Going ahead other,Car,Offside,280,12
2012,66,7,Urban area,Parked vehicle,Wall or fence,Entering main road,MAZDA,Female,Going ahead other,Car,Nearside,490,0
2012,32,10,Urban area,Parked vehicle,Wall or fence,Not at or within 20 metres of junction,FORD,Female,Going ahead other,Car,Front,441,12
2012,63,6,Small town,Parked vehicle,Other permanent object,Not at or within 20 metres of junction,FORD,Male,Going ahead other,Car,Front,709,8
2012,41,4,Rural,Bollard or refuge,Road sign or traffic signal,Not at or within 20 metres of junction,VOLKSWAGEN,Female,Overtaking moving vehicle - offside,Car,Front,409,5
2012,30,9,Rural,Central island of roundabout,Lamp post,Entering roundabout,FIAT,Male,Going ahead other,Car,Front,187,7
2012,63,14,Urban area,Parked vehicle,Other permanent object,Not at or within 20 metres of junction,PEUGEOT,Male,Going ahead other,Car,Did not impact,567,7
2012,23,10,Urban area,Kerb,Other permanent object,Not at or within 20 metres of junction,YAMAHA,Male,Going ahead other,Motorcycle 50cc and under,Front,695,8
2012,40,6,Rural,Parked vehicle,Tree,Not at or within 20 metres of junction,RENAULT,Male,Going ahead other,Car,Nearside,374,6
2012,31,13,Urban area,Kerb,Tree,Not at or within 20 metres of junction,PEUGEOT,Female,Going ahead other,Car,Nearside,617,0
2012,47,10,Urban area,Kerb,Other permanent object,Mid Junction - on roundabout or on main road,PEUGEOT,Female,Going ahead other,Car,Nearside,752,3
2012,34,4,Small town,Bridge (side),Wall or fence,Not at or within 20 metres of junction,FORD,Female,Going ahead left-hand bend,Car,Front,553,3
2012,74,11,Urban area,Any animal (except ridden horse),Telegraph or electricity pole,Not at or within 20 metres of junction,FORD,Male,Going ahead other,Car,Front,356,4
2012,37,3,Urban area,Bollard or refuge,Bus stop or bus shelter,Approaching junction or waiting/parked at junction approach,MAZDA,Male,Going ahead other,Car,Front,165,1
2012,66,12,Urban area,Kerb,Road sign or traffic signal,Mid Junction - on roundabout or on main road,HONDA,Male,Going ahead other,Motorcycle ,Front,771,4
2012,72,13,Urban area,Kerb,Wall or fence,Not at or within 20 metres of junction,RENAULT,Male,Going ahead left-hand bend,Car,Front,420,5
2012,80,2,Urban area,Bollard or refuge,Other permanent object,Not at or within 20 metres of junction,RENAULT,Male,Going ahead left-hand bend,Car,Front,687,12
2012,71,10,Urban area,Kerb,Tree,Leaving main road,RENAULT,Male,Turning left,Car,Front,163,10
2012,51,1,Urban area,Central island of roundabout,Road sign or traffic signal,Entering roundabout,DUCATI,Male,Going ahead other,Motorcycle ,Front,348,0
2012,39,5,Urban area,Kerb,Near/Offside crash barrier,Not at or within 20 metres of junction,PEUGEOT,Male,Going ahead right-hand bend,Car,Front,176,5
2012,41,3,Urban area,Kerb,Entered ditch,Not at or within 20 metres of junction,SKODA,Male,Going ahead other,Taxi/Private hire car,Front,620,10
2012,76,8,Urban area,Any animal (except ridden horse),Other permanent object,Not at or within 20 metres of junction,TOYOTA,Male,Going ahead other,Car,Front,737,10
2012,28,4,Rural,Kerb,Bus stop or bus shelter,Not at or within 20 metres of junction,PEUGEOT,Male,Going ahead other,Motorcycle 125cc and under,Front,524,11
2012,35,10,Rural,Kerb,Wall or fence,Not at or within 20 metres of junction,SUZUKI,Male,Going ahead other,Car,Offside,208,1
2012,59,13,Urban area,Bridge (side),Other permanent object,Not at or within 20 metres of junction,FORD,Male,Going ahead right-hand bend,Car,Front,699,0
2012,74,9,Urban area,Kerb,Tree,Not at or within 20 metres of junction,TOYOTA,Female,Going ahead left-hand bend,Car,Nearside,454,5
2012,59,3,Urban area,Kerb,Wall or fence,Approaching junction or waiting/parked at junction approach,NISSAN,Male,Going ahead other,Car,Nearside,458,2
2012,39,4,Urban area,Kerb,Other permanent object,Cleared junction or waiting/parked at junction exit,VOLKSWAGEN,Male,Parked,Car,Offside,669,12
2012,64,14,Urban area,Bollard or refuge,Road sign or traffic signal,Approaching junction or waiting/parked at junction approach,NISSAN,Male,Going ahead other,Car,Front,664,3
2012,49,5,Urban area,Kerb,Other permanent object,Approaching junction or waiting/parked at junction approach,TOYOTA,Female,Parked,Car,Back,100,2
2012,60,11,Urban area,Kerb,Other permanent object,Not at or within 20 metres of junction,CITROEN,Male,Going ahead left-hand bend,Car,Back,744,7
2012,67,9,Urban area,Kerb,Other permanent object,Not at or within 20 metres of junction,FORD,Female,Going ahead other,Car,Nearside,418,5
2012,21,2,Urban area,Kerb,Other permanent object,Not at or within 20 metres of junction,FORD,Female,Going ahead other,Car,Offside,599,4
2012,80,12,Urban area,Kerb,Road sign or traffic signal,Not at or within 20 metres of junction,VOLKSWAGEN,Female,Going ahead right-hand bend,Car,Nearside,723,4
2012,36,3,Urban area,Kerb,Near/Offside crash barrier,Approaching junction or waiting/parked at junction approach,VOLKSWAGEN,Female,Going ahead other,Car,Front,693,7
2012,40,1,Urban area,Parked vehicle,Other permanent object,Not at or within 20 metres of junction,FORD,Male,Going ahead other,Car,Front,534,3
2012,54,7,Urban area,Central island of roundabout,Road sign or traffic signal,Entering roundabout,MAZDA,Male,Going ahead other,Car,Front,797,10
2012,27,7,Urban area,Kerb,Road sign or traffic signal,Approaching junction or waiting/parked at junction approach,TOYOTA,Male,Going ahead other,Car,Front,767,6
2012,78,5,Urban area,Kerb,Tree,Not at or within 20 metres of junction,TOYOTA,Male,Going ahead other,Taxi/Private hire car,Front,684,0
2012,56,9,Urban area,Central island of roundabout,Tree,Mid Junction - on roundabout or on main road,MINI,Female,Going ahead other,Car,Front,515,7
2012,50,5,Small town,Kerb,Bus stop or bus shelter,Approaching junction or waiting/parked at junction approach,BMW,Male,Going ahead other,Car,Front,427,9
2012,51,13,Urban area,Kerb,Other permanent object,Cleared junction or waiting/parked at junction exit,FORD,Female,Turning right,Car,Front,762,8
2012,79,3,Urban area,Bollard or refuge,Other permanent object,Approaching junction or waiting/parked at junction approach,FORD,Male,Going ahead other,Car,Front,361,3
2012,19,1,Urban area,Central island of roundabout,Road sign or traffic signal,Entering roundabout,PEUGEOT,Male,Going ahead other,Car,Front,548,9
2012,71,9,Urban area,Kerb,Near/Offside crash barrier,Not at or within 20 metres of junction,SAAB,Male,Overtaking static vehicle - offside,Car,Did not impact,290,5
2012,63,2,Urban area,Kerb,Other permanent object,Not at or within 20 metres of junction,FORD,Male,Overtaking static vehicle - offside,Car,Front,700,10
2012,62,2,Urban area,Kerb,Other permanent object,Not at or within 20 metres of junction,SUZUKI,Male,Going ahead other,Car,Nearside,711,5
2012,28,3,Urban area,Kerb,Other permanent object,Entering main road,FIAT,Female,Turning right,Car,Offside,378,0
2012,51,8,Urban area,Kerb,Lamp post,Approaching junction or waiting/parked at junction approach,KIA,Male,Going ahead right-hand bend,Car,Front,201,8
2012,22,11,Urban area,Kerb,Other permanent object,Not at or within 20 metres of junction,TOYOTA,Male,Going ahead left-hand bend,Car,Front,610,6
2012,36,8,Urban area,Kerb,Road sign or traffic signal,Not at or within 20 metres of junction,TOYOTA,Male,Going ahead left-hand bend,Car,Front,254,7
2012,29,5,Rural,Bollard or refuge,Other permanent object,Not at or within 20 metres of junction,VOLKSWAGEN,Female,Going ahead other,Car,Front,478,1
2012,48,5,Rural,Kerb,Lamp post,Not at or within 20 metres of junction,VOLKSWAGEN,Male,Going ahead left-hand bend,Car,Offside,193,3
2012,20,5,Urban area,Bollard or refuge,Other permanent object,Cleared junction or waiting/parked at junction exit,RENAULT,Male,Going ahead left-hand bend,Car,Front,137,0
2012,64,10,Small town,Kerb,Other permanent object,Not at or within 20 metres of junction,RENAULT,Male,Going ahead other,Car,Front,153,3
2012,21,14,Small town,Kerb,Other permanent object,Not at or within 20 metres of junction,ISUZU,Male,Going ahead other,Car,Front,748,11
2012,18,8,Urban area,Bollard or refuge,Other permanent object,Not at or within 20 metres of junction,MERCEDES,Male,Going ahead other,Car,Front,334,10
2012,39,13,Urban area,Parked vehicle,Other permanent object,Not at or within 20 metres of junction,PEUGEOT,Male,Overtaking moving vehicle - offside,Car,Front,435,11
2012,22,4,Small town,Any animal (except ridden horse),Lamp post,Not at or within 20 metres of junction,CHEVROLET,Male,Going ahead right-hand bend,Car,Front,701,3
2012,61,10,Small town,Kerb,Other permanent object,Approaching junction or waiting/parked at junction approach,CITROEN,Female,Waiting to turn left,Car,Back,232,2
2012,38,11,Small town,Kerb,Lamp post,Leaving roundabout,MINI,Male,Going ahead other,Car,Nearside,659,8
2012,72,14,Urban area,Kerb,Lamp post,Leaving roundabout,RENAULT,Female,Going ahead left-hand bend,Car,Offside,516,6
2012,60,5,Small town,Kerb,Other permanent object,Not at or within 20 metres of junction,RENAULT,Male,Going ahead other,Car,Front,507,7
2012,33,13,Urban area,Kerb,Road sign or traffic signal,Mid Junction - on roundabout or on main road,ROVER,Male,Turning right,Car,Offside,147,8