Year_N,Age_of_Driver_N,Age_of_Vehicle_N,Accident_Area_Type_C,On_road_object_hit_C,Off_road_object_hit _C,Junction_Location_C,Car_Make_C,Driver_Sex_C,Vehicle_Manoeuvre_C,Vehicle_Type_C,Point_of_Impact_C,Cost_of_Incident_N,Weeks_to_Repair_N
2012,46,4,Urban area,Kerb,Tree,Not at or within 20 metres of junction,PEUGEOT,Male,Going ahead right-hand bend,Car,Nearside,205,12
2012,70,11,Urban area,Kerb,Near/Offside crash barrier,Not at or within 20 metres of junction,KIA,Male,Going ahead other,Car,Back,416,10
2012,22,3,Urban area,Kerb,Near/Offside crash barrier,Not at or within 20 metres of junction,NISSAN,Male,Going ahead left-hand bend,Car,Front,260,3
2012,31,13,Urban area,Kerb,Tree,Cleared junction or waiting/parked at junction exit,ROVER,Female,Going ahead right-hand bend,Car,Nearside,555,2
2012,43,7,Urban area,Kerb,Other permanent object,Approaching junction or waiting/parked at junction approach,FORD,Female,Going ahead other,Car,Nearside,189,9
2012,70,13,Urban area,Kerb,Road sign or traffic signal,Approaching junction or waiting/parked at junction approach,VOLKSWAGEN,Male,Going ahead other,Car,Front,310,6
2012,23,11,Urban area,Parked vehicle,Other permanent object,Not at or within 20 metres of junction,FORD,Female,Going ahead right-hand bend,Car,Front,401,7
2012,36,7,Urban area,Kerb,Bus stop or bus shelter,Not at or within 20 metres of junction,VOLKSWAGEN,Male,Going ahead other,Car,Front,391,3
2012,62,9,Urban area,Kerb,Lamp post,Not at or within 20 metres of junction,FORD,Female,Going ahead other,Car,Front,421,2
2012,52,3,Urban area,Kerb,Other permanent object,Not at or within 20 metres of junction,VOLKSWAGEN,Male,Going ahead other,Car,Front,694,9
2012,26,10,Urban area,Bollard or refuge,Near/Offside crash barrier,Not at or within 20 metres of junction,TOYOTA,Male,Going ahead other,Car,Back,275,0
2012,51,6,Urban area,Kerb,Other permanent object,Entering main road,RENAULT,Female,Going ahead other,Car,Offside,297,6
2012,74,13,Urban area,Kerb,Road sign or traffic signal,Leaving roundabout,TOYOTA,Male,Going ahead right-hand bend,Car,Front,510,3
2012,50,21,Urban area,Kerb,Other permanent object,Approaching junction or waiting/parked at junction approach,VOLKSWAGEN,Male,Going ahead other,Car,Back,583,12
2012,67,9,Urban area,Bollard or refuge,Other permanent object,Entering roundabout,FORD,Female,Going ahead other,Car,Nearside,649,12
2012,46,16,Urban area,Kerb,Road sign or traffic signal,Mid Junction - on roundabout or on main road,TOYOTA,Male,Going ahead other,Car,Front,782,1
2012,23,7,Urban area,Kerb,Other permanent object,Not at or within 20 metres of junction,CITROEN,Male,Going ahead right-hand bend,Car,Front,238,6
2012,18,6,Urban area,Bollard or refuge,Road sign or traffic signal,Mid Junction - on roundabout or on main road,HONDA,Female,Going ahead other,Car,Did not impact,761,10
2012,31,12,Urban area,Kerb,Lamp post,Not at or within 20 metres of junction,BMW,Male,Going ahead left-hand bend,Car,Front,162,2
2012,46,14,Urban area,Kerb,Tree,Not at or within 20 metres of junction,FORD,Female,Going ahead other,Car,Front,477,10
2012,74,7,Urban area,Kerb,Tree,Not at or within 20 metres of junction,RENAULT,Female,Going ahead other,Car,Front,422,9
2012,72,10,Urban area,Kerb,Telegraph or electricity pole,Not at or within 20 metres of junction,RENAULT,Male,Going ahead left-hand bend,Car,Offside,356,7
2012,37,1,Urban area,Kerb,Road sign or traffic signal,Not at or within 20 metres of junction,MAZDA,Male,Going ahead left-hand bend,Car,Front,499,12
2012,75,14,Rural,Kerb,Tree,Approaching junction or waiting/parked at junction approach,MERCEDES,Male,Going ahead left-hand bend,Car,Front,673,6
2012,67,7,Urban area,Kerb,Lamp post,Not at or within 20 metres of junction,MINI,Male,Going ahead other,Car,Front,685,5
2012,29,2,Small town,Parked vehicle,Other permanent object,Not at or within 20 metres of junction,BMW,Female,Going ahead other,Car,Front,430,0
2012,62,7,Small town,Kerb,Entered ditch,Not at or within 20 metres of junction,FORD,Female,Going ahead other,Car,Front,237,9
2012,53,12,Small town,Kerb,Entered ditch,Not at or within 20 metres of junction,FORD,Male,Going ahead right-hand bend,Car,Front,238,3
2012,58,8,Small town,Kerb,Other permanent object,Not at or within 20 metres of junction,CHRYSLER,Female,Going ahead other,Car,Front,124,9
2012,29,8,Small town,Bollard or refuge,Central crash barrier,Not at or within 20 metres of junction,RENAULT,Male,Going ahead other,Car,Nearside,494,12
2012,56,3,Small town,Parked vehicle,Other permanent object,Not at or within 20 metres of junction,HONDA,Male,Going ahead other,Car,Front,292,2
2012,65,8,Urban area,Parked vehicle,Wall or fence,Not at or within 20 metres of junction,FORD,Male,Going ahead other,Car,Front,253,0
2012,69,4,Urban area,Parked vehicle,Road sign or traffic signal,Not at or within 20 metres of junction,RENAULT,Female,Going ahead other,Car,Front,560,12
2012,56,10,Rural,Kerb,Tree,Not at or within 20 metres of junction,PEUGEOT,Female,Going ahead left-hand bend,Car,Nearside,413,2
2012,33,12,Urban area,Kerb,Other permanent object,Not at or within 20 metres of junction,FORD,Male,Going ahead other,Car,Front,304,3
2012,52,10,Rural,Other object,Other permanent object,Not at or within 20 metres of junction,MINI,Female,Going ahead other,Car,Front,119,6
2012,42,7,Urban area,Kerb,Other permanent object,Not at or within 20 metres of junction,CITROEN,Female,Going ahead other,Car,Offside,613,11
2012,58,6,Urban area,Bollard or refuge,Near/Offside crash barrier,Not at or within 20 metres of junction,CITROEN,Male,Going ahead left-hand bend,Car,Front,430,10
2012,80,6,Urban area,Other object,Lamp post,Not at or within 20 metres of junction,MINI,Female,Going ahead other,Car,Front,563,9
2012,21,8,Small town,Parked vehicle,Wall or fence,Not at or within 20 metres of junction,HONDA,Female,Going ahead other,Car,Front,513,11
2012,20,8,Rural,Kerb,Lamp post,Not at or within 20 metres of junction,HONDA,Male,Going ahead other,Motorcycle 125cc and under,Front,101,2
2012,28,10,Small town,Kerb,Entered ditch,Not at or within 20 metres of junction,RENAULT,Female,Going ahead other,Car,Front,193,5
2012,29,5,Urban area,Central island of roundabout,Road sign or traffic signal,Entering main road,KIA,Male,Going ahead other,Car,Offside,544,3
2012,38,15,Rural,Kerb,Road sign or traffic signal,Mid Junction - on roundabout or on main road,AUDI,Male,Going ahead other,Car,Front,476,10
2012,24,5,Urban area,Central island of roundabout,Road sign or traffic signal,Approaching junction or waiting/parked at junction approach,PEUGEOT,Male,Going ahead other,Car,Front,299,7
2012,36,8,Urban area,Kerb,Road sign or traffic signal,Cleared junction or waiting/parked at junction exit,TOYOTA,Female,Going ahead other,Car,Front,723,10
2012,49,8,Small town,Kerb,Tree,Mid Junction - on roundabout or on main road,SAAB,Male,Turning right,Car,Front,152,12
2012,52,15,Urban area,Kerb,Near/Offside crash barrier,Entering roundabout,VOLKSWAGEN,Male,Turning left,Car,Back,300,10
2012,76,5,Urban area,Kerb,Other permanent object,Approaching junction or waiting/parked at junction approach,SKODA,Male,Going ahead other,Car,Front,198,0
2012,57,11,Small town,Kerb,Central crash barrier,Not at or within 20 metres of junction,RENAULT,Male,Going ahead other,Car,Front,495,7
2012,71,6,Urban area,Bollard or refuge,Other permanent object,Approaching junction or waiting/parked at junction approach,VOLKSWAGEN,Male,Reversing,Car,Back,582,9
2012,67,7,Urban area,Bollard or refuge,Central crash barrier,Mid Junction - on roundabout or on main road,SKODA,Male,Going ahead other,Car,Front,800,2
2012,47,5,Urban area,Kerb,Lamp post,Not at or within 20 metres of junction,SKODA,Male,Going ahead other,Taxi/Private hire car,Front,575,8
2012,80,1,Urban area,Kerb,Road sign or traffic signal,Not at or within 20 metres of junction,HONDA,Male,Going ahead other,Motorcycle 125cc and under,Front,234,10
2012,64,13,Urban area,Kerb,Lamp post,Leaving roundabout,MERCEDES,Male,Waiting to turn left,Car,Front,306,11
2012,35,12,Urban area,Bollard or refuge,Other permanent object,Not at or within 20 metres of junction,FORD,Male,Going ahead left-hand bend,Car,Offside,655,11
2012,78,12,Urban area,Bollard or refuge,Near/Offside crash barrier,Leaving roundabout,FORD,Male,Turning left,Car,Nearside,183,3
2012,41,10,Urban area,Kerb,Tree,Not at or within 20 metres of junction,ROVER,Male,Going ahead other,Car,Offside,387,12
2012,27,7,Rural,Bollard or refuge,Telegraph or electricity pole,Cleared junction or waiting/parked at junction exit,PEUGEOT,Female,Going ahead right-hand bend,Car,Front,559,11
2012,31,3,Urban area,Kerb,Central crash barrier,Leaving main road,VOLKSWAGEN,Male,Turning right,Car,Nearside,143,3
2012,54,5,Urban area,Kerb,Other permanent object,Not at or within 20 metres of junction,FORD,Male,Going ahead other,Taxi/Private hire car,Back,532,0
2012,45,4,Urban area,Kerb,Road sign or traffic signal,Cleared junction or waiting/parked at junction exit,FIAT,Male,Going ahead left-hand bend,Car,Front,541,0
2012,23,5,Urban area,Kerb,Other permanent object,Not at or within 20 metres of junction,MAZDA,Male,Going ahead other,Car,Front,729,10
2012,76,8,Urban area,Kerb,Lamp post,Not at or within 20 metres of junction,RENAULT,Male,Going ahead other,Car,Front,335,5
2012,67,1,Urban area,Kerb,Other permanent object,Not at or within 20 metres of junction,PEUGEOT,Male,Going ahead right-hand bend,Car,Front,550,9
2012,70,10,Urban area,Bollard or refuge,Central crash barrier,Mid Junction - on roundabout or on main road,FIAT,Male,Going ahead other,Car,Front,757,8
2012,31,9,Urban area,Kerb,Bus stop or bus shelter,Not at or within 20 metres of junction,PEUGEOT,Female,Going ahead other,Car,Back,587,0
2012,64,4,Urban area,Kerb,Tree,Not at or within 20 metres of junction,MAZDA,Male,Going ahead left-hand bend,Car,Front,390,5
2012,20,12,Urban area,Bollard or refuge,Central crash barrier,Not at or within 20 metres of junction,NISSAN,Female,Going ahead other,Car,Back,365,6
2012,68,6,Urban area,Kerb,Tree,Approaching junction or waiting/parked at junction approach,BMW,Female,Going ahead other,Car,Nearside,785,12
2012,44,13,Urban area,Kerb,Other permanent object,Not at or within 20 metres of junction,ROVER,Female,Going ahead left-hand bend,Car,Front,524,0
2012,70,4,Urban area,Kerb,Other permanent object,Not at or within 20 metres of junction,FIAT,Female,Going ahead other,Car,Front,784,0
2012,29,13,Urban area,Kerb,Other permanent object,Mid Junction - on roundabout or on main road,HONDA,Male,Going ahead other,Car,Nearside,307,6
2012,42,11,Urban area,Kerb,Other permanent object,Entering roundabout,FORD,Female,Moving off,Car,Front,609,5
2012,65,8,Urban area,Parked vehicle,Other permanent object,Not at or within 20 metres of junction,SUZUKI,Male,Reversing,Car,Front,442,2
2012,60,4,Urban area,Kerb,Other permanent object,Approaching junction or waiting/parked at junction approach,RENAULT,Female,Slowing or stopping,Car,Offside,277,6
2012,25,13,Urban area,Kerb,Tree,Not at or within 20 metres of junction,CITROEN,Male,Going ahead left-hand bend,Car,Nearside,341,6
2012,36,7,Urban area,Kerb,Lamp post,Approaching junction or waiting/parked at junction approach,RENAULT,Male,Going ahead other,Car,Front,557,8
2012,18,10,Urban area,Kerb,Other permanent object,Not at or within 20 metres of junction,MINI,Male,Going ahead right-hand bend,Car,Front,475,5
2012,77,2,Urban area,Bollard or refuge,Road sign or traffic signal,Not at or within 20 metres of junction,MERCEDES,Male,Going ahead other,Car,Offside,308,10
2012,48,11,Urban area,Kerb,Other permanent object,Leaving main road,PEUGEOT,Male,Turning right,Car,Front,360,10
2012,77,10,Urban area,Kerb,Lamp post,Leaving roundabout,PEUGEOT,Male,Going ahead left-hand bend,Car,Offside,578,8
2012,70,15,Urban area,Kerb,Other permanent object,Not at or within 20 metres of junction,PEUGEOT,Female,Going ahead other,Car,Front,634,4
2012,23,8,Urban area,Central island of roundabout,Lamp post,Mid Junction - on roundabout or on main road,FORD,Male,Going ahead other,Van / Goods ,Front,618,11
2012,43,9,Urban area,Bollard or refuge,Other permanent object,Cleared junction or waiting/parked at junction exit,BMW,Male,Going ahead other,Car,Front,199,11
2012,18,10,Urban area,Kerb,Near/Offside crash barrier,Not at or within 20 metres of junction,TOYOTA,Female,Going ahead left-hand bend,Car,Front,315,5
2012,24,7,Urban area,Kerb,Telegraph or electricity pole,Not at or within 20 metres of junction,MINI,Female,Going ahead right-hand bend,Car,Front,507,11
2012,52,2,Urban area,Kerb,Other permanent object,Not at or within 20 metres of junction,CITROEN,Female,Moving off,Car,Front,341,3
2012,64,13,Urban area,Kerb,Other permanent object,Not at or within 20 metres of junction,HONDA,Male,Going ahead left-hand bend,Car,Nearside,419,10
2012,47,6,Urban area,Kerb,Lamp post,Mid Junction - on roundabout or on main road,BMW,Male,Going ahead other,Car,Front,255,7
2012,43,5,Urban area,Kerb,Road sign or traffic signal,Cleared junction or waiting/parked at junction exit,AUDI,Male,Going ahead right-hand bend,Car,Front,581,4
2012,26,9,Urban area,Kerb,Other permanent object,Cleared junction or waiting/parked at junction exit,HYUNDAI,Female,Going ahead right-hand bend,Car,Front,331,12
2012,32,8,Urban area,Kerb,Tree,Leaving main road,PEUGEOT,Male,Turning right,Car,Nearside,566,1
2012,52,8,Urban area,Kerb,Lamp post,Leaving roundabout,VOLKSWAGEN,Female,Going ahead other,Car,Front,225,6
2012,72,14,Urban area,Kerb,Other permanent object,Mid Junction - on roundabout or on main road,AUDI,Male,Going ahead other,Car,Nearside,705,4
2012,52,9,Urban area,Parked vehicle,Other permanent object,Not at or within 20 metres of junction,MITSUBISHI,Female,Going ahead other,Car,Front,226,12
2012,62,5,Urban area,Kerb,Other permanent object,Not at or within 20 metres of junction,VOLKSWAGEN,Female,Going ahead other,Car,Nearside,119,1
2012,60,22,Urban area,Kerb,Tree,Not at or within 20 metres of junction,BMW,Male,Going ahead other,Car,Front,408,9
2012,48,6,Urban area,Kerb,Other permanent object,Mid Junction - on roundabout or on main road,KAWASAKI,Male,Going ahead other,Motorcycle ,Nearside,306,3
2012,18,8,Urban area,Bollard or refuge,Near/Offside crash barrier,Entering roundabout,NISSAN,Male,Going ahead other,Van / Goods ,Front,579,1
2012,52,4,Urban area,Kerb,Tree,Not at or within 20 metres of junction,PEUGEOT,Male,Going ahead other,Car,Nearside,445,12
2012,27,14,Urban area,Kerb,Other permanent object,Leaving roundabout,ROVER,Male,Going ahead other,Car,Front,312,11
2012,72,3,Rural,Kerb,Lamp post,Mid Junction - on roundabout or on main road,LAND ROVER,Male,Going ahead other,Car,Front,414,0
2012,18,4,Urban area,Parked vehicle,Other permanent object,Not at or within 20 metres of junction,PEUGEOT,Male,Going ahead right-hand bend,Car,Front,605,6
2012,56,12,Urban area,Bollard or refuge,Road sign or traffic signal,Not at or within 20 metres of junction,HONDA,Male,Going ahead other,Car,Front,249,8
2012,68,8,Urban area,Kerb,Road sign or traffic signal,Not at or within 20 metres of junction,VOLVO,Female,Going ahead other,Car,Front,406,5
2012,73,3,Urban area,Kerb,Road sign or traffic signal,Leaving roundabout,HONDA,Male,Going ahead other,Car,Nearside,523,7
2012,74,5,Rural,Kerb,Other permanent object,Mid Junction - on roundabout or on main road,NISSAN,Female,Going ahead other,Car,Offside,269,8
2012,56,3,Urban area,Bollard or refuge,Tree,Mid Junction - on roundabout or on main road,CHEVROLET,Male,Going ahead other,Car,Front,378,4
2012,61,11,Urban area,Kerb,Other permanent object,Cleared junction or waiting/parked at junction exit,CITROEN,Female,Going ahead other,Car,Front,565,3
2012,27,13,Urban area,Bollard or refuge,Road sign or traffic signal,Cleared junction or waiting/parked at junction exit,FORD,Male,Going ahead other,Car,Front,622,7
2012,27,1,Urban area,Kerb,Other permanent object,Not at or within 20 metres of junction,JAGUAR,Male,Overtaking static vehicle - offside,Car,Front,458,11
2012,63,5,Small town,Kerb,Other permanent object,Mid Junction - on roundabout or on main road,LAND ROVER,Male,Going ahead other,Car,Nearside,438,0
2012,33,2,Urban area,Parked vehicle,Telegraph or electricity pole,Not at or within 20 metres of junction,MAZDA,Male,Going ahead other,Car,Front,626,8
2012,35,3,Urban area,Parked vehicle,Other permanent object,Approaching junction or waiting/parked at junction approach,VOLKSWAGEN,Male,Going ahead left-hand bend,Car,Front,190,8
2012,60,8,Urban area,Central island of roundabout,Tree,Entering roundabout,TOYOTA,Male,Going ahead other,Car,Front,295,12
2012,74,8,Urban area,Kerb,Lamp post,Approaching junction or waiting/parked at junction approach,VOLKSWAGEN,Male,Going ahead left-hand bend,Car,Front,328,5
2012,73,11,Urban area,Kerb,Other permanent object,Not at or within 20 metres of junction,BMW,Male,Going ahead other,Car,Front,240,6
2012,21,11,Small town,Kerb,Lamp post,Mid Junction - on roundabout or on main road,FORD,Female,Going ahead other,Car,Offside,319,8
2012,31,10,Urban area,Bollard or refuge,Other permanent object,Not at or within 20 metres of junction,PEUGEOT,Female,Going ahead other,Car,Front,588,12
2012,53,3,Urban area,Central island of roundabout,Lamp post,Mid Junction - on roundabout or on main road,VOLVO,Male,Turning right,Car,Front,668,3
2012,70,14,Urban area,Bollard or refuge,Central crash barrier,Not at or within 20 metres of junction,TOYOTA,Female,Going ahead other,Car,Front,151,6
2012,75,9,Urban area,Kerb,Near/Offside crash barrier,Not at or within 20 metres of junction,RENAULT,Male,Changing lane to right,Car,Front,768,0
2012,30,11,Urban area,Kerb,Near/Offside crash barrier,Not at or within 20 metres of junction,CITROEN,Male,Going ahead left-hand bend,Car,Front,593,5
2012,57,15,Urban area,Kerb,Tree,Approaching junction or waiting/parked at junction approach,FORD,Female,Going ahead left-hand bend,Car,Front,459,3
2012,56,2,Urban area,Kerb,Lamp post,Not at or within 20 metres of junction,VOLKSWAGEN,Male,Going ahead other,Car,Front,123,3
2012,35,1,Urban area,Bollard or refuge,Near/Offside crash barrier,Mid Junction - on roundabout or on main road,NISSAN,Male,Going ahead other,Car,Nearside,765,5
2012,43,13,Urban area,Bollard or refuge,Road sign or traffic signal,Not at or within 20 metres of junction,BMW,Male,Going ahead right-hand bend,Car,Front,733,7
2012,23,2,Urban area,Kerb,Lamp post,Not at or within 20 metres of junction,FORD,Male,Going ahead other,Car,Front,243,3
2012,55,7,Urban area,Kerb,Near/Offside crash barrier,Mid Junction - on roundabout or on main road,CITROEN,Female,Going ahead other,Car,Front,185,10
2012,51,4,Urban area,Kerb,Tree,Not at or within 20 metres of junction,FORD,Male,Going ahead right-hand bend,Car,Front,750,0
2012,73,1,Urban area,Kerb,Lamp post,Leaving main road,FORD,Male,Turning right,Car,Front,456,7
2012,76,9,Urban area,Bollard or refuge,Lamp post,Not at or within 20 metres of junction,MINI,Male,Going ahead other,Car,Offside,439,6
2012,30,3,Urban area,Kerb,Lamp post,Not at or within 20 metres of junction,FORD,Female,Going ahead other,Car,Front,604,10
2012,77,1,Urban area,Kerb,Lamp post,Approaching junction or waiting/parked at junction approach,MERCEDES,Male,Going ahead other,Car,Front,495,3
2012,56,12,Urban area,Central island of roundabout,Other permanent object,Leaving roundabout,FIAT,Female,Turning left,Car,Front,635,4
2012,51,7,Urban area,Central island of roundabout,Road sign or traffic signal,Entering roundabout,RENAULT,Male,Going ahead other,Car,Front,459,10
2012,57,6,Urban area,Kerb,Other permanent object,Approaching junction or waiting/parked at junction approach,KAWASAKI,Male,Overtaking moving vehicle - offside,Motorcycle ,Front,130,10
2012,59,4,Urban area,Kerb,Lamp post,Mid Junction - on roundabout or on main road,FIAT,Female,Going ahead other,Car,Offside,208,12
2012,51,6,Urban area,Kerb,Tree,Not at or within 20 metres of junction,RENAULT,Female,Going ahead left-hand bend,Car,Front,432,0
2012,23,15,Urban area,Kerb,Other permanent object,Not at or within 20 metres of junction,TOYOTA,Female,Going ahead other,Car,Front,380,11
2012,43,8,Urban area,Bollard or refuge,Near/Offside crash barrier,Not at or within 20 metres of junction,HONDA,Female,Changing lane to right,Car,Front,266,10
2012,23,7,Urban area,Kerb,Other permanent object,Leaving roundabout,AUDI,Male,Going ahead other,Car,Front,791,10
2012,24,1,Urban area,Bollard or refuge,Other permanent object,Cleared junction or waiting/parked at junction exit,CHEVROLET,Female,Going ahead other,Car,Front,604,7
2012,51,23,Urban area,Parked vehicle,Other permanent object,Not at or within 20 metres of junction,TOYOTA,Male,Waiting to go - held up,Car,Front,232,1
2012,68,6,Urban area,Bollard or refuge,Central crash barrier,Cleared junction or waiting/parked at junction exit,VOLKSWAGEN,Female,Going ahead other,Car,Nearside,211,7
2012,56,7,Urban area,Kerb,Road sign or traffic signal,Mid Junction - on roundabout or on main road,VOLKSWAGEN,Male,Going ahead other,Car,Front,482,5
2012,44,2,Urban area,Kerb,Other permanent object,Approaching junction or waiting/parked at junction approach,RENAULT,Male,Going ahead right-hand bend,Car,Front,492,2
2012,73,8,Urban area,Bollard or refuge,Other permanent object,Approaching junction or waiting/parked at junction approach,VOLKSWAGEN,Male,Slowing or stopping,Taxi/Private hire car,Back,563,3
2012,39,15,Urban area,Parked vehicle,Other permanent object,Not at or within 20 metres of junction,PEUGEOT,Male,Going ahead other,Car,Front,321,2
2012,55,12,Urban area,Bollard or refuge,Near/Offside crash barrier,Mid Junction - on roundabout or on main road,SUZUKI,Male,Going ahead other,Motorcycle ,Front,174,10
2012,80,7,Urban area,Kerb,Other permanent object,Not at or within 20 metres of junction,BMW,Male,Going ahead other,Car,Front,636,1
2012,20,9,Urban area,Parked vehicle,Tree,Not at or within 20 metres of junction,HONDA,Male,Going ahead other,Car,Front,170,9
2012,65,2,Urban area,Kerb,Telegraph or electricity pole,Cleared junction or waiting/parked at junction exit,PEUGEOT,Male,Going ahead other,Car,Front,257,9
2012,62,11,Urban area,Parked vehicle,Tree,Mid Junction - on roundabout or on main road,BMW,Male,Reversing,Car,Front,460,12
2012,25,12,Urban area,Kerb,Other permanent object,Cleared junction or waiting/parked at junction exit,PEUGEOT,Male,Turning left,Car,Nearside,747,8
2012,42,8,Urban area,Kerb,Other permanent object,Mid Junction - on roundabout or on main road,FORD,Male,Going ahead other,Van / Goods ,Nearside,511,3
2012,71,12,Urban area,Parked vehicle,Other permanent object,Not at or within 20 metres of junction,ROVER,Male,Going ahead other,Car,Front,443,8
2012,56,12,Urban area,Parked vehicle,Other permanent object,Not at or within 20 metres of junction,VOLKSWAGEN,Male,Going ahead other,Car,Front,485,12
2012,78,21,Urban area,Kerb,Other permanent object,Not at or within 20 metres of junction,HONDA,Male,Overtaking static vehicle - offside,Car,Front,134,11
2012,58,4,Urban area,Bollard or refuge,Other permanent object,Mid Junction - on roundabout or on main road,VOLKSWAGEN,Male,Going ahead other,Car,Front,371,10
2012,38,2,Urban area,Kerb,Lamp post,Mid Junction - on roundabout or on main road,MERCEDES,Male,Turning left,Car,Front,690,8
2012,34,6,Urban area,Bollard or refuge,Road sign or traffic signal,Mid Junction - on roundabout or on main road,HONDA,Female,Moving off,Car,Front,360,5
2012,62,14,Urban area,Kerb,Bus stop or bus shelter,Mid Junction - on roundabout or on main road,AUDI,Male,Going ahead other,Car,Nearside,431,0
2012,60,9,Urban area,Bollard or refuge,Other permanent object,Mid Junction - on roundabout or on main road,SKODA,Male,Going ahead other,Car,Front,797,1
2012,38,10,Urban area,Kerb,Near/Offside crash barrier,Mid Junction - on roundabout or on main road,FORD,Female,Going ahead other,Car,Nearside,586,5
2012,64,11,Urban area,Kerb,Lamp post,Not at or within 20 metres of junction,FORD,Male,Going ahead other,Car,Front,657,8
2012,27,12,Rural,Kerb,Lamp post,Not at or within 20 metres of junction,SUBARU,Male,Going ahead other,Car,Front,438,8
2012,20,13,Urban area,Parked vehicle,Telegraph or electricity pole,Cleared junction or waiting/parked at junction exit,FORD,Female,Going ahead other,Car,Front,210,3
2012,73,2,Urban area,Kerb,Lamp post,Approaching junction or waiting/parked at junction approach,AUDI,Male,Going ahead right-hand bend,Car,Front,374,3
2012,72,8,Urban area,Kerb,Other permanent object,Entering main road,AUDI,Male,Going ahead other,Car,Nearside,189,11
2012,59,5,Urban area,Kerb,Other permanent object,Mid Junction - on roundabout or on main road,BMW,Male,Going ahead other,Car,Front,531,3
2012,60,8,Urban area,Road works,Near/Offside crash barrier,Mid Junction - on roundabout or on main road,SUZUKI,Female,Going ahead other,Car,Nearside,714,5
2012,37,7,Urban area,Kerb,Lamp post,Not at or within 20 metres of junction,FORD,Male,Going ahead left-hand bend,Van / Goods ,Front,766,8
2012,53,10,Urban area,Bollard or refuge,Near/Offside crash barrier,Not at or within 20 metres of junction,CITROEN,Male,Going ahead other,Car,Nearside,402,2
2012,48,11,Urban area,Bollard or refuge,Entered ditch,Cleared junction or waiting/parked at junction exit,HONDA,Male,Going ahead left-hand bend,Car,Front,164,11
2012,60,10,Urban area,Kerb,Central crash barrier,Not at or within 20 metres of junction,FORD,Female,Going ahead other,Car,Front,246,4
2012,66,1,Urban area,Kerb,Other permanent object,Leaving main road,FORD,Female,Going ahead other,Car,Nearside,482,7
2012,29,3,Urban area,Kerb,Lamp post,Approaching junction or waiting/parked at junction approach,FORD,Female,Going ahead other,Car,Front,113,3
2012,36,1,Urban area,Kerb,Other permanent object,Not at or within 20 metres of junction,CITROEN,Male,Going ahead other,Car,Nearside,283,8
2012,49,9,Urban area,Kerb,Road sign or traffic signal,Cleared junction or waiting/parked at junction exit,NISSAN,Male,Going ahead right-hand bend,Car,Front,266,12
2012,26,10,Urban area,Kerb,Other permanent object,Not at or within 20 metres of junction,LAND ROVER,Male,Going ahead left-hand bend,Car,Front,166,5
2012,62,7,Urban area,Kerb,Tree,Not at or within 20 metres of junction,FERRARI,Male,Going ahead left-hand bend,Car,Front,135,1
2012,23,14,Urban area,Kerb,Other permanent object,Mid Junction - on roundabout or on main road,ISUZU,Male,Going ahead other,Car,Front,609,12
2012,34,22,Urban area,Bollard or refuge,Road sign or traffic signal,Approaching junction or waiting/parked at junction approach,HONDA,Male,Going ahead other,Car,Front,100,10
2012,29,6,Small town,Kerb,Lamp post,Mid Junction - on roundabout or on main road,FORD,Female,Going ahead other,Car,Front,651,4
2012,30,9,Urban area,Kerb,Road sign or traffic signal,Cleared junction or waiting/parked at junction exit,RENAULT,Female,Going ahead other,Car,Offside,169,9
2012,69,5,Small town,Kerb,Other permanent object,Not at or within 20 metres of junction,VOLKSWAGEN,Male,Moving off,Car,Front,630,3
2012,65,8,Small town,Kerb,Other permanent object,Cleared junction or waiting/parked at junction exit,YAMAHA,Male,Going ahead right-hand bend,Motorcycle 50cc and under,Front,418,6
2012,36,7,Small town,Kerb,Other permanent object,Not at or within 20 metres of junction,HONDA,Male,Going ahead other,Car,Front,198,8
2012,36,10,Urban area,Kerb,Other permanent object,Approaching junction or waiting/parked at junction approach,ALFA ROMEO,Male,Going ahead left-hand bend,Car,Front,343,8
2012,47,9,Urban area,Kerb,Other permanent object,Not at or within 20 metres of junction,HONDA,Male,Going ahead other,Car,Front,316,12
2012,76,6,Urban area,Kerb,Other permanent object,Entering main road,RENAULT,Male,Reversing,Car,Back,477,7
2012,46,15,Small town,Kerb,Other permanent object,Cleared junction or waiting/parked at junction exit,JAGUAR,Male,Going ahead other,Car,Front,693,0
2012,32,9,Small town,Kerb,Road sign or traffic signal,Not at or within 20 metres of junction,HONDA,Male,Going ahead right-hand bend,Car,Front,266,5
2012,48,3,Urban area,Kerb,Lamp post,Leaving main road,TOYOTA,Female,Turning right,Car,Nearside,319,9
2012,18,2,Rural,Kerb,Other permanent object,Approaching junction or waiting/parked at junction approach,TOYOTA,Female,Going ahead other,Car,Front,494,10
2012,57,6,Urban area,Kerb,Other permanent object,Not at or within 20 metres of junction,FIAT,Male,Going ahead left-hand bend,Car,Offside,143,0
2012,36,7,Urban area,Kerb,Entered ditch,Not at or within 20 metres of junction,RENAULT,Female,Going ahead left-hand bend,Car,Back,418,11