Year_N,Age_of_Driver_N,Age_of_Vehicle_N,Accident_Area_Type_C,On_road_object_hit_C,Off_road_object_hit _C,Junction_Location_C,Car_Make_C,Driver_Sex_C,Vehicle_Manoeuvre_C,Vehicle_Type_C,Point_of_Impact_C,Cost_of_Incident_N,Weeks_to_Repair_N
2012,48,7,Urban area,Kerb,Tree,Not at or within 20 metres of junction,RENAULT,Male,Going ahead left-hand bend,Car,Nearside,286,7
2012,63,8,Urban area,Kerb,Road sign or traffic signal,Not at or within 20 metres of junction,SUZUKI,Male,Going ahead left-hand bend,Car,Offside,190,5
2012,59,7,Urban area,Kerb,Near/Offside crash barrier,Cleared junction or waiting/parked at junction exit,PEUGEOT,Male,Going ahead left-hand bend,Car,Front,328,11
2012,26,20,Rural,Kerb,Bus stop or bus shelter,Not at or within 20 metres of junction,VOLKSWAGEN,Male,Going ahead other,Car,Front,122,8
2012,33,15,Urban area,Kerb,Lamp post,Approaching junction or waiting/parked at junction approach,ROVER,Female,Going ahead left-hand bend,Car,Nearside,507,2
2012,78,3,Urban area,Parked vehicle,Near/Offside crash barrier,Not at or within 20 metres of junction,JAGUAR,Male,Going ahead other,Car,Front,445,1
2012,46,4,Urban area,Kerb,Other permanent object,Not at or within 20 metres of junction,RENAULT,Male,Going ahead left-hand bend,Car,Front,409,6
2012,42,23,Small town,Kerb,Other permanent object,Not at or within 20 metres of junction,FORD,Male,Overtaking moving vehicle - offside,Car,Front,320,2
2012,35,7,Urban area,Parked vehicle,Other permanent object,Not at or within 20 metres of junction,SKODA,Male,Moving off,Car,Front,562,2
2012,68,10,Urban area,Kerb,Other permanent object,Approaching junction or waiting/parked at junction approach,TOYOTA,Male,Going ahead other,Car,Front,539,0
2012,32,7,Urban area,Kerb,Other permanent object,Not at or within 20 metres of junction,MERCEDES,Male,Going ahead right-hand bend,Van / Goods ,Front,134,8
2012,37,10,Urban area,Kerb,Lamp post,Entering roundabout,HYUNDAI,Female,Going ahead other,Car,Front,790,9
2012,37,10,Urban area,Kerb,Other permanent object,Not at or within 20 metres of junction,FIAT,Male,Going ahead right-hand bend,Car,Front,567,4
2012,40,4,Urban area,Kerb,Tree,Not at or within 20 metres of junction,MAZDA,Female,Going ahead right-hand bend,Car,Front,717,12
2012,75,9,Urban area,Kerb,Bus stop or bus shelter,Entering main road,FORD,Female,Turning right,Car,Offside,674,1
2012,65,12,Small town,Bridge (side),Other permanent object,Not at or within 20 metres of junction,FORD,Male,Going ahead left-hand bend,Car,Offside,293,5
2012,17,12,Urban area,Kerb,Other permanent object,Not at or within 20 metres of junction,NISSAN,Male,Going ahead other,Car,Front,622,9
2012,69,11,Urban area,Kerb,Other permanent object,Approaching junction or waiting/parked at junction approach,CHRYSLER,Male,Going ahead left-hand bend,Car,Front,494,7
2012,21,9,Urban area,Central island of roundabout,Road sign or traffic signal,Entering roundabout,MERCEDES,Male,Going ahead other,Car,Front,733,4
2012,68,7,Rural,Kerb,Other permanent object,Not at or within 20 metres of junction,RENAULT,Female,Going ahead right-hand bend,Car,Nearside,270,1
2012,56,6,Urban area,Kerb,Lamp post,Mid Junction - on roundabout or on main road,RENAULT,Male,Going ahead other,Car,Front,557,9
2012,58,15,Urban area,Kerb,Other permanent object,Cleared junction or waiting/parked at junction exit,ROVER,Female,Going ahead other,Car,Offside,362,0
2012,67,4,Urban area,Kerb,Other permanent object,Mid Junction - on roundabout or on main road,FORD,Female,Going ahead other,Car,Nearside,595,8
2012,80,8,Urban area,Parked vehicle,Telegraph or electricity pole,Not at or within 20 metres of junction,PEUGEOT,Male,Going ahead other,Car,Offside,100,5
2012,62,3,Rural,Kerb,Lamp post,Not at or within 20 metres of junction,PEUGEOT,Male,Going ahead right-hand bend,Car,Offside,363,0
2012,36,12,Rural,Kerb,Other permanent object,Entering main road,VOLKSWAGEN,Male,Turning left,Car,Front,544,0
2012,42,6,Small town,Any animal (except ridden horse),Other permanent object,Not at or within 20 metres of junction,AUDI,Male,Going ahead other,Car,Front,650,8
2012,36,14,Urban area,Kerb,Lamp post,Entering roundabout,FORD,Male,Going ahead other,Car,Front,240,4
2012,67,7,Small town,Kerb,Tree,Not at or within 20 metres of junction,MINI,Female,Going ahead other,Car,Front,348,9
2012,48,6,Urban area,Kerb,Entered ditch,Not at or within 20 metres of junction,RENAULT,Female,Going ahead other,Car,Front,133,7
2012,22,12,Small town,Kerb,Other permanent object,Not at or within 20 metres of junction,PEUGEOT,Male,Going ahead other,Car,Offside,152,1
2012,54,11,Urban area,Kerb,Tree,Not at or within 20 metres of junction,FORD,Male,Going ahead other,Car,Front,560,10
2012,49,10,Urban area,Kerb,Other permanent object,Not at or within 20 metres of junction,MINI,Female,Going ahead left-hand bend,Car,Front,798,8
2012,22,13,Urban area,Kerb,Other permanent object,Not at or within 20 metres of junction,BMW,Male,Going ahead other,Car,Front,418,9
2012,50,9,Urban area,Kerb,Road sign or traffic signal,Cleared junction or waiting/parked at junction exit,RENAULT,Female,Going ahead left-hand bend,Car,Front,379,6
2012,20,7,Urban area,Any animal (except ridden horse),Other permanent object,Not at or within 20 metres of junction,ROVER,Male,Going ahead other,Car,Front,647,11
2012,50,9,Urban area,Other object,Near/Offside crash barrier,Not at or within 20 metres of junction,PEUGEOT,Male,Going ahead other,Car,Back,551,6
2012,75,12,Rural,Kerb,Tree,Not at or within 20 metres of junction,RENAULT,Female,Going ahead other,Car,Front,182,10
2012,56,16,Urban area,Bollard or refuge,Other permanent object,Approaching junction or waiting/parked at junction approach,HONDA,Male,Going ahead other,Car,Offside,556,6
2012,53,11,Small town,Kerb,Road sign or traffic signal,Approaching junction or waiting/parked at junction approach,SUBARU,Male,Slowing or stopping,Car,Front,449,7
2012,32,13,Urban area,Kerb,Telegraph or electricity pole,Not at or within 20 metres of junction,NISSAN,Male,Going ahead other,Car,Front,385,3
2012,62,8,Urban area,Kerb,Central crash barrier,Not at or within 20 metres of junction,FORD,Male,Overtaking moving vehicle - offside,Car,Front,416,3
2012,58,7,Urban area,Bollard or refuge,Central crash barrier,Not at or within 20 metres of junction,SUZUKI,Male,Going ahead other,Motorcycle ,Front,450,12
2012,48,9,Urban area,Kerb,Tree,Not at or within 20 metres of junction,VOLKSWAGEN,Female,Going ahead other,Car,Offside,219,10
2012,65,11,Urban area,Kerb,Other permanent object,Leaving roundabout,FORD,Female,Turning right,Car,Nearside,101,6
2012,41,7,Urban area,Parked vehicle,Other permanent object,Leaving main road,HONDA,Female,Moving off,Car,Front,318,11
2012,44,8,Rural,Bridge (side),Other permanent object,Not at or within 20 metres of junction,PEUGEOT,Male,Going ahead right-hand bend,Van / Goods ,Front,465,1
2012,61,12,Rural,Kerb,Telegraph or electricity pole,Not at or within 20 metres of junction,FORD,Male,Going ahead left-hand bend,Car,Nearside,727,4
2012,53,12,Urban area,Kerb,Other permanent object,Not at or within 20 metres of junction,BMW,Male,Going ahead left-hand bend,Car,Front,615,10
2012,53,5,Urban area,Kerb,Lamp post,Entering main road,TOYOTA,Female,Turning right,Car,Front,320,3
2012,28,3,Urban area,Bollard or refuge,Near/Offside crash barrier,Entering main road,FORD,Male,Slowing or stopping,Taxi/Private hire car,Front,557,11
2012,63,11,Small town,Kerb,Entered ditch,Not at or within 20 metres of junction,FORD,Female,Going ahead left-hand bend,Car,Front,257,3
2012,22,1,Urban area,Kerb,Other permanent object,Cleared junction or waiting/parked at junction exit,PEUGEOT,Male,Going ahead right-hand bend,Car,Front,548,0
2012,48,10,Rural,Other object,Other permanent object,Not at or within 20 metres of junction,RENAULT,Male,Going ahead other,Car,Front,240,4
2012,20,17,Small town,Kerb,Other permanent object,Mid Junction - on roundabout or on main road,FORD,Male,Going ahead right-hand bend,Car,Front,544,7
2012,77,8,Urban area,Kerb,Other permanent object,Leaving main road,HONDA,Female,Turning left,Motorcycle 125cc and under,Front,723,4
2012,17,5,Urban area,Other object,Telegraph or electricity pole,Not at or within 20 metres of junction,MITSUBISHI,Male,Going ahead other,Goods ,Front,330,5
2012,78,16,Rural,Parked vehicle,Other permanent object,Not at or within 20 metres of junction,BMW,Male,Going ahead other,Car,Front,263,7
2012,40,4,Urban area,Kerb,Lamp post,Not at or within 20 metres of junction,RENAULT,Female,Slowing or stopping,Car,Front,628,11
2012,36,9,Urban area,Central island of roundabout,Road sign or traffic signal,Mid Junction - on roundabout or on main road,PEUGEOT,Male,Going ahead other,Car,Front,605,6
2012,50,4,Rural,Kerb,Lamp post,Leaving roundabout,BMW,Male,Turning left,Car,Front,797,8
2012,63,10,Small town,Kerb,Tree,Mid Junction - on roundabout or on main road,PEUGEOT,Male,Going ahead right-hand bend,Car,Front,750,4
2012,57,5,Small town,Kerb,Other permanent object,Not at or within 20 metres of junction,VOLKSWAGEN,Male,Going ahead other,Car,Front,129,4
2012,72,6,Rural,Kerb,Road sign or traffic signal,Entering main road,SUZUKI,Male,Turning left,Car,Front,493,6
2012,23,14,Small town,Kerb,Other permanent object,Mid Junction - on roundabout or on main road,HONDA,Male,Going ahead other,Car,Nearside,325,1
2012,34,12,Urban area,Kerb,Lamp post,Leaving roundabout,CITROEN,Male,Turning left,Car,Front,267,1
2012,29,2,Urban area,Kerb,Other permanent object,Not at or within 20 metres of junction,KIA,Male,Moving off,Car,Front,676,7
2012,47,8,Urban area,Kerb,Other permanent object,Not at or within 20 metres of junction,MAZDA,Female,Going ahead left-hand bend,Car,Front,492,3
2012,27,13,Urban area,Kerb,Road sign or traffic signal,Approaching junction or waiting/parked at junction approach,BMW,Male,Going ahead other,Car,Front,409,5
2012,69,5,Urban area,Kerb,Other permanent object,Not at or within 20 metres of junction,FORD,Male,Going ahead right-hand bend,Van / Goods ,Front,756,5
2012,52,11,Small town,Kerb,Tree,Entering from slip road,FORD,Male,Going ahead other,Car,Offside,435,7
2012,28,11,Urban area,Bollard or refuge,Road sign or traffic signal,Entering main road,FORD,Female,Turning left,Car,Offside,800,4
2012,24,7,Urban area,Kerb,Tree,Not at or within 20 metres of junction,FIAT,Male,Going ahead other,Car,Nearside,548,7
2012,56,12,Urban area,Bridge (side),Other permanent object,Not at or within 20 metres of junction,VOLKSWAGEN,Male,Going ahead right-hand bend,Car,Front,395,11
2012,60,12,Rural,Bollard or refuge,Road sign or traffic signal,Approaching junction or waiting/parked at junction approach,ROVER,Male,Going ahead other,Car,Front,267,5
2012,28,7,Urban area,Kerb,Lamp post,Not at or within 20 metres of junction,VOLKSWAGEN,Male,Going ahead other,Minibus,Front,498,1
2012,30,11,Urban area,Bollard or refuge,Near/Offside crash barrier,Not at or within 20 metres of junction,NISSAN,Male,Changing lane to left,Car,Front,269,5
2012,45,17,Urban area,Bollard or refuge,Other permanent object,Mid Junction - on roundabout or on main road,FIAT,Male,Going ahead other,Car,Front,520,8
2012,61,2,Urban area,Kerb,Road sign or traffic signal,Mid Junction - on roundabout or on main road,MAZDA,Male,Going ahead other,Car,Front,197,10
2012,63,5,Urban area,Parked vehicle,Other permanent object,Mid Junction - on roundabout or on main road,CITROEN,Male,Reversing,Car,Back,466,9
2012,33,8,Urban area,Kerb,Tree,Not at or within 20 metres of junction,FORD,Male,Going ahead right-hand bend,Car,Nearside,788,9
2012,55,5,Rural,Kerb,Telegraph or electricity pole,Not at or within 20 metres of junction,PEUGEOT,Male,Going ahead other,Car,Offside,484,7
2012,23,8,Rural,Bollard or refuge,Road sign or traffic signal,Mid Junction - on roundabout or on main road,CITROEN,Female,Turning left,Car,Front,594,5
2012,67,8,Urban area,Kerb,Tree,Not at or within 20 metres of junction,PEUGEOT,Male,Going ahead left-hand bend,Car,Front,561,8
2012,41,10,Rural,Any animal (except ridden horse),Entered ditch,Not at or within 20 metres of junction,RENAULT,Female,Going ahead other,Car,Nearside,380,6
2012,80,11,Urban area,Kerb,Tree,Not at or within 20 metres of junction,PEUGEOT,Male,Going ahead right-hand bend,Car,Nearside,751,12
2012,70,5,Urban area,Kerb,Tree,Not at or within 20 metres of junction,PEUGEOT,Male,Going ahead other,Car,Nearside,545,0
2012,42,8,Urban area,Kerb,Entered ditch,Mid Junction - on roundabout or on main road,FORD,Male,Going ahead other,Car,Nearside,573,11
2012,19,1,Urban area,Kerb,Other permanent object,Not at or within 20 metres of junction,HYUNDAI,Female,Going ahead right-hand bend,Car,Front,405,12
2012,76,5,Urban area,Kerb,Lamp post,Not at or within 20 metres of junction,HONDA,Male,Going ahead right-hand bend,Car,Nearside,527,2
2012,61,10,Urban area,Other object,Entered ditch,Not at or within 20 metres of junction,FORD,Male,Going ahead left-hand bend,Car,Front,452,0
2012,60,6,Small town,Kerb,Road sign or traffic signal,Not at or within 20 metres of junction,TOYOTA,Female,Going ahead left-hand bend,Car,Front,139,2
2012,41,10,Small town,Bollard or refuge,Road sign or traffic signal,Leaving main road,HONDA,Male,Turning right,Car,Front,784,11
2012,55,5,Urban area,Parked vehicle,Lamp post,Not at or within 20 metres of junction,CITROEN,Female,Going ahead other,Car,Front,279,0
2012,78,8,Urban area,Kerb,Near/Offside crash barrier,Not at or within 20 metres of junction,YAMAHA,Male,Going ahead other,Motorcycle 50cc and under,Front,227,10
2012,49,12,Urban area,Kerb,Other permanent object,Not at or within 20 metres of junction,PEUGEOT,Male,Going ahead left-hand bend,Car,Front,651,11
2012,60,15,Urban area,Central island of roundabout,Road sign or traffic signal,Entering roundabout,MAZDA,Male,Going ahead other,Car,Offside,250,5
2012,24,8,Urban area,Bollard or refuge,Lamp post,Not at or within 20 metres of junction,TOYOTA,Male,Going ahead left-hand bend,Car,Front,562,5
2012,33,1,Urban area,Parked vehicle,Other permanent object,Not at or within 20 metres of junction,SKODA,Male,Going ahead other,Car,Offside,379,11
2012,71,2,Urban area,Central island of roundabout,Other permanent object,Entering roundabout,MERCEDES,Male,Turning left,Van / Goods ,Front,219,7
2012,22,17,Urban area,Bollard or refuge,Road sign or traffic signal,Leaving main road,FORD,Female,Turning right,Car,Nearside,121,9
2012,28,15,Urban area,Kerb,Near/Offside crash barrier,Not at or within 20 metres of junction,SUZUKI,Male,Going ahead right-hand bend,Motorcycle ,Nearside,720,2
2012,48,5,Urban area,Kerb,Central crash barrier,Not at or within 20 metres of junction,RENAULT,Female,Going ahead other,Car,Offside,318,12
2012,50,10,Urban area,Central island of roundabout,Other permanent object,Mid Junction - on roundabout or on main road,AUDI,Male,Going ahead other,Car,Front,251,4
2012,25,5,Urban area,Kerb,Other permanent object,Mid Junction - on roundabout or on main road,HONDA,Male,Going ahead other,Motorcycle 125cc and under,Nearside,114,5
2012,54,30,Small town,Bollard or refuge,Other permanent object,Not at or within 20 metres of junction,FORD,Male,Going ahead right-hand bend,Car,Offside,490,12
2012,46,20,Small town,Central island of roundabout,Road sign or traffic signal,Mid Junction - on roundabout or on main road,KAWASAKI,Male,Going ahead other,Motorcycle ,Nearside,285,12
2012,42,12,Urban area,Kerb,Wall or fence,Not at or within 20 metres of junction,VOLKSWAGEN,Male,Going ahead right-hand bend,Car,Front,768,4
2012,29,12,Urban area,Kerb,Tree,Not at or within 20 metres of junction,PEUGEOT,Male,Going ahead left-hand bend,Car,Front,534,7
2012,70,10,Urban area,Other object,Tree,Not at or within 20 metres of junction,RENAULT,Male,Going ahead left-hand bend,Car,Front,123,5
2012,25,7,Urban area,Kerb,Road sign or traffic signal,Not at or within 20 metres of junction,RENAULT,Male,Going ahead other,Car,Front,558,8
2012,70,3,Rural,Bollard or refuge,Other permanent object,Mid Junction - on roundabout or on main road,SKODA,Male,Going ahead other,Car,Front,338,8
2012,50,9,Urban area,Kerb,Tree,Not at or within 20 metres of junction,AUDI,Male,Going ahead left-hand bend,Car,Front,434,9
2012,21,7,Rural,Kerb,Tree,Not at or within 20 metres of junction,SAAB,Female,Going ahead other,Car,Offside,212,2
2012,17,11,Urban area,Kerb,Entered ditch,Not at or within 20 metres of junction,PEUGEOT,Male,Going ahead right-hand bend,Car,Nearside,155,1
2012,57,7,Urban area,Kerb,Near/Offside crash barrier,Not at or within 20 metres of junction,RENAULT,Female,Overtaking moving vehicle - offside,Car,Nearside,469,1
2012,34,4,Urban area,Kerb,Other permanent object,Not at or within 20 metres of junction,PEUGEOT,Male,Going ahead other,Car,Front,450,3
2012,18,11,Urban area,Bollard or refuge,Road sign or traffic signal,Cleared junction or waiting/parked at junction exit,CITROEN,Male,Going ahead other,Car,Front,135,2
2012,24,15,Small town,Bollard or refuge,Other permanent object,Not at or within 20 metres of junction,BMW,Male,Going ahead right-hand bend,Car,Front,640,1
2012,20,4,Small town,Central island of roundabout,Road sign or traffic signal,Entering roundabout,CITROEN,Male,Going ahead other,Car,Front,141,11
2012,51,6,Rural,Central island of roundabout,Tree,Entering roundabout,TOYOTA,Female,Going ahead other,Car,Front,420,12
2012,43,1,Small town,Parked vehicle,Other permanent object,Approaching junction or waiting/parked at junction approach,SKODA,Male,Going ahead other,Car,Nearside,392,1
2012,55,11,Urban area,Kerb,Tree,Not at or within 20 metres of junction,MINI,Male,Going ahead right-hand bend,Car,Front,685,6
2012,35,5,Urban area,Central island of roundabout,Road sign or traffic signal,Approaching junction or waiting/parked at junction approach,MAZDA,Female,Going ahead other,Car,Front,111,3
2012,45,5,Rural,Kerb,Entered ditch,Not at or within 20 metres of junction,RENAULT,Female,Going ahead right-hand bend,Car,Front,311,12
2012,75,5,Small town,Kerb,Entered ditch,Not at or within 20 metres of junction,SUZUKI,Male,Going ahead right-hand bend,Motorcycle ,Front,800,4
2012,80,11,Urban area,Kerb,Entered ditch,Not at or within 20 metres of junction,BMW,Female,Going ahead other,Car,Front,291,8
2012,68,5,Small town,Kerb,Tree,Not at or within 20 metres of junction,FORD,Female,Going ahead right-hand bend,Car,Nearside,770,11
2012,55,3,Small town,Central island of roundabout,Near/Offside crash barrier,Entering roundabout,MERCEDES,Male,Going ahead other,Van / Goods ,Front,582,1
2012,49,7,Urban area,Bollard or refuge,Tree,Not at or within 20 metres of junction,AUDI,Male,Going ahead left-hand bend,Car,Front,717,3
2012,32,9,Urban area,Kerb,Lamp post,Not at or within 20 metres of junction,FORD,Male,Going ahead other,Car,Front,219,5
2012,29,11,Urban area,Bollard or refuge,Near/Offside crash barrier,Approaching junction or waiting/parked at junction approach,FIAT,Female,Going ahead right-hand bend,Car,Nearside,424,7
2012,78,5,Urban area,Bollard or refuge,Wall or fence,Leaving roundabout,CHEVROLET,Female,Going ahead right-hand bend,Car,Front,392,10
2012,67,6,Urban area,Kerb,Tree,Not at or within 20 metres of junction,RENAULT,Female,Going ahead other,Car,Front,715,0
2012,26,12,Urban area,Central island of roundabout,Lamp post,Mid Junction - on roundabout or on main road,PEUGEOT,Female,Turning right,Car,Offside,434,9
2012,60,10,Small town,Kerb,Wall or fence,Not at or within 20 metres of junction,FIAT,Female,Going ahead right-hand bend,Car,Offside,271,10
2012,25,3,Urban area,Kerb,Lamp post,Mid Junction - on roundabout or on main road,VOLKSWAGEN,Male,Going ahead other,Van / Goods ,Nearside,315,7
2012,50,13,Urban area,Kerb,Lamp post,Approaching junction or waiting/parked at junction approach,PEUGEOT,Male,Going ahead other,Car,Front,695,6
2012,74,5,Urban area,Kerb,Lamp post,Not at or within 20 metres of junction,SUZUKI,Female,Going ahead left-hand bend,Car,Front,780,3
2012,63,9,Urban area,Parked vehicle,Wall or fence,Cleared junction or waiting/parked at junction exit,FORD,Male,Slowing or stopping,Car,Front,659,8
2012,57,15,Urban area,Other object,Near/Offside crash barrier,Mid Junction - on roundabout or on main road,SUZUKI,Male,Going ahead other,Motorcycle ,Nearside,250,9
2012,47,7,Small town,Kerb,Entered ditch,Not at or within 20 metres of junction,TOYOTA,Female,Going ahead left-hand bend,Car,Front,171,1
2012,30,8,Urban area,Parked vehicle,Wall or fence,Not at or within 20 metres of junction,SKODA,Male,Going ahead other,Car,Front,180,10
2012,56,4,Urban area,Kerb,Other permanent object,Not at or within 20 metres of junction,FIAT,Male,Going ahead right-hand bend,Car,Front,226,11
2012,47,5,Urban area,Parked vehicle,Tree,Leaving main road,MERCEDES,Male,Turning left,Car,Front,385,10
2012,77,15,Rural,Road works,Lamp post,Not at or within 20 metres of junction,TOYOTA,Female,Going ahead other,Car,Front,119,3
2012,49,5,Urban area,Kerb,Other permanent object,Not at or within 20 metres of junction,NISSAN,Female,Going ahead right-hand bend,Car,Front,410,10
2012,44,8,Rural,Bridge (side),Other permanent object,Cleared junction or waiting/parked at junction exit,KIA,Female,Going ahead other,Car,Front,652,7
2012,48,7,Rural,Kerb,Road sign or traffic signal,Mid Junction - on roundabout or on main road,PEUGEOT,Female,Turning right,Car,Nearside,277,5
2012,40,14,Rural,Other object,Other permanent object,Not at or within 20 metres of junction,RENAULT,Female,Going ahead left-hand bend,Car,Front,568,10
2012,78,15,Rural,Bridge (side),Other permanent object,Entering main road,HONDA,Male,Going ahead other,Car,Nearside,138,0
2012,43,6,Small town,Kerb,Tree,Not at or within 20 metres of junction,PEUGEOT,Male,Going ahead other,Car,Front,319,4
2012,24,12,Small town,Bridge (side),Entered ditch,Not at or within 20 metres of junction,FORD,Female,Going ahead left-hand bend,Car,Front,424,8
2012,46,2,Rural,Kerb,Lamp post,Not at or within 20 metres of junction,AUDI,Female,Going ahead left-hand bend,Car,Front,757,10
2012,63,1,Urban area,Bollard or refuge,Road sign or traffic signal,Mid Junction - on roundabout or on main road,FORD,Male,Going ahead other,Car,Front,349,5
2012,78,7,Rural,Kerb,Other permanent object,Approaching junction or waiting/parked at junction approach,FORD,Female,Going ahead other,Car,Front,265,3
2012,74,9,Urban area,Bollard or refuge,Road sign or traffic signal,Approaching junction or waiting/parked at junction approach,NISSAN,Female,Going ahead other,Car,Front,454,9
2012,70,10,Urban area,Bollard or refuge,Tree,Not at or within 20 metres of junction,AUDI,Male,Going ahead other,Car,Front,412,3
2012,28,6,Urban area,Bollard or refuge,Other permanent object,Leaving main road,VOLKSWAGEN,Male,Turning right,Car,Front,789,9
2012,79,8,Small town,Bollard or refuge,Central crash barrier,Not at or within 20 metres of junction,CITROEN,Female,Going ahead other,Car,Front,162,9
2012,35,12,Urban area,Bollard or refuge,Central crash barrier,Not at or within 20 metres of junction,FORD,Female,Going ahead other,Car,Front,394,9
2012,68,2,Urban area,Bollard or refuge,Central crash barrier,Not at or within 20 metres of junction,AUDI,Female,Going ahead other,Car,Front,186,10
2012,59,4,Rural,Bollard or refuge,Lamp post,Leaving roundabout,BMW,Female,Going ahead right-hand bend,Car,Front,409,12
2012,40,12,Urban area,Parked vehicle,Other permanent object,Not at or within 20 metres of junction,RENAULT,Female,Going ahead right-hand bend,Car,Front,359,6
2012,59,3,Urban area,Kerb,Entered ditch,Not at or within 20 metres of junction,PEUGEOT,Male,Going ahead right-hand bend,Car,Nearside,487,5
2012,65,9,Rural,Kerb,Tree,Not at or within 20 metres of junction,MAZDA,Male,Going ahead other,Car,Front,211,6
2012,47,10,Urban area,Kerb,Road sign or traffic signal,Entering main road,JAGUAR,Female,Turning left,Car,Offside,399,9
2012,22,7,Urban area,Kerb,Other permanent object,Not at or within 20 metres of junction,TOYOTA,Female,Going ahead right-hand bend,Car,Front,570,3
2012,61,1,Rural,Kerb,Entered ditch,Approaching junction or waiting/parked at junction approach,KAWASAKI,Male,Going ahead left-hand bend,Motorcycle 125cc and under,Front,436,8
2012,51,8,Small town,Kerb,Tree,Not at or within 20 metres of junction,TOYOTA,Female,Going ahead other,Car,Nearside,427,10
2012,34,7,Urban area,Kerb,Telegraph or electricity pole,Cleared junction or waiting/parked at junction exit,TOYOTA,Male,Going ahead left-hand bend,Car,Front,399,9
2012,65,14,Small town,Kerb,Tree,Not at or within 20 metres of junction,FORD,Male,Going ahead right-hand bend,Car,Nearside,787,9
2012,61,23,Urban area,Kerb,Lamp post,Not at or within 20 metres of junction,FORD,Male,Going ahead other,Car,Front,730,7
2012,41,9,Urban area,Kerb,Wall or fence,Mid Junction - on roundabout or on main road,FORD,Male,Going ahead other,Car,Front,258,8
2012,55,4,Urban area,Parked vehicle,Other permanent object,Not at or within 20 metres of junction,KAWASAKI,Male,Overtaking moving vehicle - offside,Motorcycle ,Front,569,7
2012,38,11,Urban area,Bollard or refuge,Near/Offside crash barrier,Mid Junction - on roundabout or on main road,LAND ROVER,Female,Going ahead other,Car,Front,696,8
2012,71,4,Urban area,Other object,Entered ditch,Not at or within 20 metres of junction,SUZUKI,Male,Overtaking moving vehicle - offside,Motorcycle ,Front,253,6
2012,46,9,Rural,Kerb,Lamp post,Cleared junction or waiting/parked at junction exit,FIAT,Male,Going ahead other,Car,Front,308,3
2012,68,11,Rural,Kerb,Tree,Not at or within 20 metres of junction,RENAULT,Female,Going ahead left-hand bend,Car,Front,352,6
2012,67,14,Small town,Kerb,Tree,Not at or within 20 metres of junction,PEUGEOT,Male,Going ahead left-hand bend,Car,Front,207,10
2012,80,8,Urban area,Any animal (except ridden horse),Entered ditch,Not at or within 20 metres of junction,TOYOTA,Female,Slowing or stopping,Car,Front,128,4
2012,19,2,Urban area,Kerb,Lamp post,Mid Junction - on roundabout or on main road,CITROEN,Male,Slowing or stopping,Van / Goods ,Front,355,4
2012,48,12,Urban area,Kerb,Road sign or traffic signal,Not at or within 20 metres of junction,RENAULT,Male,Going ahead other,Car,Front,228,5
2012,29,10,Urban area,Kerb,Lamp post,Leaving roundabout,HONDA,Male,Going ahead other,Car,Front,312,5
2012,18,14,Urban area,Central island of roundabout,Road sign or traffic signal,Approaching junction or waiting/parked at junction approach,FIAT,Female,Waiting to go - held up,Car,Back,155,10
2012,35,12,Urban area,Central island of roundabout,Road sign or traffic signal,Entering roundabout,FORD,Male,Going ahead other,Van / Goods ,Nearside,431,2
2012,21,10,Small town,Kerb,Lamp post,Approaching junction or waiting/parked at junction approach,RENAULT,Male,Going ahead other,Car,Nearside,175,0
2012,49,10,Rural,Kerb,Other permanent object,Not at or within 20 metres of junction,FIAT,Female,Slowing or stopping,Car,Offside,637,10
2012,33,8,Urban area,Kerb,Other permanent object,Not at or within 20 metres of junction,TOYOTA,Male,Going ahead other,Car,Front,359,2
2012,39,11,Urban area,Any animal (except ridden horse),Tree,Not at or within 20 metres of junction,FORD,Female,Going ahead left-hand bend,Car,Front,133,7
2012,59,11,Urban area,Kerb,Road sign or traffic signal,Leaving roundabout,FORD,Male,Going ahead other,Car,Front,347,6
2012,61,12,Small town,Bridge (side),Other permanent object,Not at or within 20 metres of junction,HONDA,Female,Going ahead other,Car,Front,362,5
2012,62,5,Urban area,Bollard or refuge,Near/Offside crash barrier,Leaving main road,SUZUKI,Male,Going ahead left-hand bend,Motorcycle ,Offside,352,8
2012,54,11,Urban area,Central island of roundabout,Road sign or traffic signal,Entering roundabout,FIAT,Male,Going ahead other,Car,Front,324,10
2012,34,9,Urban area,Kerb,Other permanent object,Mid Junction - on roundabout or on main road,RENAULT,Female,Going ahead other,Car,Front,326,4
2012,42,6,Urban area,Central island of roundabout,Road sign or traffic signal,Entering roundabout,FORD,Male,Going ahead other,Van / Goods ,Front,194,8
2012,62,19,Small town,Kerb,Entered ditch,Not at or within 20 metres of junction,LAND ROVER,Male,Going ahead right-hand bend,Car,Front,301,7
2012,33,10,Urban area,Bollard or refuge,Entered ditch,Not at or within 20 metres of junction,RENAULT,Female,Going ahead other,Car,Nearside,656,10
2012,32,9,Small town,Kerb,Telegraph or electricity pole,Not at or within 20 metres of junction,PEUGEOT,Female,Going ahead left-hand bend,Car,Offside,438,4
2012,77,10,Urban area,Kerb,Other permanent object,Approaching junction or waiting/parked at junction approach,FIAT,Male,Going ahead other,Car,Front,192,2