Year_N,Age_of_Driver_N,Age_of_Vehicle_N,Accident_Area_Type_C,On_road_object_hit_C,Off_road_object_hit _C,Junction_Location_C,Car_Make_C,Driver_Sex_C,Vehicle_Manoeuvre_C,Vehicle_Type_C,Point_of_Impact_C,Cost_of_Incident_N,Weeks_to_Repair_N
2012,66,4,Urban area,Bollard or refuge,Near/Offside crash barrier,Approaching junction or waiting/parked at junction approach,RENAULT,Male,Going ahead other,Car,Front,387,1
2012,75,7,Rural,Parked vehicle,Lamp post,Mid Junction - on roundabout or on main road,SUZUKI,Female,Going ahead other,Car,Front,462,1
2012,60,2,Rural,Kerb,Other permanent object,Mid Junction - on roundabout or on main road,FORD,Male,Going ahead other,Van / Goods ,Offside,363,0
2012,75,10,Urban area,Bollard or refuge,Near/Offside crash barrier,Not at or within 20 metres of junction,PEUGEOT,Female,Going ahead right-hand bend,Car,Nearside,650,0
2012,77,9,Urban area,Parked vehicle,Road sign or traffic signal,Approaching junction or waiting/parked at junction approach,VOLVO,Female,Going ahead other,Car,Front,672,3
2012,67,1,Urban area,Parked vehicle,Road sign or traffic signal,Approaching junction or waiting/parked at junction approach,VOLKSWAGEN,Female,Going ahead other,Car,Front,596,5
2012,25,7,Rural,Kerb,Lamp post,Not at or within 20 metres of junction,RENAULT,Male,Going ahead right-hand bend,Car,Nearside,597,5
2012,65,6,Urban area,Kerb,Lamp post,Approaching junction or waiting/parked at junction approach,PEUGEOT,Male,Going ahead left-hand bend,Car,Offside,550,12
2012,25,6,Urban area,Kerb,Other permanent object,Mid Junction - on roundabout or on main road,VOLKSWAGEN,Female,Turning right,Car,Nearside,265,9
2012,19,3,Urban area,Other object,Near/Offside crash barrier,Not at or within 20 metres of junction,VOLKSWAGEN,Female,Parked,Car,Front,563,3
2012,59,9,Urban area,Kerb,Entered ditch,Cleared junction or waiting/parked at junction exit,HONDA,Female,Turning left,Car,Back,782,8
2012,20,15,Urban area,Any animal (except ridden horse),Tree,Not at or within 20 metres of junction,FORD,Male,Going ahead left-hand bend,Car,Back,494,1
2012,58,4,Urban area,Parked vehicle,Other permanent object,Not at or within 20 metres of junction,BMW,Male,Going ahead other,Car,Nearside,504,5
2012,23,8,Urban area,Kerb,Other permanent object,Not at or within 20 metres of junction,PEUGEOT,Male,Going ahead left-hand bend,Car,Offside,251,12
2012,57,5,Urban area,Kerb,Lamp post,Not at or within 20 metres of junction,BMW,Female,Going ahead right-hand bend,Car,Front,604,6
2012,77,7,Urban area,Other object,Lamp post,Not at or within 20 metres of junction,LAND ROVER,Male,Going ahead right-hand bend,Car,Front,301,9
2012,39,4,Urban area,Kerb,Other permanent object,Not at or within 20 metres of junction,BMW,Female,U-turn,Car,Front,227,10
2012,78,7,Rural,Bridge (side),Other permanent object,Not at or within 20 metres of junction,RENAULT,Female,Going ahead left-hand bend,Car,Front,455,0
2012,21,12,Urban area,Kerb,Central crash barrier,Cleared junction or waiting/parked at junction exit,FORD,Female,Changing lane to left,Car,Offside,460,9
2012,37,2,Urban area,Kerb,Entered ditch,Not at or within 20 metres of junction,FORD,Female,Going ahead other,Car,Front,704,0
2012,80,8,Rural,Kerb,Other permanent object,Mid Junction - on roundabout or on main road,PEUGEOT,Male,Going ahead other,Taxi/Private hire car,Nearside,520,11
2012,49,7,Rural,Kerb,Entered ditch,Not at or within 20 metres of junction,HONDA,Female,Going ahead right-hand bend,Car,Offside,328,12
2012,34,2,Rural,Kerb,Entered ditch,Not at or within 20 metres of junction,TOYOTA,Female,Going ahead right-hand bend,Car,Nearside,776,6
2012,60,10,Rural,Bollard or refuge,Road sign or traffic signal,Not at or within 20 metres of junction,RENAULT,Female,Going ahead left-hand bend,Car,Front,486,1
2012,64,11,Urban area,Kerb,Tree,Not at or within 20 metres of junction,VOLKSWAGEN,Male,Going ahead other,Car,Nearside,742,3
2012,49,5,Rural,Kerb,Other permanent object,Not at or within 20 metres of junction,SUZUKI,Female,Going ahead other,Car,Offside,396,9
2012,71,10,Urban area,Road works,Road sign or traffic signal,Leaving roundabout,NISSAN,Male,Going ahead other,Car,Front,737,12
2012,34,6,Urban area,Bollard or refuge,Near/Offside crash barrier,Not at or within 20 metres of junction,SUZUKI,Female,Going ahead left-hand bend,Car,Front,221,4
2012,78,10,Urban area,Bridge (side),Near/Offside crash barrier,Not at or within 20 metres of junction,PEUGEOT,Male,Going ahead other,Car,Front,335,7
2012,42,13,Urban area,Kerb,Near/Offside crash barrier,Not at or within 20 metres of junction,BMW,Female,Going ahead other,Car,Front,107,3
2012,70,13,Rural,Any animal (except ridden horse),Other permanent object,Not at or within 20 metres of junction,NISSAN,Male,Going ahead right-hand bend,Car,Front,210,1
2012,37,6,Urban area,Any animal (except ridden horse),Entered ditch,Not at or within 20 metres of junction,SUZUKI,Female,Going ahead other,Car,Front,693,9
2012,80,7,Small town,Kerb,Telegraph or electricity pole,Not at or within 20 metres of junction,RENAULT,Male,Going ahead left-hand bend,Car,Front,233,9
2012,58,8,Urban area,Central island of roundabout,Other permanent object,Entering roundabout,RENAULT,Male,Going ahead other,Car,Front,282,9
2012,34,14,Small town,Bollard or refuge,Near/Offside crash barrier,Not at or within 20 metres of junction,VOLKSWAGEN,Female,Going ahead left-hand bend,Car,Offside,558,8
2012,36,12,Urban area,Central island of roundabout,Road sign or traffic signal,Entering roundabout,BMW,Male,Going ahead other,Car,Front,657,12
2012,28,11,Small town,Kerb,Near/Offside crash barrier,Not at or within 20 metres of junction,ROVER,Female,Going ahead left-hand bend,Car,Front,291,9
2012,52,1,Urban area,Kerb,Lamp post,Approaching junction or waiting/parked at junction approach,MAZDA,Female,Going ahead other,Car,Front,476,10
2012,40,11,Urban area,Kerb,Other permanent object,Approaching junction or waiting/parked at junction approach,VOLKSWAGEN,Male,Turning left,Car,Front,312,5
2012,39,8,Urban area,Central island of roundabout,Road sign or traffic signal,Leaving roundabout,SKODA,Male,Going ahead other,Taxi/Private hire car,Front,671,12
2012,59,3,Urban area,Parked vehicle,Other permanent object,Mid Junction - on roundabout or on main road,SKODA,Male,Going ahead other,Taxi/Private hire car,Nearside,380,1
2013,27,3,Rural,Kerb,Road sign or traffic signal,Mid Junction - on roundabout or on main road,HARLEY-DAVIDSON,Male,Going ahead other,Motorcycle ,Front,593,12
2013,79,4,Urban area,Kerb,Road sign or traffic signal,Mid Junction - on roundabout or on main road,BMW,Male,Going ahead other,Car,Front,540,11
2013,67,10,Urban area,Kerb,Road sign or traffic signal,Mid Junction - on roundabout or on main road,FORD,Male,Going ahead other,Taxi/Private hire car,Front,786,5
2013,42,4,Urban area,Kerb,Other permanent object,Approaching junction or waiting/parked at junction approach,TOYOTA,Male,Going ahead other,Car,Front,716,4
2013,56,11,Urban area,Bollard or refuge,Lamp post,Approaching junction or waiting/parked at junction approach,CITROEN,Male,Changing lane to right,Car,Front,314,12
2013,17,2,Urban area,Any animal (except ridden horse),Other permanent object,Mid Junction - on roundabout or on main road,MASERATI,Male,Going ahead other,Car,Front,672,0
2013,34,10,Urban area,Kerb,Other permanent object,Mid Junction - on roundabout or on main road,TOYOTA,Female,Turning left,Car,Nearside,275,4
2013,41,5,Urban area,Kerb,Lamp post,Mid Junction - on roundabout or on main road,MERCEDES,Male,Going ahead other,Car,Front,661,5
2013,37,7,Urban area,Kerb,Near/Offside crash barrier,Not at or within 20 metres of junction,YAMAHA,Male,Going ahead other,Motorcycle ,Nearside,553,3
2013,63,5,Rural,Kerb,Other permanent object,Cleared junction or waiting/parked at junction exit,PEUGEOT,Female,Going ahead other,Car,Front,534,0
2013,40,1,Urban area,Kerb,Central crash barrier,Approaching junction or waiting/parked at junction approach,BMW,Male,Changing lane to right,Car,Offside,237,7
2013,59,1,Urban area,Kerb,Other permanent object,Mid Junction - on roundabout or on main road,RENAULT,Male,Turning right,Car,Front,192,7
2013,66,1,Urban area,Kerb,Central crash barrier,Mid Junction - on roundabout or on main road,VOLKSWAGEN,Female,Turning right,Car,Front,606,4
2013,80,13,Urban area,Kerb,Road sign or traffic signal,Not at or within 20 metres of junction,FORD,Male,Going ahead other,Car,Front,134,2
2013,55,4,Urban area,Kerb,Lamp post,Mid Junction - on roundabout or on main road,PEUGEOT,Male,Slowing or stopping,Car,Front,794,0
2013,74,10,Urban area,Kerb,Lamp post,Mid Junction - on roundabout or on main road,RENAULT,Male,Going ahead other,Car,Front,100,11
2013,39,2,Urban area,Kerb,Lamp post,Not at or within 20 metres of junction,FORD,Male,Going ahead other,Taxi/Private hire car,Front,123,1
2013,19,8,Urban area,Kerb,Tree,Not at or within 20 metres of junction,FORD,Male,Going ahead other,Car,Front,730,12
2013,19,12,Urban area,Kerb,Tree,Not at or within 20 metres of junction,VOLKSWAGEN,Male,Changing lane to left,Car,Front,412,10
2013,53,1,Urban area,Kerb,Lamp post,Not at or within 20 metres of junction,VOLKSWAGEN,Female,Going ahead other,Car,Front,671,3
2013,52,8,Urban area,Kerb,Tree,Not at or within 20 metres of junction,BENTLEY,Male,Going ahead other,Car,Front,184,7
2013,23,11,Urban area,Kerb,Other permanent object,Not at or within 20 metres of junction,FIAT,Female,Going ahead other,Car,Front,348,9
2013,29,10,Urban area,Kerb,Other permanent object,Approaching junction or waiting/parked at junction approach,HONDA,Male,Overtaking - nearside,Motorcycle 125cc and under,Offside,548,12
2013,44,2,Urban area,Kerb,Tree,Not at or within 20 metres of junction,RENAULT,Female,Changing lane to left,Car,Did not impact,435,7
2013,33,8,Urban area,Kerb,Other permanent object,Not at or within 20 metres of junction,MINI,Male,Going ahead other,Car,Nearside,775,0
2013,67,7,Urban area,Kerb,Other permanent object,Not at or within 20 metres of junction,PEUGEOT,Male,Overtaking - nearside,Car,Offside,243,11
2013,21,8,Urban area,Parked vehicle,Other permanent object,Not at or within 20 metres of junction,VOLKSWAGEN,Female,Reversing,Car,Back,460,10
2013,64,14,Urban area,Kerb,Road sign or traffic signal,Entering main road,TOYOTA,Male,Turning right,Car,Front,308,7
2013,40,6,Urban area,Kerb,Other permanent object,Mid Junction - on roundabout or on main road,VOLKSWAGEN,Male,Going ahead other,Taxi/Private hire car,Front,275,3
2013,71,11,Urban area,Kerb,Other permanent object,Mid Junction - on roundabout or on main road,CITROEN,Female,Waiting to go - held up,Car,Offside,419,1
2013,40,2,Urban area,Kerb,Other permanent object,Not at or within 20 metres of junction,VOLKSWAGEN,Male,Going ahead right-hand bend,Car,Nearside,344,1
2013,61,6,Urban area,Kerb,Road sign or traffic signal,Mid Junction - on roundabout or on main road,VOLKSWAGEN,Male,Turning right,Taxi/Private hire car,Front,777,4
2013,29,1,Urban area,Kerb,Lamp post,Not at or within 20 metres of junction,MINI,Male,Changing lane to left,Car,Front,406,3
2013,56,3,Urban area,Kerb,Lamp post,Mid Junction - on roundabout or on main road,TOYOTA,Male,Going ahead other,Taxi/Private hire car,Front,184,6
2013,39,4,Urban area,Kerb,Other permanent object,Approaching junction or waiting/parked at junction approach,BMW,Male,Going ahead other,Car,Front,568,6
2013,30,9,Urban area,Kerb,Road sign or traffic signal,Cleared junction or waiting/parked at junction exit,BMW,Male,Going ahead other,Car,Front,640,10
2013,72,12,Urban area,Kerb,Lamp post,Mid Junction - on roundabout or on main road,VOLVO,Male,Going ahead other,Car,Front,269,10
2013,69,9,Urban area,Kerb,Near/Offside crash barrier,Not at or within 20 metres of junction,FORD,Male,Going ahead other,Car,Offside,126,5
2013,60,5,Urban area,Kerb,Other permanent object,Mid Junction - on roundabout or on main road,MERCEDES,Male,Going ahead other,Car,Front,187,9
2013,17,15,Urban area,Kerb,Other permanent object,Approaching junction or waiting/parked at junction approach,BMW,Male,Reversing,Car,Back,509,4
2013,55,12,Urban area,Kerb,Lamp post,Cleared junction or waiting/parked at junction exit,BMW,Male,Going ahead other,Car,Front,162,5
2013,66,7,Urban area,Kerb,Lamp post,Not at or within 20 metres of junction,MERCEDES,Male,Going ahead other,Car,Front,644,1
2013,77,11,Urban area,Kerb,Lamp post,Not at or within 20 metres of junction,AUDI,Male,Reversing,Car,Back,799,2
2013,56,13,Urban area,Kerb,Near/Offside crash barrier,Cleared junction or waiting/parked at junction exit,BMW,Male,Going ahead other,Car,Nearside,774,10
2013,27,11,Urban area,Kerb,Other permanent object,Approaching junction or waiting/parked at junction approach,TOYOTA,Female,Going ahead other,Car,Front,667,3
2013,33,12,Urban area,Kerb,Other permanent object,Mid Junction - on roundabout or on main road,PEUGEOT,Male,Going ahead other,Car,Nearside,494,7
2013,32,5,Urban area,Kerb,Central crash barrier,Not at or within 20 metres of junction,BMW,Male,Going ahead other,Car,Back,626,7
2013,38,8,Urban area,Bollard or refuge,Road sign or traffic signal,Mid Junction - on roundabout or on main road,CITROEN,Male,Going ahead other,Van / Goods ,Nearside,311,12
2013,44,11,Urban area,Kerb,Lamp post,Approaching junction or waiting/parked at junction approach,RENAULT,Male,Going ahead left-hand bend,Car,Front,631,10
2013,36,4,Urban area,Kerb,Bus stop or bus shelter,Approaching junction or waiting/parked at junction approach,HONDA,Male,Going ahead other,Motorcycle 125cc and under,Front,135,4
2013,65,11,Urban area,Kerb,Other permanent object,Approaching junction or waiting/parked at junction approach,NISSAN,Female,Going ahead other,Car,Front,429,4
2013,20,6,Urban area,Kerb,Lamp post,Not at or within 20 metres of junction,VOLKSWAGEN,Male,Going ahead other,Car,Front,369,0
2013,46,12,Urban area,Kerb,Lamp post,Mid Junction - on roundabout or on main road,BMW,Male,Going ahead other,Car,Front,355,9
2013,31,9,Urban area,Kerb,Tree,Mid Junction - on roundabout or on main road,FORD,Male,Slowing or stopping,Taxi/Private hire car,Front,346,5
2013,69,5,Urban area,Kerb,Bus stop or bus shelter,Not at or within 20 metres of junction,SUBARU,Male,Going ahead other,Car,Front,153,3
2013,46,11,Urban area,Bollard or refuge,Near/Offside crash barrier,Not at or within 20 metres of junction,TOYOTA,Male,Changing lane to right,Car,Offside,673,1
2013,55,5,Urban area,Kerb,Near/Offside crash barrier,Approaching junction or waiting/parked at junction approach,VOLKSWAGEN,Male,Going ahead other,Car,Front,660,3
2013,52,12,Urban area,Kerb,Lamp post,Not at or within 20 metres of junction,RENAULT,Male,Going ahead other,Car,Front,344,7
2013,48,4,Urban area,Kerb,Other permanent object,Cleared junction or waiting/parked at junction exit,MAZDA,Male,Turning left,Car,Front,278,4
2013,36,7,Urban area,Kerb,Other permanent object,Not at or within 20 metres of junction,FORD,Male,Slowing or stopping,Car,Front,426,7
2013,70,11,Urban area,Parked vehicle,Other permanent object,Not at or within 20 metres of junction,HYUNDAI,Male,Going ahead left-hand bend,Car,Front,319,6
2013,27,7,Urban area,Kerb,Other permanent object,Mid Junction - on roundabout or on main road,JAGUAR,Male,Turning left,Car,Front,307,9
2013,79,2,Urban area,Kerb,Lamp post,Not at or within 20 metres of junction,TOYOTA,Male,Going ahead other,Car,Did not impact,148,0
2013,35,10,Urban area,Kerb,Other permanent object,Cleared junction or waiting/parked at junction exit,MINI,Female,Going ahead other,Car,Front,239,2
2013,52,2,Urban area,Kerb,Central crash barrier,Not at or within 20 metres of junction,HONDA,Male,Going ahead other,Motorcycle 125cc and under,Offside,312,1
2013,75,5,Urban area,Kerb,Tree,Not at or within 20 metres of junction,BMW,Female,Going ahead right-hand bend,Car,Front,754,6
2013,27,6,Urban area,Bollard or refuge,Lamp post,Not at or within 20 metres of junction,HONDA,Male,Overtaking moving vehicle - offside,Car,Front,455,12
2013,72,3,Urban area,Kerb,Lamp post,Mid Junction - on roundabout or on main road,TOYOTA,Female,Slowing or stopping,Car,Front,278,3
2013,32,1,Urban area,Kerb,Lamp post,Mid Junction - on roundabout or on main road,NISSAN,Male,Going ahead other,Car,Nearside,469,7
2013,59,9,Urban area,Kerb,Central crash barrier,Not at or within 20 metres of junction,RENAULT,Male,Going ahead other,Car,Front,460,6
2013,59,10,Urban area,Kerb,Other permanent object,Approaching junction or waiting/parked at junction approach,FORD,Male,Going ahead other,Car,Front,248,9
2013,72,9,Urban area,Kerb,Other permanent object,Cleared junction or waiting/parked at junction exit,FORD,Male,Turning left,Car,Front,702,0
2013,75,11,Urban area,Kerb,Lamp post,Mid Junction - on roundabout or on main road,AUDI,Male,Going ahead other,Car,Front,172,3
2013,55,5,Urban area,Kerb,Telegraph or electricity pole,Mid Junction - on roundabout or on main road,BMW,Male,Turning right,Car,Front,161,10
2013,70,8,Urban area,Kerb,Other permanent object,Approaching junction or waiting/parked at junction approach,RENAULT,Male,Reversing,Van / Goods ,Back,111,5
2013,23,8,Urban area,Kerb,Central crash barrier,Cleared junction or waiting/parked at junction exit,NISSAN,Female,Going ahead other,Car,Nearside,375,11
2013,17,13,Urban area,Kerb,Other permanent object,Mid Junction - on roundabout or on main road,SUZUKI,Male,Going ahead other,Motorcycle ,Front,661,5
2013,30,9,Urban area,Kerb,Tree,Not at or within 20 metres of junction,FORD,Male,Going ahead right-hand bend,Car,Front,195,11
2013,79,9,Urban area,Kerb,Tree,Not at or within 20 metres of junction,FORD,Female,Changing lane to left,Car,Front,269,0
2013,47,5,Urban area,Kerb,Road sign or traffic signal,Approaching junction or waiting/parked at junction approach,FORD,Male,Going ahead other,Van / Goods ,Front,316,10
2013,60,10,Urban area,Kerb,Road sign or traffic signal,Mid Junction - on roundabout or on main road,NISSAN,Male,Going ahead other,Car,Front,571,5
2013,41,9,Urban area,Kerb,Telegraph or electricity pole,Cleared junction or waiting/parked at junction exit,MERCEDES,Female,Going ahead other,Car,Front,408,2
2013,17,6,Urban area,Any animal (except ridden horse),Central crash barrier,Not at or within 20 metres of junction,VOLKSWAGEN,Female,Going ahead left-hand bend,Car,Offside,784,11
2013,43,6,Urban area,Kerb,Tree,Not at or within 20 metres of junction,TOYOTA,Female,Going ahead other,Car,Front,405,8
2013,53,15,Urban area,Parked vehicle,Other permanent object,Cleared junction or waiting/parked at junction exit,MERCEDES,Male,Turning right,Car,Front,755,2
2013,66,13,Urban area,Kerb,Other permanent object,Cleared junction or waiting/parked at junction exit,BMW,Male,Turning right,Car,Front,732,10
2013,36,12,Urban area,Kerb,Central crash barrier,Not at or within 20 metres of junction,TOYOTA,Male,Going ahead other,Car,Nearside,185,11
2013,77,1,Urban area,Kerb,Near/Offside crash barrier,Not at or within 20 metres of junction,LAMBORGHINI,Male,Going ahead other,Car,Front,186,0
2013,72,10,Urban area,Parked vehicle,Other permanent object,Not at or within 20 metres of junction,SKODA,Male,Moving off,Car,Front,457,10
2013,71,10,Urban area,Kerb,Other permanent object,Cleared junction or waiting/parked at junction exit,HYUNDAI,Female,Turning right,Car,Front,672,2
2013,34,3,Urban area,Kerb,Entered ditch,Not at or within 20 metres of junction,AUDI,Male,Going ahead other,Car,Front,474,10
2013,66,14,Urban area,Kerb,Central crash barrier,Approaching junction or waiting/parked at junction approach,VOLKSWAGEN,Male,Going ahead other,Car,Nearside,483,3
2013,54,13,Urban area,Kerb,Lamp post,Approaching junction or waiting/parked at junction approach,HONDA,Male,Going ahead other,Car,Front,190,3
2013,75,1,Urban area,Kerb,Other permanent object,Cleared junction or waiting/parked at junction exit,MERCEDES,Male,Going ahead other,Car,Front,797,2
2013,80,6,Rural,Kerb,Lamp post,Cleared junction or waiting/parked at junction exit,FORD,Male,Going ahead other,Van / Goods ,Front,747,9
2013,38,12,Urban area,Kerb,Other permanent object,Approaching junction or waiting/parked at junction approach,MERCEDES,Male,Going ahead other,Car,Front,153,12
2013,30,2,Urban area,Kerb,Other permanent object,Mid Junction - on roundabout or on main road,VOLKSWAGEN,Male,Going ahead other,Car,Front,666,8
2013,25,12,Urban area,Kerb,Road sign or traffic signal,Approaching junction or waiting/parked at junction approach,AUDI,Female,Going ahead other,Car,Front,387,0
2013,72,7,Urban area,Parked vehicle,Lamp post,Not at or within 20 metres of junction,SUZUKI,Female,Going ahead other,Car,Front,635,3
2013,58,5,Urban area,Kerb,Tree,Approaching junction or waiting/parked at junction approach,MERCEDES,Male,Going ahead left-hand bend,Car,Front,283,5
2013,62,5,Urban area,Kerb,Lamp post,Not at or within 20 metres of junction,FORD,Male,Going ahead other,Car,Front,511,1
2013,67,15,Urban area,Kerb,Lamp post,Mid Junction - on roundabout or on main road,MERCEDES,Female,Going ahead other,Car,Front,494,7
2013,29,6,Urban area,Kerb,Other permanent object,Mid Junction - on roundabout or on main road,KIA,Male,Moving off,Taxi/Private hire car,Front,216,6
2013,49,6,Urban area,Bollard or refuge,Central crash barrier,Not at or within 20 metres of junction,FIAT,Female,Going ahead other,Car,Offside,596,4
2013,31,1,Urban area,Kerb,Lamp post,Not at or within 20 metres of junction,NISSAN,Female,Going ahead other,Car,Front,338,10
2013,50,15,Urban area,Kerb,Bus stop or bus shelter,Mid Junction - on roundabout or on main road,BMW,Male,Going ahead other,Car,Nearside,406,3
2013,64,12,Urban area,Kerb,Tree,Approaching junction or waiting/parked at junction approach,FORD,Male,Going ahead other,Car,Back,697,1
2013,23,2,Urban area,Kerb,Other permanent object,Mid Junction - on roundabout or on main road,HONDA,Male,Going ahead other,Motorcycle 125cc and under,Front,346,6
2013,19,12,Urban area,Kerb,Near/Offside crash barrier,Not at or within 20 metres of junction,PEUGEOT,Female,Going ahead other,Car,Front,187,4
2013,17,10,Urban area,Kerb,Near/Offside crash barrier,Approaching junction or waiting/parked at junction approach,VOLKSWAGEN,Female,Turning left,Car,Nearside,200,8
2013,49,5,Urban area,Kerb,Other permanent object,Not at or within 20 metres of junction,RENAULT,Male,Going ahead other,Car,Front,646,10
2013,55,13,Urban area,Kerb,Other permanent object,Mid Junction - on roundabout or on main road,AUDI,Male,Moving off,Car,Offside,800,0
2013,55,12,Small town,Kerb,Other permanent object,Mid Junction - on roundabout or on main road,FORD,Male,Going ahead other,Car,Front,366,10
2013,47,5,Urban area,Kerb,Lamp post,Mid Junction - on roundabout or on main road,PORSCHE,Male,Going ahead other,Car,Front,385,5
2013,27,11,Urban area,Kerb,Other permanent object,Not at or within 20 metres of junction,MERCEDES,Male,Going ahead left-hand bend,Car,Front,221,1
2013,40,4,Urban area,Kerb,Other permanent object,Mid Junction - on roundabout or on main road,FIAT,Male,Going ahead other,Car,Front,358,3
2013,48,7,Urban area,Kerb,Lamp post,Not at or within 20 metres of junction,MERCEDES,Male,Going ahead other,Car,Front,306,11
2013,20,8,Urban area,Kerb,Lamp post,Approaching junction or waiting/parked at junction approach,RENAULT,Male,Going ahead other,Car,Front,364,1
2013,60,7,Urban area,Kerb,Lamp post,Cleared junction or waiting/parked at junction exit,PEUGEOT,Male,Going ahead other,Van / Goods ,Front,360,12
2013,48,7,Urban area,Kerb,Other permanent object,Not at or within 20 metres of junction,MERCEDES,Male,Going ahead other,Car,Front,548,0
2013,65,8,Urban area,Kerb,Lamp post,Not at or within 20 metres of junction,JAGUAR,Male,Going ahead other,Car,Front,159,1
2013,40,11,Urban area,Kerb,Tree,Not at or within 20 metres of junction,AUDI,Male,Going ahead other,Car,Front,518,1
2013,38,15,Rural,Kerb,Other permanent object,Mid Junction - on roundabout or on main road,HONDA,Male,Going ahead other,Motorcycle ,Did not impact,658,11
2013,42,11,Urban area,Kerb,Tree,Not at or within 20 metres of junction,FIAT,Male,Going ahead left-hand bend,Car,Offside,743,8
2013,55,5,Urban area,Kerb,Other permanent object,Not at or within 20 metres of junction,FIAT,Male,Going ahead other,Car,Front,452,11
2013,60,13,Urban area,Kerb,Other permanent object,Mid Junction - on roundabout or on main road,VOLKSWAGEN,Male,Going ahead other,Car,Offside,683,1
2013,19,14,Urban area,Kerb,Tree,Not at or within 20 metres of junction,TOYOTA,Male,Going ahead left-hand bend,Car,Front,650,7
2013,37,1,Urban area,Kerb,Lamp post,Not at or within 20 metres of junction,YAMAHA,Male,Going ahead other,Motorcycle ,Did not impact,685,3
2013,78,15,Urban area,Kerb,Telegraph or electricity pole,Not at or within 20 metres of junction,PEUGEOT,Female,Going ahead right-hand bend,Car,Front,466,9
2013,19,11,Urban area,Parked vehicle,Other permanent object,Not at or within 20 metres of junction,FIAT,Male,Going ahead other,Car,Front,472,12
2013,20,11,Urban area,Kerb,Other permanent object,Mid Junction - on roundabout or on main road,NISSAN,Female,Going ahead right-hand bend,Car,Nearside,603,10
2013,79,6,Urban area,Kerb,Other permanent object,Not at or within 20 metres of junction,FORD,Male,Going ahead other,Van / Goods ,Front,535,6
2013,73,1,Urban area,Kerb,Lamp post,Not at or within 20 metres of junction,CITROEN,Male,Going ahead other,Car,Front,639,9
2013,67,7,Urban area,Any animal (except ridden horse),Other permanent object,Not at or within 20 metres of junction,VOLKSWAGEN,Female,Turning left,Car,Front,373,3
2013,17,2,Urban area,Kerb,Road sign or traffic signal,Mid Junction - on roundabout or on main road,TOYOTA,Female,Going ahead other,Car,Nearside,647,6
2013,40,3,Urban area,Kerb,Road sign or traffic signal,Mid Junction - on roundabout or on main road,FIAT,Male,Going ahead other,Car,Nearside,211,1
2013,46,7,Urban area,Bollard or refuge,Other permanent object,Mid Junction - on roundabout or on main road,SAAB,Male,Turning right,Car,Offside,482,7
2013,21,15,Urban area,Kerb,Lamp post,Approaching junction or waiting/parked at junction approach,NISSAN,Female,Going ahead other,Car,Front,455,8
2013,76,3,Urban area,Kerb,Lamp post,Not at or within 20 metres of junction,YAMAHA,Male,Overtaking moving vehicle - offside,Motorcycle 125cc and under,Front,518,9
2013,19,10,Urban area,Bollard or refuge,Lamp post,Mid Junction - on roundabout or on main road,HONDA,Female,Turning right,Car,Front,349,6
2013,52,10,Urban area,Kerb,Other permanent object,Approaching junction or waiting/parked at junction approach,FORD,Male,Slowing or stopping,Car,Front,784,5
2013,20,14,Urban area,Kerb,Other permanent object,Not at or within 20 metres of junction,PEUGEOT,Male,Going ahead other,Car,Front,643,7
2013,43,10,Urban area,Kerb,Tree,Not at or within 20 metres of junction,TOYOTA,Female,Going ahead left-hand bend,Car,Front,103,8
2013,50,15,Urban area,Kerb,Road sign or traffic signal,Cleared junction or waiting/parked at junction exit,AUDI,Male,Going ahead other,Car,Front,511,2
2013,26,17,Urban area,Bollard or refuge,Lamp post,Not at or within 20 metres of junction,ROVER,Male,Going ahead other,Car,Front,711,8
2013,43,12,Urban area,Kerb,Other permanent object,Not at or within 20 metres of junction,VOLKSWAGEN,Female,Going ahead other,Car,Front,350,9
2013,46,10,Urban area,Bollard or refuge,Lamp post,Mid Junction - on roundabout or on main road,NISSAN,Male,Slowing or stopping,Car,Front,450,2
2013,40,15,Rural,Parked vehicle,Lamp post,Mid Junction - on roundabout or on main road,BMW,Male,Going ahead left-hand bend,Car,Front,262,9
2013,21,4,Urban area,Kerb,Tree,Mid Junction - on roundabout or on main road,AUDI,Female,Going ahead other,Car,Front,368,0
2013,29,8,Urban area,Kerb,Lamp post,Not at or within 20 metres of junction,YAMAHA,Male,Going ahead other,Motorcycle ,Front,495,9
2013,38,8,Urban area,Bollard or refuge,Other permanent object,Leaving main road,TOYOTA,Female,Turning left,Car,Nearside,193,1
2013,32,6,Urban area,Bollard or refuge,Lamp post,Cleared junction or waiting/parked at junction exit,VOLKSWAGEN,Female,Going ahead left-hand bend,Car,Front,726,10
2013,28,2,Urban area,Bollard or refuge,Other permanent object,Mid Junction - on roundabout or on main road,KIA,Male,Turning right,Car,Nearside,795,11
2013,35,11,Urban area,Kerb,Other permanent object,Not at or within 20 metres of junction,PEUGEOT,Male,Going ahead right-hand bend,Car,Offside,297,8
2013,24,11,Urban area,Bollard or refuge,Other permanent object,Cleared junction or waiting/parked at junction exit,TOYOTA,Male,Going ahead other,Car,Front,634,5