Year_N,Age_of_Driver_N,Age_of_Vehicle_N,Accident_Area_Type_C,On_road_object_hit_C,Off_road_object_hit _C,Junction_Location_C,Car_Make_C,Driver_Sex_C,Vehicle_Manoeuvre_C,Vehicle_Type_C,Point_of_Impact_C,Cost_of_Incident_N,Weeks_to_Repair_N
2013,42,9,Urban area,Kerb,Bus stop or bus shelter,Not at or within 20 metres of junction,HONDA,Male,Changing lane to left,Car,Nearside,606,10
2013,64,8,Urban area,Parked vehicle,Other permanent object,Approaching junction or waiting/parked at junction approach,VOLKSWAGEN,Male,Turning left,Van / Goods ,Back,455,3
2013,64,9,Urban area,Kerb,Lamp post,Not at or within 20 metres of junction,VOLKSWAGEN,Male,Going ahead other,Car,Front,433,5
2013,41,9,Urban area,Kerb,Lamp post,Mid Junction - on roundabout or on main road,BMW,Male,Going ahead other,Car,Front,189,3
2013,53,14,Urban area,Kerb,Central crash barrier,Not at or within 20 metres of junction,VOLKSWAGEN,Male,Going ahead other,Car,Front,244,9
2013,53,2,Urban area,Kerb,Tree,Not at or within 20 metres of junction,TOYOTA,Male,Going ahead other,Car,Front,312,11
2013,49,10,Urban area,Kerb,Road sign or traffic signal,Mid Junction - on roundabout or on main road,CITROEN,Male,Going ahead other,Van / Goods ,Front,100,6
2013,17,4,Urban area,Kerb,Tree,Cleared junction or waiting/parked at junction exit,NISSAN,Female,Turning left,Car,Front,409,8
2013,38,10,Urban area,Kerb,Near/Offside crash barrier,Not at or within 20 metres of junction,VOLKSWAGEN,Male,Going ahead other,Car,Front,201,3
2013,60,4,Urban area,Kerb,Near/Offside crash barrier,Not at or within 20 metres of junction,FORD,Female,Going ahead other,Car,Front,619,12
2013,59,10,Urban area,Parked vehicle,Other permanent object,Not at or within 20 metres of junction,RENAULT,Male,Going ahead left-hand bend,Car,Front,327,1
2013,28,7,Urban area,Kerb,Central crash barrier,Approaching junction or waiting/parked at junction approach,FORD,Male,Going ahead other,Car,Back,135,6
2013,40,9,Urban area,Kerb,Central crash barrier,Approaching junction or waiting/parked at junction approach,AUDI,Male,Going ahead other,Car,Offside,582,6
2013,67,1,Urban area,Road works,Tree,Not at or within 20 metres of junction,FORD,Male,Going ahead other,Car,Front,769,4
2013,23,3,Urban area,Kerb,Near/Offside crash barrier,Mid Junction - on roundabout or on main road,PEUGEOT,Male,Going ahead other,Van / Goods ,Nearside,526,2
2013,51,9,Urban area,Bollard or refuge,Road sign or traffic signal,Not at or within 20 metres of junction,HYUNDAI,Male,Going ahead other,Car,Front,394,10
2013,44,6,Urban area,Kerb,Central crash barrier,Not at or within 20 metres of junction,PEUGEOT,Male,Going ahead other,Van / Goods ,Front,663,11
2013,51,10,Urban area,Parked vehicle,Other permanent object,Cleared junction or waiting/parked at junction exit,VOLKSWAGEN,Male,Going ahead right-hand bend,Car,Front,388,1
2013,23,8,Urban area,Parked vehicle,Tree,Approaching junction or waiting/parked at junction approach,HONDA,Female,Going ahead other,Car,Front,195,2
2013,72,11,Urban area,Kerb,Other permanent object,Approaching junction or waiting/parked at junction approach,TOYOTA,Female,Slowing or stopping,Car,Nearside,366,0
2013,57,5,Urban area,Parked vehicle,Near/Offside crash barrier,Mid Junction - on roundabout or on main road,LEXUS,Female,Going ahead other,Car,Offside,472,8
2013,32,9,Urban area,Kerb,Other permanent object,Not at or within 20 metres of junction,FORD,Female,Slowing or stopping,Car,Front,291,7
2013,39,5,Urban area,Kerb,Other permanent object,Not at or within 20 metres of junction,MERCEDES,Male,Going ahead left-hand bend,Van / Goods ,Front,190,9
2013,41,2,Urban area,Bollard or refuge,Near/Offside crash barrier,Not at or within 20 metres of junction,VOLKSWAGEN,Female,Going ahead right-hand bend,Car,Nearside,607,1
2013,26,6,Urban area,Parked vehicle,Other permanent object,Approaching junction or waiting/parked at junction approach,NISSAN,Female,Turning right,Car,Front,548,3
2013,36,1,Urban area,Kerb,Other permanent object,Cleared junction or waiting/parked at junction exit,TOYOTA,Female,Overtaking static vehicle - offside,Car,Nearside,730,9
2013,74,10,Urban area,Kerb,Lamp post,Mid Junction - on roundabout or on main road,HONDA,Female,Going ahead other,Car,Offside,535,6
2013,51,4,Urban area,Kerb,Other permanent object,Cleared junction or waiting/parked at junction exit,VOLKSWAGEN,Male,Turning left,Car,Front,548,5
2013,47,11,Urban area,Bollard or refuge,Lamp post,Approaching junction or waiting/parked at junction approach,TOYOTA,Female,Going ahead other,Car,Nearside,628,7
2013,48,10,Urban area,Kerb,Lamp post,Not at or within 20 metres of junction,SKODA,Male,Going ahead other,Car,Nearside,771,6
2013,46,11,Urban area,Parked vehicle,Other permanent object,Cleared junction or waiting/parked at junction exit,BMW,Female,Waiting to go - held up,Car,Back,674,7
2013,40,3,Urban area,Parked vehicle,Tree,Approaching junction or waiting/parked at junction approach,TOYOTA,Male,Going ahead other,Car,Front,107,9
2013,40,12,Urban area,Parked vehicle,Other permanent object,Cleared junction or waiting/parked at junction exit,MERCEDES,Female,Turning left,Car,Front,189,2
2013,54,13,Urban area,Kerb,Telegraph or electricity pole,Not at or within 20 metres of junction,NISSAN,Female,Going ahead left-hand bend,Car,Front,570,1
2013,35,6,Urban area,Kerb,Other permanent object,Mid Junction - on roundabout or on main road,VOLKSWAGEN,Female,Turning left,Car,Front,450,12
2013,32,9,Urban area,Kerb,Other permanent object,Mid Junction - on roundabout or on main road,RENAULT,Male,Going ahead other,Car,Nearside,257,4
2013,17,10,Urban area,Kerb,Near/Offside crash barrier,Approaching junction or waiting/parked at junction approach,FORD,Male,Going ahead other,Car,Front,488,10
2013,30,11,Urban area,Kerb,Other permanent object,Not at or within 20 metres of junction,CITROEN,Male,Going ahead other,Car,Front,203,0
2013,56,4,Urban area,Bridge (side),Other permanent object,Mid Junction - on roundabout or on main road,AUDI,Male,Going ahead other,Car,Front,309,8
2013,54,4,Urban area,Kerb,Tree,Not at or within 20 metres of junction,FORD,Male,Going ahead other,Van / Goods ,Nearside,246,5
2013,61,8,Urban area,Parked vehicle,Other permanent object,Cleared junction or waiting/parked at junction exit,NISSAN,Male,Moving off,Car,Front,482,9
2013,76,11,Urban area,Kerb,Road sign or traffic signal,Approaching junction or waiting/parked at junction approach,KAWASAKI,Male,Going ahead other,Motorcycle ,Front,490,11
2013,53,1,Urban area,Kerb,Lamp post,Approaching junction or waiting/parked at junction approach,DUCATI,Male,Going ahead other,Motorcycle ,Nearside,161,11
2013,54,10,Urban area,Kerb,Other permanent object,Not at or within 20 metres of junction,PORSCHE,Male,Going ahead other,Car,Offside,704,0
2013,48,5,Urban area,Kerb,Other permanent object,Not at or within 20 metres of junction,HONDA,Male,Reversing,Car,Back,598,0
2013,69,3,Urban area,Kerb,Other permanent object,Not at or within 20 metres of junction,MERCEDES,Male,Going ahead right-hand bend,Car,Nearside,546,6
2013,59,16,Urban area,Kerb,Road sign or traffic signal,Not at or within 20 metres of junction,FORD,Female,Overtaking moving vehicle - offside,Car,Nearside,794,4
2013,28,12,Urban area,Kerb,Tree,Cleared junction or waiting/parked at junction exit,MERCEDES,Male,Going ahead other,Car,Front,440,12
2013,28,7,Urban area,Kerb,Other permanent object,Not at or within 20 metres of junction,FORD,Male,Going ahead other,Car,Front,163,9
2013,52,14,Urban area,Kerb,Other permanent object,Not at or within 20 metres of junction,VOLKSWAGEN,Female,Going ahead other,Car,Front,169,3
2013,46,12,Urban area,Kerb,Road sign or traffic signal,Mid Junction - on roundabout or on main road,CITROEN,Female,Going ahead other,Car,Front,740,5
2013,18,10,Urban area,Kerb,Other permanent object,Approaching junction or waiting/parked at junction approach,NISSAN,Male,Going ahead right-hand bend,Car,Front,393,9
2013,38,2,Urban area,Kerb,Other permanent object,Cleared junction or waiting/parked at junction exit,FIAT,Female,Slowing or stopping,Car,Back,327,1
2013,21,2,Urban area,Kerb,Lamp post,Not at or within 20 metres of junction,MERCEDES,Female,Going ahead other,Car,Offside,327,3
2013,35,4,Urban area,Bollard or refuge,Other permanent object,Cleared junction or waiting/parked at junction exit,FIAT,Female,Going ahead other,Car,Front,300,2
2013,48,7,Urban area,Kerb,Other permanent object,Approaching junction or waiting/parked at junction approach,TOYOTA,Male,Going ahead other,Taxi/Private hire car,Front,558,6
2013,52,9,Urban area,Kerb,Telegraph or electricity pole,Not at or within 20 metres of junction,NISSAN,Male,Going ahead other,Van / Goods ,Nearside,145,9
2013,61,5,Urban area,Kerb,Other permanent object,Mid Junction - on roundabout or on main road,VOLKSWAGEN,Male,Turning left,Car,Offside,196,2
2013,25,1,Urban area,Kerb,Lamp post,Mid Junction - on roundabout or on main road,FORD,Male,Going ahead left-hand bend,Car,Front,462,4
2013,80,5,Urban area,Kerb,Central crash barrier,Mid Junction - on roundabout or on main road,MAZDA,Male,Slowing or stopping,Car,Front,560,9
2013,67,5,Urban area,Kerb,Near/Offside crash barrier,Cleared junction or waiting/parked at junction exit,FORD,Male,Going ahead other,Car,Front,640,1
2013,21,6,Urban area,Kerb,Near/Offside crash barrier,Not at or within 20 metres of junction,BMW,Female,Going ahead other,Car,Front,715,0
2013,78,8,Urban area,Kerb,Other permanent object,Mid Junction - on roundabout or on main road,HONDA,Male,Turning right,Motorcycle 125cc and under,Front,522,0
2013,40,1,Urban area,Bollard or refuge,Submerged in water,Not at or within 20 metres of junction,RENAULT,Female,Going ahead other,Car,Front,789,9
2013,38,11,Urban area,Kerb,Road sign or traffic signal,Not at or within 20 metres of junction,TOYOTA,Male,Going ahead left-hand bend,Car,Nearside,505,5
2013,80,11,Urban area,Kerb,Other permanent object,Not at or within 20 metres of junction,ROVER,Male,Going ahead other,Car,Front,784,12
2013,31,5,Urban area,Kerb,Other permanent object,Not at or within 20 metres of junction,SKODA,Male,Going ahead other,Car,Front,486,7
2013,30,1,Urban area,Kerb,Other permanent object,Not at or within 20 metres of junction,HONDA,Female,Turning left,Motorcycle ,Front,285,4
2013,66,5,Urban area,Bollard or refuge,Lamp post,Approaching junction or waiting/parked at junction approach,BMW,Male,Going ahead other,Car,Front,207,1
2013,76,1,Urban area,Kerb,Other permanent object,Not at or within 20 metres of junction,HONDA,Male,Slowing or stopping,Motorcycle 125cc and under,Front,707,0
2013,29,5,Urban area,Kerb,Lamp post,Cleared junction or waiting/parked at junction exit,YAMAHA,Male,Going ahead right-hand bend,Motorcycle ,Front,401,6
2013,24,10,Urban area,Kerb,Lamp post,Mid Junction - on roundabout or on main road,RENAULT,Female,Going ahead other,Car,Front,481,1
2013,27,15,Urban area,Kerb,Tree,Mid Junction - on roundabout or on main road,VOLVO,Male,Going ahead other,Car,Front,587,5
2013,59,1,Urban area,Kerb,Other permanent object,Mid Junction - on roundabout or on main road,AUDI,Female,Turning right,Car,Nearside,478,8
2013,22,6,Urban area,Kerb,Near/Offside crash barrier,Not at or within 20 metres of junction,TOYOTA,Male,Going ahead other,Car,Nearside,700,5
2013,43,16,Urban area,Kerb,Tree,Not at or within 20 metres of junction,TOYOTA,Male,Going ahead other,Car,Front,262,7
2013,79,12,Urban area,Kerb,Road sign or traffic signal,Approaching junction or waiting/parked at junction approach,LEXUS,Male,Going ahead other,Car,Front,189,3
2013,42,12,Urban area,Parked vehicle,Other permanent object,Not at or within 20 metres of junction,PEUGEOT,Male,Going ahead other,Car,Front,268,10
2013,31,6,Urban area,Kerb,Lamp post,Cleared junction or waiting/parked at junction exit,MINI,Male,Going ahead other,Car,Front,400,6
2013,47,2,Urban area,Kerb,Lamp post,Mid Junction - on roundabout or on main road,FORD,Female,Overtaking - nearside,Car,Front,250,2
2013,29,7,Urban area,Kerb,Other permanent object,Leaving main road,CHEVROLET,Male,Turning left,Car,Back,316,2
2013,46,2,Urban area,Kerb,Other permanent object,Mid Junction - on roundabout or on main road,MINI,Male,Going ahead other,Car,Front,751,0
2013,80,1,Urban area,Kerb,Other permanent object,Not at or within 20 metres of junction,TOYOTA,Male,Going ahead other,Car,Front,207,5
2013,64,5,Urban area,Kerb,Other permanent object,Not at or within 20 metres of junction,AUDI,Male,Going ahead other,Car,Offside,183,1
2013,67,6,Urban area,Kerb,Road sign or traffic signal,Mid Junction - on roundabout or on main road,VOLVO,Male,Going ahead other,Car,Front,115,4
2013,31,9,Urban area,Kerb,Other permanent object,Approaching junction or waiting/parked at junction approach,RENAULT,Male,Going ahead other,Van / Goods ,Front,347,3
2013,36,13,Urban area,Kerb,Other permanent object,Approaching junction or waiting/parked at junction approach,HONDA,Female,Going ahead other,Car,Front,540,4
2013,27,19,Urban area,Kerb,Road sign or traffic signal,Mid Junction - on roundabout or on main road,TOYOTA,Male,Changing lane to right,Car,Did not impact,754,6
2013,80,19,Urban area,Kerb,Road sign or traffic signal,Mid Junction - on roundabout or on main road,NISSAN,Female,Going ahead other,Car,Front,474,5
2013,19,5,Urban area,Kerb,Near/Offside crash barrier,Not at or within 20 metres of junction,MERCEDES,Male,Going ahead other,Van / Goods ,Nearside,265,4
2013,78,12,Urban area,Kerb,Other permanent object,Mid Junction - on roundabout or on main road,VOLKSWAGEN,Female,Going ahead other,Car,Nearside,266,5
2013,47,11,Urban area,Kerb,Central crash barrier,Approaching junction or waiting/parked at junction approach,HYUNDAI,Male,Going ahead other,Car,Front,645,11
2013,59,1,Urban area,Kerb,Lamp post,Not at or within 20 metres of junction,AUDI,Male,Going ahead other,Car,Front,781,5
2013,30,10,Urban area,Kerb,Other permanent object,Mid Junction - on roundabout or on main road,PEUGEOT,Female,Going ahead other,Car,Front,495,1
2013,56,2,Urban area,Kerb,Other permanent object,Not at or within 20 metres of junction,HONDA,Female,Parked,Car,Back,796,1
2013,27,8,Urban area,Parked vehicle,Other permanent object,Approaching junction or waiting/parked at junction approach,FORD,Male,Changing lane to right,Car,Offside,303,8
2013,44,1,Urban area,Kerb,Other permanent object,Approaching junction or waiting/parked at junction approach,AUDI,Female,Going ahead other,Car,Front,388,6
2013,66,4,Urban area,Kerb,Tree,Not at or within 20 metres of junction,MERCEDES,Male,Overtaking moving vehicle - offside,Car,Nearside,236,0
2013,80,3,Urban area,Kerb,Lamp post,Not at or within 20 metres of junction,FORD,Male,Going ahead other,Car,Offside,455,8
2013,65,7,Urban area,Kerb,Other permanent object,Mid Junction - on roundabout or on main road,BMW,Female,Turning right,Car,Front,318,9
2013,73,12,Urban area,Kerb,Other permanent object,Not at or within 20 metres of junction,PEUGEOT,Male,Going ahead other,Car,Front,309,1
2013,61,7,Urban area,Kerb,Other permanent object,Not at or within 20 metres of junction,KIA,Female,Going ahead other,Car,Front,783,2
2013,68,1,Urban area,Kerb,Other permanent object,Not at or within 20 metres of junction,HONDA,Male,Going ahead left-hand bend,Motorcycle ,Offside,786,9
2013,71,6,Urban area,Kerb,Lamp post,Mid Junction - on roundabout or on main road,DODGE (USA),Male,Going ahead other,Car,Nearside,458,11
2013,24,1,Urban area,Bollard or refuge,Telegraph or electricity pole,Mid Junction - on roundabout or on main road,CITROEN,Male,Turning right,Car,Offside,783,9
2013,20,12,Urban area,Central island of roundabout,Road sign or traffic signal,Mid Junction - on roundabout or on main road,MERCEDES,Male,Going ahead other,Car,Front,305,11
2013,77,12,Urban area,Kerb,Lamp post,Cleared junction or waiting/parked at junction exit,NISSAN,Female,Turning right,Car,Front,771,10
2013,68,10,Urban area,Kerb,Tree,Not at or within 20 metres of junction,TOYOTA,Female,Going ahead other,Car,Front,106,5
2013,25,11,Urban area,Bollard or refuge,Near/Offside crash barrier,Approaching junction or waiting/parked at junction approach,PEUGEOT,Female,Going ahead left-hand bend,Car,Front,756,10
2013,20,4,Urban area,Bollard or refuge,Road sign or traffic signal,Mid Junction - on roundabout or on main road,FORD,Male,Going ahead other,Car,Front,516,1
2013,40,1,Urban area,Kerb,Other permanent object,Cleared junction or waiting/parked at junction exit,HYUNDAI,Male,Slowing or stopping,Car,Front,533,2
2013,29,9,Urban area,Kerb,Other permanent object,Cleared junction or waiting/parked at junction exit,MERCEDES,Male,Going ahead right-hand bend,Car,Front,651,8
2013,72,6,Urban area,Central island of roundabout,Lamp post,Mid Junction - on roundabout or on main road,MERCEDES,Male,Going ahead other,Car,Front,570,9
2013,35,13,Urban area,Bollard or refuge,Other permanent object,Mid Junction - on roundabout or on main road,NISSAN,Male,Going ahead other,Car,Offside,235,1
2013,45,1,Urban area,Kerb,Tree,Not at or within 20 metres of junction,MERCEDES,Male,Going ahead other,Car,Nearside,329,3
2013,42,4,Urban area,Parked vehicle,Other permanent object,Approaching junction or waiting/parked at junction approach,TOYOTA,Male,Going ahead other,Car,Front,786,11
2013,46,11,Urban area,Kerb,Other permanent object,Cleared junction or waiting/parked at junction exit,LEXUS,Female,Going ahead other,Car,Front,295,12
2013,74,8,Urban area,Kerb,Telegraph or electricity pole,Not at or within 20 metres of junction,HONDA,Male,Going ahead other,Motorcycle 125cc and under,Front,201,3
2013,43,11,Urban area,Central island of roundabout,Road sign or traffic signal,Mid Junction - on roundabout or on main road,MINI,Female,Going ahead other,Car,Nearside,673,8
2013,37,6,Urban area,Kerb,Tree,Not at or within 20 metres of junction,HYUNDAI,Male,Going ahead other,Car,Front,201,7
2013,42,7,Urban area,Kerb,Lamp post,Cleared junction or waiting/parked at junction exit,AUDI,Male,Going ahead other,Car,Front,642,3
2013,36,6,Urban area,Kerb,Telegraph or electricity pole,Not at or within 20 metres of junction,HONDA,Male,Going ahead other,Car,Front,290,7
2013,72,5,Urban area,Kerb,Other permanent object,Mid Junction - on roundabout or on main road,HONDA,Male,Reversing,Car,Nearside,668,8
2013,64,11,Urban area,Kerb,Central crash barrier,Not at or within 20 metres of junction,ALFA ROMEO,Female,Going ahead other,Car,Back,654,10
2013,40,12,Urban area,Kerb,Road sign or traffic signal,Not at or within 20 metres of junction,FORD,Female,Going ahead other,Car,Back,781,2
2013,63,11,Urban area,Kerb,Central crash barrier,Leaving roundabout,BMW,Male,Going ahead other,Car,Nearside,646,11
2013,25,10,Urban area,Kerb,Other permanent object,Mid Junction - on roundabout or on main road,PEUGEOT,Female,Going ahead other,Car,Front,187,12
2013,69,6,Urban area,Kerb,Near/Offside crash barrier,Mid Junction - on roundabout or on main road,RENAULT,Male,Going ahead other,Car,Offside,790,8
2013,39,2,Urban area,Kerb,Lamp post,Cleared junction or waiting/parked at junction exit,FORD,Male,Turning left,Car,Offside,179,6
2013,32,8,Urban area,Kerb,Lamp post,Cleared junction or waiting/parked at junction exit,VOLKSWAGEN,Male,Going ahead other,Car,Did not impact,666,2
2013,19,2,Urban area,Bollard or refuge,Road sign or traffic signal,Not at or within 20 metres of junction,MERCEDES,Male,Going ahead other,Car,Front,181,4
2013,56,6,Urban area,Kerb,Central crash barrier,Not at or within 20 metres of junction,MINI,Male,Changing lane to right,Car,Offside,524,11
2013,23,5,Urban area,Kerb,Road sign or traffic signal,Mid Junction - on roundabout or on main road,BMW,Male,Going ahead other,Car,Nearside,250,0
2013,45,4,Rural,Kerb,Near/Offside crash barrier,Mid Junction - on roundabout or on main road,BMW,Male,Going ahead other,Car,Front,489,4
2013,31,10,Urban area,Parked vehicle,Other permanent object,Not at or within 20 metres of junction,ROVER,Male,Going ahead other,Car,Offside,494,6
2013,21,14,Urban area,Parked vehicle,Other permanent object,Not at or within 20 metres of junction,HONDA,Male,Going ahead other,Car,Front,108,7
2013,47,10,Urban area,Kerb,Near/Offside crash barrier,Mid Junction - on roundabout or on main road,FORD,Male,Slowing or stopping,Car,Front,355,1
2013,79,12,Urban area,Kerb,Bus stop or bus shelter,Not at or within 20 metres of junction,FORD,Male,Slowing or stopping,Car,Front,213,2
2013,73,11,Urban area,Kerb,Other permanent object,Mid Junction - on roundabout or on main road,HONDA,Female,Going ahead other,Car,Nearside,530,8
2013,72,14,Urban area,Bollard or refuge,Road sign or traffic signal,Mid Junction - on roundabout or on main road,TOYOTA,Male,Slowing or stopping,Car,Front,357,3
2013,50,21,Urban area,Kerb,Lamp post,Not at or within 20 metres of junction,JAGUAR,Male,Overtaking - nearside,Car,Offside,368,10
2013,24,13,Urban area,Kerb,Lamp post,Not at or within 20 metres of junction,VOLKSWAGEN,Male,Going ahead left-hand bend,Car,Nearside,471,6
2013,78,13,Urban area,Kerb,Other permanent object,Approaching junction or waiting/parked at junction approach,HYUNDAI,Male,Moving off,Car,Front,443,12
2013,49,6,Urban area,Parked vehicle,Lamp post,Not at or within 20 metres of junction,VOLKSWAGEN,Male,Moving off,Taxi/Private hire car,Back,556,9
2013,56,10,Urban area,Parked vehicle,Other permanent object,Not at or within 20 metres of junction,FORD,Male,Going ahead other,Car,Front,200,12
2013,51,3,Urban area,Parked vehicle,Tree,Not at or within 20 metres of junction,NISSAN,Male,Going ahead other,Car,Nearside,663,11
2013,49,7,Urban area,Kerb,Road sign or traffic signal,Approaching junction or waiting/parked at junction approach,SUZUKI,Female,Going ahead other,Car,Front,606,4
2013,31,15,Urban area,Parked vehicle,Road sign or traffic signal,Not at or within 20 metres of junction,NISSAN,Male,Going ahead other,Car,Front,249,8
2013,32,9,Urban area,Kerb,Road sign or traffic signal,Cleared junction or waiting/parked at junction exit,HONDA,Female,Parked,Car,Back,356,0
2013,30,5,Urban area,Kerb,Tree,Not at or within 20 metres of junction,BMW,Male,Going ahead right-hand bend,Car,Front,609,10
2013,71,5,Urban area,Kerb,Near/Offside crash barrier,Mid Junction - on roundabout or on main road,MINI,Female,Changing lane to left,Car,Front,359,8
2013,61,5,Urban area,Kerb,Near/Offside crash barrier,Not at or within 20 metres of junction,MINI,Female,Going ahead other,Car,Nearside,130,8
2013,61,4,Urban area,Kerb,Other permanent object,Mid Junction - on roundabout or on main road,BMW,Female,Going ahead other,Car,Front,313,4
2013,53,10,Urban area,Kerb,Telegraph or electricity pole,Cleared junction or waiting/parked at junction exit,PEUGEOT,Female,Going ahead left-hand bend,Car,Front,330,9
2013,66,10,Urban area,Kerb,Other permanent object,Cleared junction or waiting/parked at junction exit,PEUGEOT,Female,Going ahead other,Car,Offside,452,8
2013,24,10,Urban area,Kerb,Other permanent object,Cleared junction or waiting/parked at junction exit,SKODA,Male,Going ahead left-hand bend,Car,Offside,228,4
2013,27,7,Urban area,Kerb,Lamp post,Not at or within 20 metres of junction,VOLKSWAGEN,Male,Going ahead right-hand bend,Car,Nearside,629,11
2013,66,13,Urban area,Kerb,Road sign or traffic signal,Approaching junction or waiting/parked at junction approach,JAGUAR,Male,Going ahead other,Car,Front,203,12
2013,30,9,Urban area,Bollard or refuge,Other permanent object,Cleared junction or waiting/parked at junction exit,HONDA,Male,Turning left,Motorcycle 125cc and under,Nearside,722,9
2013,32,7,Urban area,Parked vehicle,Other permanent object,Not at or within 20 metres of junction,FIAT,Female,Going ahead other,Car,Front,310,4
2013,72,7,Small town,Bollard or refuge,Other permanent object,Approaching junction or waiting/parked at junction approach,VOLKSWAGEN,Female,Waiting to turn right,Car,Front,426,2
2013,76,7,Urban area,Bollard or refuge,Near/Offside crash barrier,Mid Junction - on roundabout or on main road,FORD,Female,Going ahead other,Car,Front,661,12
2013,36,11,Small town,Kerb,Other permanent object,Cleared junction or waiting/parked at junction exit,TOYOTA,Female,Going ahead other,Car,Front,458,6
2013,75,5,Urban area,Bollard or refuge,Road sign or traffic signal,Approaching junction or waiting/parked at junction approach,FORD,Male,Going ahead other,Car,Front,430,11
2013,34,12,Urban area,Kerb,Other permanent object,Mid Junction - on roundabout or on main road,FORD,Female,Going ahead left-hand bend,Car,Nearside,207,5
2013,53,12,Urban area,Other object,Central crash barrier,Not at or within 20 metres of junction,VOLVO,Male,Going ahead other,Car,Offside,293,5
2013,37,7,Urban area,Bollard or refuge,Road sign or traffic signal,Not at or within 20 metres of junction,PEUGEOT,Male,Going ahead other,Car,Nearside,350,5
2013,57,7,Urban area,Bollard or refuge,Near/Offside crash barrier,Mid Junction - on roundabout or on main road,RENAULT,Female,Going ahead right-hand bend,Car,Front,244,11
2013,46,12,Urban area,Bollard or refuge,Other permanent object,Approaching junction or waiting/parked at junction approach,PEUGEOT,Male,Turning right,Car,Nearside,666,2
2013,31,14,Rural,Other object,Other permanent object,Approaching junction or waiting/parked at junction approach,CITROEN,Male,Going ahead other,Car,Back,169,9
2013,71,11,Urban area,Bridge (side),Entered ditch,Not at or within 20 metres of junction,RENAULT,Male,Going ahead right-hand bend,Car,Front,640,7
2013,32,4,Urban area,Kerb,Near/Offside crash barrier,Not at or within 20 metres of junction,PEUGEOT,Male,Going ahead left-hand bend,Car,Did not impact,639,6
2013,28,1,Urban area,Bollard or refuge,Road sign or traffic signal,Mid Junction - on roundabout or on main road,MERCEDES,Male,Going ahead other,Car,Nearside,313,10
2013,57,14,Urban area,Kerb,Other permanent object,Not at or within 20 metres of junction,FORD,Female,Going ahead left-hand bend,Car,Front,563,6
2013,27,4,Urban area,Kerb,Road sign or traffic signal,Not at or within 20 metres of junction,PEUGEOT,Male,Going ahead right-hand bend,Car,Front,672,2
2013,36,14,Urban area,Other object,Near/Offside crash barrier,Cleared junction or waiting/parked at junction exit,BMW,Male,Turning left,Car,Front,540,12
2013,29,17,Urban area,Central island of roundabout,Other permanent object,Entering roundabout,FORD,Female,Going ahead other,Car,Front,426,9
2013,38,6,Urban area,Kerb,Lamp post,Approaching junction or waiting/parked at junction approach,VOLKSWAGEN,Male,Going ahead other,Car,Front,414,7
2013,57,13,Urban area,Kerb,Lamp post,Approaching junction or waiting/parked at junction approach,NISSAN,Male,Going ahead right-hand bend,Car,Front,445,6
2013,71,11,Urban area,Other object,Other permanent object,Not at or within 20 metres of junction,NISSAN,Male,Going ahead other,Car,Front,682,4
2013,30,13,Urban area,Kerb,Lamp post,Not at or within 20 metres of junction,MITSUBISHI,Female,Going ahead other,Car,Front,765,0
2013,65,16,Urban area,Kerb,Other permanent object,Not at or within 20 metres of junction,FORD,Male,Going ahead other,Car,Front,184,1
2013,38,2,Urban area,Kerb,Near/Offside crash barrier,Not at or within 20 metres of junction,RENAULT,Female,Going ahead other,Car,Front,569,0
2013,23,10,Rural,Kerb,Tree,Not at or within 20 metres of junction,RENAULT,Male,Going ahead left-hand bend,Car,Back,337,2
2013,72,9,Small town,Kerb,Other permanent object,Not at or within 20 metres of junction,BMW,Male,Going ahead left-hand bend,Car,Front,709,12
2013,29,7,Urban area,Kerb,Road sign or traffic signal,Entering roundabout,FORD,Female,Going ahead other,Car,Front,671,11
2013,28,6,Urban area,Other object,Lamp post,Not at or within 20 metres of junction,BMW,Male,Going ahead other,Car,Front,360,10
2013,27,16,Urban area,Central island of roundabout,Other permanent object,Entering roundabout,SUZUKI,Male,Going ahead other,Motorcycle ,Front,596,11
2013,60,9,Small town,Bollard or refuge,Road sign or traffic signal,Approaching junction or waiting/parked at junction approach,NISSAN,Male,Going ahead other,Car,Front,721,2
2013,52,7,Urban area,Bollard or refuge,Road sign or traffic signal,Mid Junction - on roundabout or on main road,TOYOTA,Female,Turning right,Car,Front,565,6
2013,57,5,Urban area,Parked vehicle,Other permanent object,Cleared junction or waiting/parked at junction exit,TOYOTA,Female,Going ahead other,Car,Front,505,1
2013,21,4,Urban area,Kerb,Other permanent object,Mid Junction - on roundabout or on main road,AUDI,Male,Turning left,Car,Front,318,0
2013,80,12,Urban area,Parked vehicle,Other permanent object,Mid Junction - on roundabout or on main road,TOYOTA,Male,Going ahead other,Taxi/Private hire car,Nearside,409,4